{"directed": false, "multigraph": false, "graph": {}, "nodes": [{"x": 9161.0, "y": 9213.0, "id": 5280}, {"x": 9163.0, "y": 9400.0, "id": 5281}, {"x": 9024.0, "y": 9264.0, "id": 5272}, {"x": 9013.0, "y": 9351.0, "id": 5273}, {"x": 8919.0, "y": 9394.0, "id": 5274}, {"x": 9083.0, "y": 9402.0, "id": 5275}, {"x": 9116.0, "y": 9307.0, "id": 5276}, {"x": 9214.0, "y": 9267.0, "id": 5277}, {"x": 9085.0, "y": 9207.0, "id": 5278}, {"x": 9214.0, "y": 9345.0, "id": 5279}], "links": [{"source": 5280, "target": 5276}, {"source": 5281, "target": 5276}, {"source": 5272, "target": 5273}, {"source": 5272, "target": 5276}, {"source": 5273, "target": 5274}, {"source": 5273, "target": 5275}, {"source": 5273, "target": 5276}, {"source": 5275, "target": 5276}, {"source": 5276, "target": 5277}, {"source": 5276, "target": 5278}, {"source": 5276, "target": 5279}], "similarity": "0.8700614961064574"}