{"directed": false, "multigraph": false, "graph": {}, "nodes": [{"x": 6797.0, "y": 9352.0, "id": 9538}, {"x": 6899.0, "y": 9305.0, "id": 9539}, {"x": 6995.0, "y": 9265.0, "id": 9540}, {"x": 6868.0, "y": 9403.0, "id": 9541}, {"x": 6945.0, "y": 9211.0, "id": 9542}, {"x": 6810.0, "y": 9255.0, "id": 9543}, {"x": 6999.0, "y": 9338.0, "id": 9544}, {"x": 6869.0, "y": 9206.0, "id": 9545}, {"x": 6942.0, "y": 9401.0, "id": 9546}, {"x": 6706.0, "y": 9399.0, "id": 9547}], "links": [{"source": 9538, "target": 9539}, {"source": 9538, "target": 9547}, {"source": 9538, "target": 9541}, {"source": 9539, "target": 9540}, {"source": 9539, "target": 9541}, {"source": 9539, "target": 9542}, {"source": 9539, "target": 9543}, {"source": 9539, "target": 9544}, {"source": 9539, "target": 9545}, {"source": 9539, "target": 9546}, {"source": 9544, "target": 9546}], "similarity": "0.8608422519347255"}