{"directed": false, "multigraph": false, "graph": {}, "nodes": [{"x": 17854.0, "y": 22714.0, "id": 32513}, {"x": 17954.0, "y": 22722.0, "id": 32514}, {"x": 17483.0, "y": 22581.0, "id": 32515}, {"x": 17415.0, "y": 22817.0, "id": 32519}, {"x": 17543.0, "y": 22661.0, "id": 32525}, {"x": 17554.0, "y": 22758.0, "id": 32526}, {"x": 17541.0, "y": 22562.0, "id": 32531}, {"x": 17294.0, "y": 22632.0, "id": 32532}, {"x": 17656.0, "y": 22788.0, "id": 32533}, {"x": 17835.0, "y": 22812.0, "id": 32535}, {"x": 17915.0, "y": 22637.0, "id": 32540}, {"x": 17818.0, "y": 22663.0, "id": 32544}, {"x": 17274.0, "y": 22791.0, "id": 32480}, {"x": 17658.0, "y": 22958.0, "id": 32484}, {"x": 17380.0, "y": 22676.0, "id": 32485}, {"x": 17612.0, "y": 22868.0, "id": 32486}, {"x": 17743.0, "y": 22744.0, "id": 32492}, {"x": 17569.0, "y": 22958.0, "id": 32493}, {"x": 17610.0, "y": 22749.0, "id": 32494}, {"x": 17934.0, "y": 22839.0, "id": 32503}, {"x": 17366.0, "y": 22763.0, "id": 32504}, {"x": 17476.0, "y": 22735.0, "id": 32505}, {"x": 18019.0, "y": 22797.0, "id": 32509}, {"x": 17986.0, "y": 22580.0, "id": 32511}], "links": [{"weight": 3, "source": 32513, "target": 32492}, {"weight": 2, "source": 32513, "target": 32540}, {"weight": 1, "source": 32513, "target": 32514}, {"weight": 1, "source": 32514, "target": 32509}, {"weight": 3, "source": 32514, "target": 32540}, {"weight": 1, "source": 32515, "target": 32525}, {"weight": 1, "source": 32519, "target": 32505}, {"weight": 1, "source": 32525, "target": 32494}, {"weight": 2, "source": 32525, "target": 32505}, {"weight": 4, "source": 32525, "target": 32526}, {"weight": 13, "source": 32525, "target": 32531}, {"weight": 10, "source": 32526, "target": 32494}, {"weight": 18, "source": 32526, "target": 32505}, {"weight": 6, "source": 32526, "target": 32533}, {"weight": 3, "source": 32532, "target": 32485}, {"weight": 1, "source": 32533, "target": 32486}, {"weight": 6, "source": 32533, "target": 32492}, {"weight": 2, "source": 32535, "target": 32492}, {"weight": 16, "source": 32535, "target": 32503}, {"weight": 1, "source": 32540, "target": 32511}, {"weight": 1, "source": 32540, "target": 32544}, {"weight": 14, "source": 32544, "target": 32492}, {"weight": 6, "source": 32480, "target": 32504}, {"weight": 1, "source": 32484, "target": 32493}, {"weight": 2, "source": 32484, "target": 32486}, {"weight": 1, "source": 32485, "target": 32505}, {"weight": 1, "source": 32485, "target": 32504}, {"weight": 3, "source": 32486, "target": 32494}, {"weight": 3, "source": 32486, "target": 32493}, {"weight": 11, "source": 32492, "target": 32494}, {"weight": 5, "source": 32494, "target": 32505}, {"weight": 1, "source": 32503, "target": 32509}, {"weight": 1, "source": 32504, "target": 32505}], "similarity": "0.7714028584743319"}