{"directed": false, "multigraph": false, "graph": {}, "nodes": [{"x": 24495.0, "y": 26581.0, "id": 19456}, {"x": 24759.0, "y": 26475.0, "id": 19458}, {"x": 24701.0, "y": 26555.0, "id": 19459}, {"x": 24658.0, "y": 26468.0, "id": 19433}, {"x": 24594.0, "y": 26549.0, "id": 19447}, {"x": 24803.0, "y": 26563.0, "id": 19453}], "links": [{"weight": 24, "source": 19456, "target": 19447}, {"weight": 11, "source": 19458, "target": 19433}, {"weight": 2, "source": 19458, "target": 19453}, {"weight": 2, "source": 19458, "target": 19459}, {"weight": 1, "source": 19459, "target": 19433}, {"weight": 20, "source": 19459, "target": 19447}, {"weight": 9, "source": 19459, "target": 19453}, {"weight": 1, "source": 19433, "target": 19447}], "similarity": "0.7648808633001188"}