{"directed": false, "multigraph": false, "graph": {}, "nodes": [{"x": 23620.0, "y": 21158.0, "id": 11104}, {"x": 23383.0, "y": 21298.0, "id": 11108}, {"x": 23135.0, "y": 21122.0, "id": 11079}, {"x": 23542.0, "y": 21233.0, "id": 11100}, {"x": 23639.0, "y": 21261.0, "id": 11081}, {"x": 23583.0, "y": 21332.0, "id": 11116}, {"x": 23706.0, "y": 21110.0, "id": 11053}, {"x": 23630.0, "y": 21418.0, "id": 11117}, {"x": 23429.0, "y": 21208.0, "id": 11066}, {"x": 23323.0, "y": 21180.0, "id": 11099}, {"x": 23389.0, "y": 21115.0, "id": 11068}, {"x": 23225.0, "y": 21149.0, "id": 11069}], "links": [{"weight": 7, "source": 11104, "target": 11053}, {"weight": 1, "source": 11104, "target": 11100}, {"weight": 12, "source": 11108, "target": 11066}, {"weight": 1, "source": 11079, "target": 11069}, {"weight": 2, "source": 11100, "target": 11066}, {"weight": 26, "source": 11100, "target": 11081}, {"weight": 1, "source": 11100, "target": 11116}, {"weight": 1, "source": 11081, "target": 11116}, {"weight": 27, "source": 11116, "target": 11117}, {"weight": 8, "source": 11066, "target": 11068}, {"weight": 4, "source": 11066, "target": 11099}, {"weight": 5, "source": 11099, "target": 11068}, {"weight": 1, "source": 11099, "target": 11069}], "similarity": "0.7266512079546679"}