{"directed": false, "multigraph": false, "graph": {}, "nodes": [{"x": 19550.0, "y": 24641.0, "id": 37345}, {"x": 19644.0, "y": 24614.0, "id": 37310}, {"x": 19653.0, "y": 24675.0, "id": 37320}, {"x": 19481.0, "y": 24567.0, "id": 37329}, {"x": 19591.0, "y": 24718.0, "id": 37333}, {"x": 19702.0, "y": 24515.0, "id": 37303}, {"x": 19380.0, "y": 24531.0, "id": 37304}, {"x": 19699.0, "y": 24595.0, "id": 37305}, {"x": 19590.0, "y": 24586.0, "id": 37342}, {"x": 19726.0, "y": 24755.0, "id": 37311}], "links": [{"weight": 33, "source": 37345, "target": 37310}, {"weight": 1, "source": 37345, "target": 37320}, {"weight": 2, "source": 37345, "target": 37329}, {"weight": 1, "source": 37345, "target": 37333}, {"weight": 2, "source": 37310, "target": 37303}, {"weight": 3, "source": 37310, "target": 37333}, {"weight": 1, "source": 37320, "target": 37305}, {"weight": 1, "source": 37320, "target": 37311}, {"weight": 44, "source": 37320, "target": 37333}, {"weight": 1, "source": 37320, "target": 37342}, {"weight": 1, "source": 37329, "target": 37304}, {"weight": 5, "source": 37329, "target": 37342}, {"weight": 1, "source": 37303, "target": 37305}, {"weight": 1, "source": 37305, "target": 37342}], "similarity": "0.8119979429411501"}