{"directed": false, "multigraph": false, "graph": {}, "nodes": [{"x": 11208.0, "y": 24359.0, "id": 29760}, {"x": 11101.0, "y": 24337.0, "id": 29765}, {"x": 10954.0, "y": 24468.0, "id": 29766}, {"x": 10822.0, "y": 24197.0, "id": 29770}, {"x": 11399.0, "y": 24423.0, "id": 29776}, {"x": 11485.0, "y": 24440.0, "id": 29780}, {"x": 11016.0, "y": 24390.0, "id": 29782}, {"x": 11307.0, "y": 24387.0, "id": 29783}, {"x": 10903.0, "y": 24252.0, "id": 29787}, {"x": 11004.0, "y": 24289.0, "id": 29788}, {"x": 11023.0, "y": 24189.0, "id": 29790}], "links": [{"weight": 5, "source": 29760, "target": 29783}, {"weight": 1, "source": 29760, "target": 29765}, {"weight": 3, "source": 29765, "target": 29788}, {"weight": 1, "source": 29765, "target": 29782}, {"weight": 1, "source": 29766, "target": 29782}, {"weight": 6, "source": 29770, "target": 29787}, {"weight": 4, "source": 29776, "target": 29780}, {"weight": 2, "source": 29776, "target": 29783}, {"weight": 4, "source": 29782, "target": 29788}, {"weight": 12, "source": 29787, "target": 29788}, {"weight": 142, "source": 29788, "target": 29790}], "similarity": "0.7069979871584883"}