{"directed": false, "multigraph": false, "graph": {}, "nodes": [{"x": 20644.0, "y": 25671.0, "id": 291}, {"x": 20480.0, "y": 25510.0, "id": 292}, {"x": 20558.0, "y": 25617.0, "id": 296}, {"x": 20261.0, "y": 25683.0, "id": 274}, {"x": 20576.0, "y": 25520.0, "id": 275}, {"x": 20355.0, "y": 25646.0, "id": 283}, {"x": 20452.0, "y": 25607.0, "id": 285}], "links": [{"weight": 20, "source": 291, "target": 296}, {"weight": 32, "source": 292, "target": 275}, {"weight": 1, "source": 292, "target": 285}, {"weight": 1, "source": 296, "target": 275}, {"weight": 5, "source": 296, "target": 285}, {"weight": 21, "source": 274, "target": 283}, {"weight": 4, "source": 283, "target": 285}], "similarity": "0.7052214390576259"}