{"directed": false, "multigraph": false, "graph": {}, "nodes": [{"x": 8428.0, "y": 26484.0, "id": 29440}, {"x": 8528.0, "y": 26489.0, "id": 29443}, {"x": 8687.0, "y": 26588.0, "id": 29446}, {"x": 8632.0, "y": 26508.0, "id": 29450}, {"x": 8736.0, "y": 26505.0, "id": 29455}, {"x": 8937.0, "y": 26461.0, "id": 29457}, {"x": 8839.0, "y": 26479.0, "id": 29462}], "links": [{"weight": 14, "source": 29440, "target": 29443}, {"weight": 1, "source": 29443, "target": 29450}, {"weight": 13, "source": 29446, "target": 29450}, {"weight": 2, "source": 29446, "target": 29455}, {"weight": 1, "source": 29450, "target": 29455}, {"weight": 5, "source": 29455, "target": 29462}, {"weight": 14, "source": 29457, "target": 29462}], "similarity": "0.7045638767423834"}