{"directed": false, "multigraph": false, "graph": {}, "nodes": [{"x": 2974.0, "y": 23911.0, "id": 33452}, {"x": 2942.0, "y": 23817.0, "id": 33458}, {"x": 2560.0, "y": 23963.0, "id": 33460}, {"x": 2087.0, "y": 23933.0, "id": 33462}, {"x": 2593.0, "y": 23883.0, "id": 33464}, {"x": 2681.0, "y": 24007.0, "id": 33465}, {"x": 2491.0, "y": 23900.0, "id": 33470}, {"x": 2669.0, "y": 23923.0, "id": 33474}, {"x": 2052.0, "y": 24003.0, "id": 33478}, {"x": 2877.0, "y": 23894.0, "id": 33485}, {"x": 2165.0, "y": 23991.0, "id": 33487}, {"x": 2115.0, "y": 24084.0, "id": 33494}, {"x": 2225.0, "y": 24036.0, "id": 33495}, {"x": 2771.0, "y": 23934.0, "id": 33499}, {"x": 2766.0, "y": 24083.0, "id": 33500}, {"x": 2525.0, "y": 24060.0, "id": 33502}, {"x": 2736.0, "y": 23845.0, "id": 33504}, {"x": 2536.0, "y": 23852.0, "id": 33506}, {"x": 2294.0, "y": 23980.0, "id": 33509}, {"x": 1995.0, "y": 23923.0, "id": 33510}, {"x": 2681.0, "y": 24108.0, "id": 33518}, {"x": 1957.0, "y": 24009.0, "id": 33519}, {"x": 2838.0, "y": 24152.0, "id": 33524}, {"x": 2424.0, "y": 23973.0, "id": 33527}], "links": [{"weight": 3, "source": 33452, "target": 33485}, {"weight": 2, "source": 33458, "target": 33485}, {"weight": 3, "source": 33460, "target": 33527}, {"weight": 1, "source": 33460, "target": 33465}, {"weight": 1, "source": 33460, "target": 33502}, {"weight": 1, "source": 33460, "target": 33474}, {"weight": 5, "source": 33460, "target": 33470}, {"weight": 13, "source": 33460, "target": 33464}, {"weight": 5, "source": 33460, "target": 33506}, {"weight": 18, "source": 33462, "target": 33478}, {"weight": 4, "source": 33462, "target": 33510}, {"weight": 1, "source": 33462, "target": 33487}, {"weight": 1, "source": 33464, "target": 33474}, {"weight": 42, "source": 33464, "target": 33506}, {"weight": 5, "source": 33464, "target": 33470}, {"weight": 2, "source": 33465, "target": 33500}, {"weight": 1, "source": 33465, "target": 33499}, {"weight": 1, "source": 33465, "target": 33518}, {"weight": 14, "source": 33470, "target": 33506}, {"weight": 6, "source": 33474, "target": 33499}, {"weight": 3, "source": 33474, "target": 33504}, {"weight": 17, "source": 33478, "target": 33510}, {"weight": 1, "source": 33478, "target": 33519}, {"weight": 1, "source": 33478, "target": 33487}, {"weight": 1, "source": 33485, "target": 33499}, {"weight": 1, "source": 33487, "target": 33494}, {"weight": 1, "source": 33487, "target": 33495}, {"weight": 2, "source": 33487, "target": 33509}, {"weight": 2, "source": 33495, "target": 33509}, {"weight": 2, "source": 33499, "target": 33504}, {"weight": 3, "source": 33500, "target": 33524}, {"weight": 1, "source": 33509, "target": 33527}], "similarity": "0.7513629955519586"}