{"directed": false, "multigraph": false, "graph": {}, "nodes": [{"x": 4953.0, "y": 25344.0, "id": 6784}, {"x": 4767.0, "y": 25447.0, "id": 6785}, {"x": 5141.0, "y": 25298.0, "id": 6791}, {"x": 4722.0, "y": 25395.0, "id": 6797}, {"x": 4949.0, "y": 25290.0, "id": 6798}, {"x": 5129.0, "y": 25468.0, "id": 6771}, {"x": 5177.0, "y": 25382.0, "id": 6804}, {"x": 4957.0, "y": 25403.0, "id": 6774}, {"x": 4757.0, "y": 25336.0, "id": 6777}, {"x": 4844.0, "y": 25383.0, "id": 6778}, {"x": 5033.0, "y": 25475.0, "id": 6780}, {"x": 5065.0, "y": 25379.0, "id": 6783}], "links": [{"weight": 7, "source": 6784, "target": 6774}, {"weight": 2, "source": 6784, "target": 6778}, {"weight": 2, "source": 6784, "target": 6783}, {"weight": 2, "source": 6785, "target": 6777}, {"weight": 2, "source": 6785, "target": 6778}, {"weight": 2, "source": 6785, "target": 6797}, {"weight": 2, "source": 6791, "target": 6783}, {"weight": 38, "source": 6791, "target": 6804}, {"weight": 2, "source": 6797, "target": 6777}, {"weight": 4, "source": 6797, "target": 6778}, {"weight": 1, "source": 6798, "target": 6774}, {"weight": 2, "source": 6771, "target": 6780}, {"weight": 1, "source": 6771, "target": 6783}, {"weight": 1, "source": 6804, "target": 6783}, {"weight": 2, "source": 6774, "target": 6780}, {"weight": 1, "source": 6774, "target": 6783}, {"weight": 2, "source": 6774, "target": 6778}, {"weight": 8, "source": 6777, "target": 6778}, {"weight": 45, "source": 6780, "target": 6783}], "similarity": "0.7246573018525413"}