{"directed": false, "multigraph": false, "graph": {}, "nodes": [{"x": 2158.0, "y": 21779.0, "id": 22708}, {"x": 2190.0, "y": 21625.0, "id": 22712}, {"x": 2514.0, "y": 22015.0, "id": 22714}, {"x": 2175.0, "y": 22038.0, "id": 22715}, {"x": 2123.0, "y": 22016.0, "id": 22720}, {"x": 2569.0, "y": 21966.0, "id": 22725}, {"x": 2130.0, "y": 21682.0, "id": 22736}, {"x": 2363.0, "y": 21863.0, "id": 22737}, {"x": 2342.0, "y": 21554.0, "id": 22740}, {"x": 2650.0, "y": 22008.0, "id": 22742}, {"x": 2226.0, "y": 21722.0, "id": 22744}, {"x": 2271.0, "y": 21898.0, "id": 22745}, {"x": 2463.0, "y": 21867.0, "id": 22750}, {"x": 2173.0, "y": 21935.0, "id": 22752}, {"x": 2241.0, "y": 21838.0, "id": 22753}, {"x": 1993.0, "y": 22024.0, "id": 22754}, {"x": 2465.0, "y": 21933.0, "id": 22756}, {"x": 2375.0, "y": 21642.0, "id": 22759}, {"x": 2405.0, "y": 21787.0, "id": 22760}, {"x": 2302.0, "y": 21798.0, "id": 22761}, {"x": 2378.0, "y": 21749.0, "id": 22762}, {"x": 2284.0, "y": 21631.0, "id": 22765}, {"x": 2065.0, "y": 21959.0, "id": 22766}], "links": [{"weight": 11, "source": 22708, "target": 22744}, {"weight": 2, "source": 22708, "target": 22753}, {"weight": 4, "source": 22712, "target": 22736}, {"weight": 1, "source": 22712, "target": 22744}, {"weight": 1, "source": 22714, "target": 22756}, {"weight": 1, "source": 22715, "target": 22752}, {"weight": 2, "source": 22720, "target": 22752}, {"weight": 1, "source": 22720, "target": 22766}, {"weight": 2, "source": 22725, "target": 22742}, {"weight": 1, "source": 22725, "target": 22756}, {"weight": 4, "source": 22736, "target": 22744}, {"weight": 6, "source": 22737, "target": 22762}, {"weight": 15, "source": 22737, "target": 22761}, {"weight": 9, "source": 22737, "target": 22745}, {"weight": 2, "source": 22737, "target": 22756}, {"weight": 2, "source": 22737, "target": 22753}, {"weight": 17, "source": 22737, "target": 22760}, {"weight": 3, "source": 22737, "target": 22750}, {"weight": 3, "source": 22740, "target": 22759}, {"weight": 13, "source": 22740, "target": 22765}, {"weight": 4, "source": 22744, "target": 22753}, {"weight": 1, "source": 22744, "target": 22761}, {"weight": 1, "source": 22744, "target": 22765}, {"weight": 15, "source": 22745, "target": 22761}, {"weight": 1, "source": 22745, "target": 22752}, {"weight": 1, "source": 22752, "target": 22766}, {"weight": 2, "source": 22752, "target": 22753}, {"weight": 1, "source": 22754, "target": 22766}, {"weight": 2, "source": 22759, "target": 22762}, {"weight": 1, "source": 22759, "target": 22765}, {"weight": 1, "source": 22760, "target": 22761}, {"weight": 22, "source": 22761, "target": 22762}], "similarity": "0.7966610342038848"}