{"directed": false, "multigraph": false, "graph": {}, "nodes": [{"x": 15340.0, "y": 26464.0, "id": 34661}, {"x": 15544.0, "y": 26507.0, "id": 34663}, {"x": 15603.0, "y": 26584.0, "id": 34665}, {"x": 15746.0, "y": 26472.0, "id": 34652}, {"x": 15647.0, "y": 26498.0, "id": 34653}, {"x": 15439.0, "y": 26484.0, "id": 34655}], "links": [{"weight": 9, "source": 34661, "target": 34655}, {"weight": 1, "source": 34663, "target": 34653}, {"weight": 1, "source": 34663, "target": 34655}, {"weight": 17, "source": 34663, "target": 34665}, {"weight": 1, "source": 34665, "target": 34653}, {"weight": 1, "source": 34652, "target": 34653}], "similarity": "0.7648808633001188"}