{"directed": false, "multigraph": false, "graph": {}, "nodes": [{"x": 26405.0, "y": 3539.0, "id": 12652}, {"x": 26300.0, "y": 3522.0, "id": 12626}, {"x": 26508.0, "y": 3524.0, "id": 12627}, {"x": 26335.0, "y": 3612.0, "id": 12629}, {"x": 26198.0, "y": 3506.0, "id": 12630}, {"x": 26235.0, "y": 3598.0, "id": 12635}], "links": [{"weight": 4, "source": 12652, "target": 12626}, {"weight": 2, "source": 12652, "target": 12627}, {"weight": 23, "source": 12652, "target": 12629}, {"weight": 178, "source": 12626, "target": 12635}, {"weight": 3, "source": 12626, "target": 12629}, {"weight": 3, "source": 12626, "target": 12630}, {"weight": 8, "source": 12629, "target": 12635}, {"weight": 1, "source": 12630, "target": 12635}], "similarity": "0.7648808633001188"}