{"directed": false, "multigraph": false, "graph": {}, "nodes": [{"x": 9742.0, "y": 24125.0, "id": 26754}, {"x": 8813.0, "y": 23909.0, "id": 26724}, {"x": 9327.0, "y": 24018.0, "id": 26725}, {"x": 9348.0, "y": 23916.0, "id": 26790}, {"x": 9640.0, "y": 24011.0, "id": 26789}, {"x": 8875.0, "y": 23986.0, "id": 26793}, {"x": 8969.0, "y": 24047.0, "id": 26730}, {"x": 8880.0, "y": 24070.0, "id": 26731}, {"x": 9361.0, "y": 23820.0, "id": 26794}, {"x": 9460.0, "y": 24149.0, "id": 26735}, {"x": 8791.0, "y": 24037.0, "id": 26800}, {"x": 9088.0, "y": 24034.0, "id": 26736}, {"x": 9440.0, "y": 24053.0, "id": 26737}, {"x": 9649.0, "y": 24113.0, "id": 26767}, {"x": 9208.0, "y": 24026.0, "id": 26804}, {"x": 8898.0, "y": 24133.0, "id": 26806}, {"x": 8962.0, "y": 24138.0, "id": 26745}, {"x": 9555.0, "y": 24063.0, "id": 26750}], "links": [{"weight": 7, "source": 26754, "target": 26767}, {"weight": 1, "source": 26724, "target": 26793}, {"weight": 1, "source": 26725, "target": 26737}, {"weight": 1, "source": 26725, "target": 26790}, {"weight": 2, "source": 26725, "target": 26804}, {"weight": 1, "source": 26790, "target": 26794}, {"weight": 6, "source": 26789, "target": 26750}, {"weight": 9, "source": 26793, "target": 26730}, {"weight": 1, "source": 26793, "target": 26800}, {"weight": 5, "source": 26730, "target": 26736}, {"weight": 5, "source": 26730, "target": 26806}, {"weight": 1, "source": 26730, "target": 26731}, {"weight": 9, "source": 26730, "target": 26745}, {"weight": 7, "source": 26731, "target": 26745}, {"weight": 3, "source": 26731, "target": 26800}, {"weight": 2, "source": 26731, "target": 26806}, {"weight": 3, "source": 26735, "target": 26737}, {"weight": 1, "source": 26736, "target": 26804}, {"weight": 68, "source": 26737, "target": 26750}, {"weight": 1, "source": 26767, "target": 26750}, {"weight": 6, "source": 26806, "target": 26745}], "similarity": "0.8558411920581225"}