{"directed": false, "multigraph": false, "graph": {}, "nodes": [{"x": 3862.0, "y": 26016.0, "id": 39506}, {"x": 3654.0, "y": 25990.0, "id": 39507}, {"x": 3430.0, "y": 26021.0, "id": 39509}, {"x": 3842.0, "y": 25928.0, "id": 39511}, {"x": 3717.0, "y": 26068.0, "id": 39513}, {"x": 3757.0, "y": 25968.0, "id": 39514}, {"x": 3577.0, "y": 25915.0, "id": 39515}, {"x": 3768.0, "y": 26016.0, "id": 39516}, {"x": 3537.0, "y": 26005.0, "id": 39518}], "links": [{"weight": 1, "source": 39506, "target": 39514}, {"weight": 1, "source": 39506, "target": 39511}, {"weight": 1, "source": 39506, "target": 39516}, {"weight": 13, "source": 39507, "target": 39515}, {"weight": 16, "source": 39507, "target": 39518}, {"weight": 1, "source": 39507, "target": 39514}, {"weight": 1, "source": 39507, "target": 39513}, {"weight": 1, "source": 39507, "target": 39516}, {"weight": 1, "source": 39509, "target": 39518}, {"weight": 5, "source": 39511, "target": 39516}, {"weight": 2, "source": 39511, "target": 39514}, {"weight": 4, "source": 39513, "target": 39514}, {"weight": 1, "source": 39514, "target": 39516}, {"weight": 1, "source": 39515, "target": 39518}], "similarity": "0.7365895075034008"}