{"directed": false, "multigraph": false, "graph": {}, "nodes": [{"x": 3510.0, "y": 22323.0, "id": 38295}, {"x": 3579.0, "y": 22246.0, "id": 38303}, {"x": 3438.0, "y": 22072.0, "id": 38312}, {"x": 3512.0, "y": 22475.0, "id": 38316}, {"x": 3604.0, "y": 22518.0, "id": 38317}, {"x": 3804.0, "y": 22262.0, "id": 38319}, {"x": 4000.0, "y": 22105.0, "id": 38330}, {"x": 3731.0, "y": 22427.0, "id": 38331}, {"x": 3570.0, "y": 22410.0, "id": 38335}, {"x": 3799.0, "y": 22363.0, "id": 38337}, {"x": 3977.0, "y": 22491.0, "id": 38339}, {"x": 3594.0, "y": 22286.0, "id": 38341}, {"x": 3503.0, "y": 22154.0, "id": 38343}, {"x": 3939.0, "y": 22082.0, "id": 38344}, {"x": 3620.0, "y": 22436.0, "id": 38345}, {"x": 3679.0, "y": 22333.0, "id": 38350}, {"x": 3666.0, "y": 22227.0, "id": 38351}, {"x": 3457.0, "y": 22434.0, "id": 38353}, {"x": 3895.0, "y": 22429.0, "id": 38354}, {"x": 4005.0, "y": 22162.0, "id": 38356}, {"x": 3908.0, "y": 22177.0, "id": 38357}, {"x": 3566.0, "y": 22519.0, "id": 38359}, {"x": 3748.0, "y": 22285.0, "id": 38361}], "links": [{"weight": 1, "source": 38295, "target": 38335}, {"weight": 1, "source": 38295, "target": 38341}, {"weight": 24, "source": 38295, "target": 38303}, {"weight": 1, "source": 38303, "target": 38351}, {"weight": 1, "source": 38303, "target": 38350}, {"weight": 1, "source": 38303, "target": 38343}, {"weight": 1, "source": 38312, "target": 38343}, {"weight": 3, "source": 38316, "target": 38345}, {"weight": 3, "source": 38316, "target": 38335}, {"weight": 1, "source": 38316, "target": 38359}, {"weight": 1, "source": 38317, "target": 38335}, {"weight": 2, "source": 38317, "target": 38345}, {"weight": 5, "source": 38319, "target": 38350}, {"weight": 5, "source": 38319, "target": 38337}, {"weight": 3, "source": 38319, "target": 38361}, {"weight": 2, "source": 38319, "target": 38357}, {"weight": 1, "source": 38330, "target": 38344}, {"weight": 2, "source": 38330, "target": 38356}, {"weight": 1, "source": 38330, "target": 38357}, {"weight": 1, "source": 38331, "target": 38350}, {"weight": 10, "source": 38335, "target": 38350}, {"weight": 8, "source": 38335, "target": 38345}, {"weight": 1, "source": 38335, "target": 38359}, {"weight": 1, "source": 38335, "target": 38353}, {"weight": 23, "source": 38337, "target": 38350}, {"weight": 5, "source": 38337, "target": 38361}, {"weight": 3, "source": 38337, "target": 38354}, {"weight": 2, "source": 38339, "target": 38354}, {"weight": 1, "source": 38341, "target": 38351}, {"weight": 1, "source": 38341, "target": 38350}, {"weight": 16, "source": 38344, "target": 38356}, {"weight": 4, "source": 38344, "target": 38357}, {"weight": 12, "source": 38345, "target": 38350}, {"weight": 1, "source": 38345, "target": 38359}, {"weight": 3, "source": 38350, "target": 38351}, {"weight": 6, "source": 38350, "target": 38361}, {"weight": 4, "source": 38356, "target": 38357}], "similarity": "0.818182789432213"}