{"directed": false, "multigraph": false, "graph": {}, "nodes": [{"x": 5508.0, "y": 24457.0, "id": 10723}, {"x": 5866.0, "y": 24286.0, "id": 10775}, {"x": 5959.0, "y": 24265.0, "id": 10761}, {"x": 5565.0, "y": 24271.0, "id": 10730}, {"x": 5595.0, "y": 24470.0, "id": 10764}, {"x": 5811.0, "y": 24186.0, "id": 10702}, {"x": 5361.0, "y": 24445.0, "id": 10767}, {"x": 5559.0, "y": 24373.0, "id": 10714}, {"x": 5655.0, "y": 24314.0, "id": 10706}, {"x": 5513.0, "y": 24187.0, "id": 10743}, {"x": 5761.0, "y": 24276.0, "id": 10778}, {"x": 5450.0, "y": 24393.0, "id": 10716}], "links": [{"weight": 1, "source": 10723, "target": 10714}, {"weight": 1, "source": 10723, "target": 10716}, {"weight": 21, "source": 10723, "target": 10764}, {"weight": 3, "source": 10775, "target": 10761}, {"weight": 1, "source": 10775, "target": 10778}, {"weight": 3, "source": 10730, "target": 10706}, {"weight": 2, "source": 10730, "target": 10714}, {"weight": 2, "source": 10730, "target": 10743}, {"weight": 1, "source": 10764, "target": 10714}, {"weight": 2, "source": 10702, "target": 10778}, {"weight": 3, "source": 10767, "target": 10716}, {"weight": 2, "source": 10714, "target": 10706}, {"weight": 1, "source": 10714, "target": 10716}, {"weight": 1, "source": 10706, "target": 10778}], "similarity": "0.8096878445391197"}