{"directed": false, "multigraph": false, "graph": {}, "nodes": [{"x": 13785.0, "y": 24610.0, "id": 14114}, {"x": 13709.0, "y": 24669.0, "id": 14115}, {"x": 13986.0, "y": 24712.0, "id": 14116}, {"x": 13792.0, "y": 24510.0, "id": 14117}, {"x": 13803.0, "y": 24701.0, "id": 14118}, {"x": 14077.0, "y": 24760.0, "id": 14119}, {"x": 13572.0, "y": 24555.0, "id": 14120}, {"x": 13891.0, "y": 24656.0, "id": 14121}, {"x": 13715.0, "y": 24564.0, "id": 14122}, {"x": 13671.0, "y": 24586.0, "id": 14123}, {"x": 13988.0, "y": 24621.0, "id": 14124}, {"x": 13642.0, "y": 24748.0, "id": 14125}], "links": [{"weight": 1, "source": 14114, "target": 14117}, {"weight": 1, "source": 14114, "target": 14121}, {"weight": 8, "source": 14114, "target": 14115}, {"weight": 5, "source": 14114, "target": 14118}, {"weight": 1, "source": 14114, "target": 14123}, {"weight": 2, "source": 14115, "target": 14118}, {"weight": 1, "source": 14115, "target": 14123}, {"weight": 3, "source": 14115, "target": 14125}, {"weight": 2, "source": 14115, "target": 14122}, {"weight": 1, "source": 14116, "target": 14121}, {"weight": 2, "source": 14116, "target": 14124}, {"weight": 1, "source": 14116, "target": 14119}, {"weight": 2, "source": 14117, "target": 14122}, {"weight": 4, "source": 14118, "target": 14121}, {"weight": 2, "source": 14120, "target": 14123}, {"weight": 1, "source": 14121, "target": 14124}], "similarity": "0.7089175569585667"}