{"directed": false, "multigraph": false, "graph": {}, "nodes": [{"x": 13963.0, "y": 24814.0, "id": 29441}, {"x": 14365.0, "y": 24934.0, "id": 29444}, {"x": 14060.0, "y": 24856.0, "id": 29445}, {"x": 14278.0, "y": 24898.0, "id": 29451}, {"x": 14163.0, "y": 24910.0, "id": 29453}, {"x": 14149.0, "y": 24804.0, "id": 29456}, {"x": 14364.0, "y": 24838.0, "id": 29459}, {"x": 14447.0, "y": 24994.0, "id": 29460}, {"x": 14064.0, "y": 24950.0, "id": 29461}, {"x": 14255.0, "y": 24959.0, "id": 29463}, {"x": 14150.0, "y": 24994.0, "id": 29464}, {"x": 14198.0, "y": 25021.0, "id": 29465}, {"x": 14349.0, "y": 24980.0, "id": 29439}], "links": [{"weight": 2, "source": 29441, "target": 29445}, {"weight": 2, "source": 29444, "target": 29459}, {"weight": 1, "source": 29444, "target": 29460}, {"weight": 5, "source": 29444, "target": 29463}, {"weight": 1, "source": 29445, "target": 29453}, {"weight": 5, "source": 29451, "target": 29439}, {"weight": 3, "source": 29451, "target": 29453}, {"weight": 10, "source": 29451, "target": 29459}, {"weight": 1, "source": 29453, "target": 29464}, {"weight": 1, "source": 29453, "target": 29463}, {"weight": 1, "source": 29453, "target": 29465}, {"weight": 3, "source": 29453, "target": 29456}, {"weight": 1, "source": 29453, "target": 29461}, {"weight": 13, "source": 29460, "target": 29439}, {"weight": 1, "source": 29463, "target": 29439}, {"weight": 39, "source": 29463, "target": 29464}, {"weight": 14, "source": 29463, "target": 29465}, {"weight": 22, "source": 29464, "target": 29465}], "similarity": "0.7454993164109749"}