{"directed": false, "multigraph": false, "graph": {}, "nodes": [{"x": 20929.0, "y": 21016.0, "id": 35859}, {"x": 20635.0, "y": 21253.0, "id": 35860}, {"x": 20317.0, "y": 21286.0, "id": 35861}, {"x": 20272.0, "y": 21216.0, "id": 35862}, {"x": 20936.0, "y": 21384.0, "id": 35863}, {"x": 20951.0, "y": 21238.0, "id": 35864}, {"x": 20861.0, "y": 21261.0, "id": 35865}, {"x": 20809.0, "y": 21164.0, "id": 35866}, {"x": 20341.0, "y": 21122.0, "id": 35867}, {"x": 20954.0, "y": 21513.0, "id": 35868}, {"x": 20884.0, "y": 21445.0, "id": 35869}, {"x": 20512.0, "y": 21245.0, "id": 35870}, {"x": 20181.0, "y": 21175.0, "id": 35871}, {"x": 20870.0, "y": 21081.0, "id": 35872}, {"x": 20388.0, "y": 21220.0, "id": 35873}, {"x": 20289.0, "y": 21042.0, "id": 35874}, {"x": 20467.0, "y": 21178.0, "id": 35875}, {"x": 20184.0, "y": 21264.0, "id": 35876}, {"x": 20759.0, "y": 21264.0, "id": 35877}, {"x": 20840.0, "y": 21350.0, "id": 35878}, {"x": 20718.0, "y": 21350.0, "id": 35879}, {"x": 20368.0, "y": 21315.0, "id": 35880}], "links": [{"weight": 1, "source": 35859, "target": 35872}, {"weight": 2, "source": 35860, "target": 35877}, {"weight": 1, "source": 35860, "target": 35870}, {"weight": 1, "source": 35861, "target": 35873}, {"weight": 1, "source": 35862, "target": 35873}, {"weight": 1, "source": 35862, "target": 35876}, {"weight": 1, "source": 35862, "target": 35871}, {"weight": 1, "source": 35863, "target": 35869}, {"weight": 1, "source": 35863, "target": 35878}, {"weight": 1, "source": 35864, "target": 35865}, {"weight": 1, "source": 35865, "target": 35878}, {"weight": 1, "source": 35865, "target": 35877}, {"weight": 1, "source": 35866, "target": 35877}, {"weight": 2, "source": 35866, "target": 35872}, {"weight": 1, "source": 35867, "target": 35874}, {"weight": 1, "source": 35867, "target": 35873}, {"weight": 3, "source": 35868, "target": 35869}, {"weight": 3, "source": 35869, "target": 35878}, {"weight": 3, "source": 35870, "target": 35875}, {"weight": 2, "source": 35870, "target": 35873}, {"weight": 1, "source": 35871, "target": 35876}, {"weight": 4, "source": 35873, "target": 35875}, {"weight": 1, "source": 35873, "target": 35880}, {"weight": 1, "source": 35877, "target": 35879}, {"weight": 2, "source": 35877, "target": 35878}], "similarity": "0.7054132688892045"}