{"directed": false, "multigraph": false, "graph": {}, "nodes": [{"x": 22191.0, "y": 20512.0, "id": 34831}, {"x": 22554.0, "y": 20806.0, "id": 34832}, {"x": 22680.0, "y": 20695.0, "id": 34833}, {"x": 22350.0, "y": 20612.0, "id": 34837}, {"x": 22652.0, "y": 20734.0, "id": 34847}, {"x": 22560.0, "y": 20700.0, "id": 34849}, {"x": 22162.0, "y": 20580.0, "id": 34857}, {"x": 22916.0, "y": 20512.0, "id": 34858}, {"x": 22706.0, "y": 20811.0, "id": 34863}, {"x": 22735.0, "y": 20908.0, "id": 34866}, {"x": 22453.0, "y": 20650.0, "id": 34867}, {"x": 22872.0, "y": 20601.0, "id": 34870}, {"x": 22623.0, "y": 20875.0, "id": 34871}, {"x": 22771.0, "y": 20616.0, "id": 34878}, {"x": 22746.0, "y": 20698.0, "id": 34879}, {"x": 22828.0, "y": 20531.0, "id": 34884}, {"x": 22478.0, "y": 20753.0, "id": 34885}, {"x": 22254.0, "y": 20579.0, "id": 34886}, {"x": 22793.0, "y": 20863.0, "id": 34888}], "links": [{"weight": 2, "source": 34831, "target": 34886}, {"weight": 1, "source": 34832, "target": 34849}, {"weight": 1, "source": 34832, "target": 34871}, {"weight": 1, "source": 34833, "target": 34878}, {"weight": 1, "source": 34833, "target": 34863}, {"weight": 3, "source": 34833, "target": 34849}, {"weight": 1, "source": 34837, "target": 34867}, {"weight": 1, "source": 34837, "target": 34886}, {"weight": 1, "source": 34847, "target": 34879}, {"weight": 1, "source": 34847, "target": 34863}, {"weight": 1, "source": 34847, "target": 34849}, {"weight": 1, "source": 34849, "target": 34885}, {"weight": 1, "source": 34849, "target": 34867}, {"weight": 2, "source": 34857, "target": 34886}, {"weight": 74, "source": 34858, "target": 34884}, {"weight": 2, "source": 34858, "target": 34870}, {"weight": 1, "source": 34863, "target": 34871}, {"weight": 1, "source": 34863, "target": 34866}, {"weight": 1, "source": 34863, "target": 34888}, {"weight": 2, "source": 34870, "target": 34878}, {"weight": 7, "source": 34870, "target": 34884}, {"weight": 2, "source": 34878, "target": 34879}, {"weight": 1, "source": 34878, "target": 34884}], "similarity": "0.7344646618036428"}