{"directed": false, "multigraph": false, "graph": {}, "nodes": [{"x": 7916.0, "y": 24133.0, "id": 26721}, {"x": 8477.0, "y": 24149.0, "id": 26650}, {"x": 7980.0, "y": 24138.0, "id": 26660}, {"x": 8573.0, "y": 24063.0, "id": 26665}, {"x": 7808.0, "y": 24037.0, "id": 26715}, {"x": 8760.0, "y": 24125.0, "id": 26669}, {"x": 7831.0, "y": 23909.0, "id": 26639}, {"x": 8345.0, "y": 24018.0, "id": 26640}, {"x": 8366.0, "y": 23916.0, "id": 26705}, {"x": 8658.0, "y": 24011.0, "id": 26704}, {"x": 7893.0, "y": 23986.0, "id": 26708}, {"x": 7987.0, "y": 24047.0, "id": 26645}, {"x": 7898.0, "y": 24070.0, "id": 26646}, {"x": 8379.0, "y": 23820.0, "id": 26709}, {"x": 8667.0, "y": 24113.0, "id": 26682}, {"x": 8106.0, "y": 24034.0, "id": 26651}, {"x": 8458.0, "y": 24053.0, "id": 26652}, {"x": 8226.0, "y": 24026.0, "id": 26719}], "links": [{"weight": 5, "source": 26721, "target": 26645}, {"weight": 2, "source": 26721, "target": 26646}, {"weight": 6, "source": 26721, "target": 26660}, {"weight": 6, "source": 26650, "target": 26652}, {"weight": 9, "source": 26660, "target": 26645}, {"weight": 7, "source": 26660, "target": 26646}, {"weight": 76, "source": 26665, "target": 26652}, {"weight": 6, "source": 26665, "target": 26704}, {"weight": 1, "source": 26665, "target": 26682}, {"weight": 7, "source": 26715, "target": 26646}, {"weight": 1, "source": 26715, "target": 26708}, {"weight": 7, "source": 26669, "target": 26682}, {"weight": 1, "source": 26639, "target": 26708}, {"weight": 3, "source": 26640, "target": 26705}, {"weight": 1, "source": 26640, "target": 26652}, {"weight": 1, "source": 26640, "target": 26719}, {"weight": 1, "source": 26705, "target": 26709}, {"weight": 9, "source": 26708, "target": 26645}, {"weight": 7, "source": 26645, "target": 26651}, {"weight": 1, "source": 26645, "target": 26646}, {"weight": 1, "source": 26651, "target": 26719}], "similarity": "0.8558411920581225"}