{"directed": false, "multigraph": false, "graph": {}, "nodes": [{"x": 25087.0, "y": 25159.0, "id": 26592}, {"x": 25019.0, "y": 25164.0, "id": 26593}, {"x": 25289.0, "y": 25252.0, "id": 26563}, {"x": 24994.0, "y": 25084.0, "id": 26630}, {"x": 25077.0, "y": 25065.0, "id": 26637}, {"x": 25091.0, "y": 25248.0, "id": 26607}, {"x": 25186.0, "y": 25214.0, "id": 26581}, {"x": 25005.0, "y": 25236.0, "id": 26614}], "links": [{"weight": 9, "source": 26592, "target": 26581}, {"weight": 8, "source": 26592, "target": 26614}, {"weight": 5, "source": 26592, "target": 26630}, {"weight": 1, "source": 26592, "target": 26593}, {"weight": 9, "source": 26592, "target": 26637}, {"weight": 4, "source": 26593, "target": 26630}, {"weight": 7, "source": 26593, "target": 26607}, {"weight": 7, "source": 26593, "target": 26637}, {"weight": 1, "source": 26563, "target": 26581}, {"weight": 6, "source": 26630, "target": 26637}, {"weight": 1, "source": 26607, "target": 26581}], "similarity": "0.739622484865315"}