{"directed": false, "multigraph": false, "graph": {}, "nodes": [{"x": 24806.0, "y": 23231.0, "id": 20960}, {"x": 24261.0, "y": 23251.0, "id": 20963}, {"x": 24493.0, "y": 23089.0, "id": 20964}, {"x": 24159.0, "y": 23274.0, "id": 20968}, {"x": 24638.0, "y": 23299.0, "id": 20969}, {"x": 24482.0, "y": 23194.0, "id": 20970}, {"x": 24066.0, "y": 23300.0, "id": 20972}, {"x": 24370.0, "y": 23224.0, "id": 20973}, {"x": 24602.0, "y": 23201.0, "id": 20983}, {"x": 24711.0, "y": 23208.0, "id": 20984}, {"x": 24597.0, "y": 23092.0, "id": 20957}, {"x": 24542.0, "y": 23152.0, "id": 20958}], "links": [{"weight": 2, "source": 20960, "target": 20984}, {"weight": 6, "source": 20963, "target": 20968}, {"weight": 1, "source": 20963, "target": 20973}, {"weight": 7, "source": 20964, "target": 20957}, {"weight": 31, "source": 20964, "target": 20958}, {"weight": 1, "source": 20964, "target": 20970}, {"weight": 1, "source": 20968, "target": 20972}, {"weight": 26, "source": 20969, "target": 20983}, {"weight": 10, "source": 20970, "target": 20973}, {"weight": 1, "source": 20970, "target": 20983}, {"weight": 2, "source": 20983, "target": 20957}, {"weight": 7, "source": 20983, "target": 20958}, {"weight": 1, "source": 20983, "target": 20984}, {"weight": 3, "source": 20957, "target": 20958}], "similarity": "0.7831108474982938"}