{"directed": false, "multigraph": false, "graph": {}, "nodes": [{"x": 6398.0, "y": 24870.0, "id": 33633}, {"x": 6201.0, "y": 24868.0, "id": 33608}, {"x": 6592.0, "y": 24817.0, "id": 33612}, {"x": 6496.0, "y": 24831.0, "id": 33616}, {"x": 6297.0, "y": 25023.0, "id": 33681}, {"x": 6208.0, "y": 24961.0, "id": 33682}, {"x": 6104.0, "y": 24824.0, "id": 33651}, {"x": 6009.0, "y": 24802.0, "id": 33623}, {"x": 6298.0, "y": 24919.0, "id": 33626}, {"x": 6388.0, "y": 24962.0, "id": 33662}], "links": [{"weight": 1, "source": 33633, "target": 33616}, {"weight": 1, "source": 33633, "target": 33626}, {"weight": 6, "source": 33633, "target": 33662}, {"weight": 1, "source": 33608, "target": 33626}, {"weight": 4, "source": 33608, "target": 33651}, {"weight": 1, "source": 33608, "target": 33682}, {"weight": 4, "source": 33612, "target": 33616}, {"weight": 1, "source": 33681, "target": 33626}, {"weight": 24, "source": 33682, "target": 33626}, {"weight": 1, "source": 33651, "target": 33623}, {"weight": 1, "source": 33626, "target": 33662}], "similarity": "0.7089175569585667"}