{"directed": false, "multigraph": false, "graph": {}, "nodes": [{"x": 15175.0, "y": 26464.0, "id": 36289}, {"x": 15109.0, "y": 26538.0, "id": 36321}, {"x": 15213.0, "y": 26553.0, "id": 36324}, {"x": 15309.0, "y": 26585.0, "id": 36295}, {"x": 15004.0, "y": 26547.0, "id": 36311}, {"x": 14902.0, "y": 26551.0, "id": 36313}], "links": [{"weight": 13, "source": 36289, "target": 36321}, {"weight": 12, "source": 36289, "target": 36324}, {"weight": 1, "source": 36321, "target": 36311}, {"weight": 15, "source": 36321, "target": 36324}, {"weight": 1, "source": 36324, "target": 36295}, {"weight": 5, "source": 36311, "target": 36313}], "similarity": "0.7648808633001188"}