{"directed": false, "multigraph": false, "graph": {}, "nodes": [{"x": 25027.0, "y": 19396.0, "id": 26561}, {"x": 25239.0, "y": 19583.0, "id": 26498}, {"x": 25041.0, "y": 19579.0, "id": 26535}, {"x": 24955.0, "y": 19567.0, "id": 26542}, {"x": 25137.0, "y": 19545.0, "id": 26515}, {"x": 24945.0, "y": 19415.0, "id": 26554}, {"x": 25038.0, "y": 19490.0, "id": 26523}, {"x": 24969.0, "y": 19495.0, "id": 26524}], "links": [{"weight": 9, "source": 26561, "target": 26523}, {"weight": 7, "source": 26561, "target": 26524}, {"weight": 5, "source": 26561, "target": 26554}, {"weight": 1, "source": 26498, "target": 26515}, {"weight": 1, "source": 26535, "target": 26515}, {"weight": 7, "source": 26535, "target": 26524}, {"weight": 12, "source": 26542, "target": 26523}, {"weight": 9, "source": 26515, "target": 26523}, {"weight": 5, "source": 26554, "target": 26523}, {"weight": 4, "source": 26554, "target": 26524}, {"weight": 1, "source": 26523, "target": 26524}], "similarity": "0.739622484865315"}