{"directed": false, "multigraph": false, "graph": {}, "nodes": [{"x": 10511.0, "y": 23211.0, "id": 6914}, {"x": 10531.0, "y": 23133.0, "id": 6947}, {"x": 10276.0, "y": 23027.0, "id": 6946}, {"x": 10344.0, "y": 23202.0, "id": 6917}, {"x": 10150.0, "y": 23290.0, "id": 6920}, {"x": 10245.0, "y": 23237.0, "id": 6921}, {"x": 10429.0, "y": 23245.0, "id": 6923}, {"x": 10424.0, "y": 23147.0, "id": 6925}, {"x": 10297.0, "y": 23130.0, "id": 6926}, {"x": 10217.0, "y": 23341.0, "id": 6927}, {"x": 10487.0, "y": 23060.0, "id": 6933}, {"x": 10121.0, "y": 23003.0, "id": 6935}, {"x": 10200.0, "y": 23070.0, "id": 6937}, {"x": 10132.0, "y": 23386.0, "id": 6939}, {"x": 10369.0, "y": 23102.0, "id": 6940}], "links": [{"weight": 2, "source": 6914, "target": 6923}, {"weight": 1, "source": 6914, "target": 6925}, {"weight": 1, "source": 6947, "target": 6925}, {"weight": 18, "source": 6947, "target": 6933}, {"weight": 2, "source": 6946, "target": 6926}, {"weight": 18, "source": 6946, "target": 6937}, {"weight": 2, "source": 6917, "target": 6923}, {"weight": 1, "source": 6917, "target": 6925}, {"weight": 16, "source": 6917, "target": 6926}, {"weight": 2, "source": 6917, "target": 6921}, {"weight": 1, "source": 6917, "target": 6940}, {"weight": 8, "source": 6920, "target": 6921}, {"weight": 2, "source": 6920, "target": 6927}, {"weight": 2, "source": 6920, "target": 6939}, {"weight": 2, "source": 6921, "target": 6927}, {"weight": 2, "source": 6921, "target": 6926}, {"weight": 45, "source": 6923, "target": 6925}, {"weight": 2, "source": 6925, "target": 6933}, {"weight": 2, "source": 6925, "target": 6926}, {"weight": 4, "source": 6926, "target": 6937}, {"weight": 2, "source": 6927, "target": 6939}, {"weight": 1, "source": 6935, "target": 6937}], "similarity": "0.7337993857053428"}