{"directed": false, "multigraph": false, "graph": {}, "nodes": [{"x": 2903.0, "y": 25422.0, "id": 10883}, {"x": 3093.0, "y": 25393.0, "id": 10884}, {"x": 3000.0, "y": 25450.0, "id": 10854}, {"x": 2798.0, "y": 25434.0, "id": 10855}, {"x": 3204.0, "y": 25383.0, "id": 10888}, {"x": 2702.0, "y": 25436.0, "id": 10863}, {"x": 3099.0, "y": 25290.0, "id": 10865}, {"x": 3252.0, "y": 25468.0, "id": 10898}, {"x": 3157.0, "y": 25475.0, "id": 10899}, {"x": 3299.0, "y": 25346.0, "id": 10841}, {"x": 2988.0, "y": 25367.0, "id": 10846}], "links": [{"weight": 2, "source": 10883, "target": 10846}, {"weight": 1, "source": 10883, "target": 10854}, {"weight": 1, "source": 10883, "target": 10855}, {"weight": 2, "source": 10884, "target": 10846}, {"weight": 2, "source": 10884, "target": 10854}, {"weight": 15, "source": 10884, "target": 10865}, {"weight": 1, "source": 10884, "target": 10899}, {"weight": 1, "source": 10884, "target": 10888}, {"weight": 7, "source": 10854, "target": 10846}, {"weight": 1, "source": 10855, "target": 10863}, {"weight": 3, "source": 10888, "target": 10841}, {"weight": 1, "source": 10888, "target": 10898}, {"weight": 25, "source": 10898, "target": 10899}], "similarity": "0.8228507357554792"}