{"directed": false, "multigraph": false, "graph": {}, "nodes": [{"x": 5811.0, "y": 23167.0, "id": 29858}, {"x": 5917.0, "y": 23084.0, "id": 29859}, {"x": 5872.0, "y": 23001.0, "id": 29860}, {"x": 5216.0, "y": 23285.0, "id": 29862}, {"x": 5316.0, "y": 23263.0, "id": 29863}, {"x": 5548.0, "y": 23259.0, "id": 29864}, {"x": 5406.0, "y": 23093.0, "id": 29865}, {"x": 5430.0, "y": 23275.0, "id": 29868}, {"x": 5522.0, "y": 23164.0, "id": 29869}, {"x": 5730.0, "y": 23321.0, "id": 29870}, {"x": 5722.0, "y": 23139.0, "id": 29872}, {"x": 5620.0, "y": 23089.0, "id": 29873}, {"x": 5819.0, "y": 23081.0, "id": 29874}, {"x": 5386.0, "y": 23187.0, "id": 29875}, {"x": 5610.0, "y": 23184.0, "id": 29876}, {"x": 5321.0, "y": 23160.0, "id": 29878}, {"x": 5425.0, "y": 23011.0, "id": 29879}, {"x": 5511.0, "y": 23067.0, "id": 29880}, {"x": 5794.0, "y": 23388.0, "id": 29882}, {"x": 5665.0, "y": 23240.0, "id": 29885}, {"x": 5133.0, "y": 23320.0, "id": 29886}, {"x": 5457.0, "y": 23002.0, "id": 29887}, {"x": 5403.0, "y": 23362.0, "id": 29890}], "links": [{"weight": 1, "source": 29858, "target": 29872}, {"weight": 1, "source": 29859, "target": 29874}, {"weight": 1, "source": 29860, "target": 29874}, {"weight": 1, "source": 29862, "target": 29863}, {"weight": 1, "source": 29862, "target": 29886}, {"weight": 3, "source": 29863, "target": 29868}, {"weight": 2, "source": 29863, "target": 29878}, {"weight": 10, "source": 29864, "target": 29869}, {"weight": 2, "source": 29864, "target": 29876}, {"weight": 1, "source": 29864, "target": 29885}, {"weight": 4, "source": 29864, "target": 29868}, {"weight": 10, "source": 29865, "target": 29875}, {"weight": 5, "source": 29865, "target": 29878}, {"weight": 1, "source": 29865, "target": 29879}, {"weight": 4, "source": 29865, "target": 29887}, {"weight": 1, "source": 29865, "target": 29880}, {"weight": 2, "source": 29868, "target": 29890}, {"weight": 1, "source": 29868, "target": 29875}, {"weight": 1, "source": 29869, "target": 29876}, {"weight": 1, "source": 29869, "target": 29880}, {"weight": 1, "source": 29870, "target": 29885}, {"weight": 2, "source": 29870, "target": 29882}, {"weight": 5, "source": 29872, "target": 29885}, {"weight": 1, "source": 29872, "target": 29873}, {"weight": 1, "source": 29872, "target": 29874}, {"weight": 1, "source": 29873, "target": 29880}, {"weight": 16, "source": 29873, "target": 29876}, {"weight": 1, "source": 29879, "target": 29880}, {"weight": 4, "source": 29880, "target": 29887}], "similarity": "0.8918046769635397"}