{"directed": false, "multigraph": false, "graph": {}, "nodes": [{"x": 9260.0, "y": 25833.0, "id": 14465}, {"x": 9218.0, "y": 25742.0, "id": 14444}, {"x": 9123.0, "y": 25720.0, "id": 14445}, {"x": 9074.0, "y": 25880.0, "id": 14447}, {"x": 9156.0, "y": 25817.0, "id": 14448}, {"x": 9355.0, "y": 25874.0, "id": 14460}], "links": [{"weight": 8, "source": 14465, "target": 14444}, {"weight": 5, "source": 14465, "target": 14448}, {"weight": 1, "source": 14465, "target": 14460}, {"weight": 1, "source": 14444, "target": 14448}, {"weight": 1, "source": 14444, "target": 14445}, {"weight": 1, "source": 14445, "target": 14448}, {"weight": 2, "source": 14447, "target": 14448}], "similarity": "0.7235728659282992"}