{"directed": false, "multigraph": false, "graph": {}, "nodes": [{"x": 22447.0, "y": 23995.0, "id": 1824}, {"x": 22532.0, "y": 23924.0, "id": 1829}, {"x": 22504.0, "y": 24066.0, "id": 1830}, {"x": 22375.0, "y": 23909.0, "id": 1833}, {"x": 22351.0, "y": 24044.0, "id": 1834}, {"x": 22616.0, "y": 23865.0, "id": 1836}, {"x": 22623.0, "y": 23960.0, "id": 1805}, {"x": 22309.0, "y": 23828.0, "id": 1837}, {"x": 22333.0, "y": 24141.0, "id": 1806}, {"x": 22528.0, "y": 24140.0, "id": 1841}, {"x": 22429.0, "y": 24106.0, "id": 1842}, {"x": 22550.0, "y": 24036.0, "id": 1819}], "links": [{"weight": 4, "source": 1824, "target": 1819}, {"weight": 99, "source": 1824, "target": 1833}, {"weight": 27, "source": 1824, "target": 1842}, {"weight": 2, "source": 1824, "target": 1830}, {"weight": 3, "source": 1824, "target": 1834}, {"weight": 4, "source": 1824, "target": 1829}, {"weight": 17, "source": 1829, "target": 1805}, {"weight": 1, "source": 1829, "target": 1836}, {"weight": 21, "source": 1830, "target": 1842}, {"weight": 2, "source": 1830, "target": 1841}, {"weight": 21, "source": 1833, "target": 1837}, {"weight": 8, "source": 1834, "target": 1806}, {"weight": 1, "source": 1836, "target": 1805}, {"weight": 38, "source": 1805, "target": 1819}, {"weight": 5, "source": 1806, "target": 1842}, {"weight": 10, "source": 1841, "target": 1819}, {"weight": 1, "source": 1841, "target": 1842}], "similarity": "0.761811750275055"}