{"directed": false, "multigraph": false, "graph": {}, "nodes": [{"x": 26409.0, "y": 20101.0, "id": 12587}, {"x": 26305.0, "y": 20085.0, "id": 12560}, {"x": 26513.0, "y": 20086.0, "id": 12561}, {"x": 26340.0, "y": 20175.0, "id": 12563}, {"x": 26203.0, "y": 20069.0, "id": 12564}, {"x": 26240.0, "y": 20160.0, "id": 12569}], "links": [{"weight": 2, "source": 12587, "target": 12560}, {"weight": 8, "source": 12587, "target": 12561}, {"weight": 23, "source": 12587, "target": 12563}, {"weight": 169, "source": 12560, "target": 12569}, {"weight": 3, "source": 12560, "target": 12563}, {"weight": 3, "source": 12560, "target": 12564}, {"weight": 8, "source": 12563, "target": 12569}, {"weight": 1, "source": 12564, "target": 12569}], "similarity": "0.7648808633001188"}