{"directed": false, "multigraph": false, "graph": {}, "nodes": [{"x": 2848.0, "y": 25653.0, "id": 8323}, {"x": 2722.0, "y": 25507.0, "id": 8326}, {"x": 2552.0, "y": 25596.0, "id": 8327}, {"x": 2356.0, "y": 25530.0, "id": 8330}, {"x": 2507.0, "y": 25686.0, "id": 8333}, {"x": 2771.0, "y": 25589.0, "id": 8335}, {"x": 2452.0, "y": 25558.0, "id": 8339}, {"x": 2661.0, "y": 25584.0, "id": 8346}, {"x": 2870.0, "y": 25566.0, "id": 8349}], "links": [{"weight": 32, "source": 8323, "target": 8349}, {"weight": 3, "source": 8323, "target": 8335}, {"weight": 19, "source": 8326, "target": 8335}, {"weight": 8, "source": 8326, "target": 8346}, {"weight": 32, "source": 8327, "target": 8333}, {"weight": 1, "source": 8327, "target": 8346}, {"weight": 2, "source": 8327, "target": 8339}, {"weight": 25, "source": 8330, "target": 8339}, {"weight": 1, "source": 8335, "target": 8346}, {"weight": 13, "source": 8335, "target": 8349}], "similarity": "0.7016464154456233"}