{"directed": false, "multigraph": false, "graph": {}, "nodes": [{"x": 10467.0, "y": 25334.0, "id": 5441}, {"x": 10364.0, "y": 25474.0, "id": 5444}, {"x": 10361.0, "y": 25302.0, "id": 5446}, {"x": 10395.0, "y": 25389.0, "id": 5448}, {"x": 10468.0, "y": 25444.0, "id": 5451}, {"x": 10298.0, "y": 25385.0, "id": 5459}, {"x": 10259.0, "y": 25290.0, "id": 5436}], "links": [{"weight": 41, "source": 5441, "target": 5448}, {"weight": 3, "source": 5441, "target": 5446}, {"weight": 3, "source": 5441, "target": 5451}, {"weight": 8, "source": 5444, "target": 5451}, {"weight": 1, "source": 5444, "target": 5459}, {"weight": 1, "source": 5444, "target": 5448}, {"weight": 1, "source": 5446, "target": 5436}, {"weight": 2, "source": 5446, "target": 5459}, {"weight": 1, "source": 5446, "target": 5448}, {"weight": 3, "source": 5448, "target": 5451}, {"weight": 6, "source": 5459, "target": 5436}], "similarity": "0.7045638767423834"}