{"directed": false, "multigraph": false, "graph": {}, "nodes": [{"x": 22388.0, "y": 7309.0, "id": 7328}, {"x": 22644.0, "y": 7481.0, "id": 7330}, {"x": 22555.0, "y": 7472.0, "id": 7333}, {"x": 22871.0, "y": 7180.0, "id": 7334}, {"x": 22508.0, "y": 7204.0, "id": 7335}, {"x": 22781.0, "y": 7223.0, "id": 7304}, {"x": 22697.0, "y": 7359.0, "id": 7337}, {"x": 22307.0, "y": 7183.0, "id": 7307}, {"x": 22510.0, "y": 7563.0, "id": 7308}, {"x": 22604.0, "y": 7373.0, "id": 7341}, {"x": 22486.0, "y": 7306.0, "id": 7310}, {"x": 22441.0, "y": 7221.0, "id": 7340}, {"x": 22703.0, "y": 7571.0, "id": 7311}, {"x": 22687.0, "y": 7283.0, "id": 7315}, {"x": 22382.0, "y": 7243.0, "id": 7316}, {"x": 22699.0, "y": 7436.0, "id": 7317}, {"x": 22774.0, "y": 7511.0, "id": 7325}, {"x": 22405.0, "y": 7375.0, "id": 7327}], "links": [{"weight": 3, "source": 7328, "target": 7310}, {"weight": 6, "source": 7328, "target": 7316}, {"weight": 7, "source": 7328, "target": 7340}, {"weight": 3, "source": 7330, "target": 7311}, {"weight": 2, "source": 7330, "target": 7341}, {"weight": 1, "source": 7330, "target": 7333}, {"weight": 50, "source": 7333, "target": 7308}, {"weight": 1, "source": 7333, "target": 7341}, {"weight": 2, "source": 7334, "target": 7304}, {"weight": 3, "source": 7335, "target": 7310}, {"weight": 1, "source": 7304, "target": 7315}, {"weight": 1, "source": 7337, "target": 7315}, {"weight": 2, "source": 7337, "target": 7341}, {"weight": 2, "source": 7307, "target": 7316}, {"weight": 1, "source": 7341, "target": 7310}, {"weight": 3, "source": 7341, "target": 7315}, {"weight": 1, "source": 7341, "target": 7317}, {"weight": 32, "source": 7310, "target": 7316}, {"weight": 5, "source": 7310, "target": 7340}, {"weight": 1, "source": 7310, "target": 7327}, {"weight": 13, "source": 7340, "target": 7316}, {"weight": 1, "source": 7311, "target": 7325}, {"weight": 2, "source": 7317, "target": 7325}], "similarity": "0.7642068217210624"}