{"directed": false, "multigraph": false, "graph": {}, "nodes": [{"x": 9229.0, "y": 23228.0, "id": 37024}, {"x": 9335.0, "y": 23283.0, "id": 37025}, {"x": 9436.0, "y": 23321.0, "id": 37027}, {"x": 9285.0, "y": 23375.0, "id": 37031}, {"x": 9056.0, "y": 23031.0, "id": 37035}, {"x": 9427.0, "y": 23080.0, "id": 37038}, {"x": 9139.0, "y": 23102.0, "id": 37039}, {"x": 9377.0, "y": 23386.0, "id": 37040}, {"x": 9228.0, "y": 23182.0, "id": 37042}, {"x": 9344.0, "y": 23166.0, "id": 37048}, {"x": 9129.0, "y": 23195.0, "id": 37050}, {"x": 9228.0, "y": 23298.0, "id": 37051}, {"x": 9269.0, "y": 23280.0, "id": 37022}, {"x": 9501.0, "y": 23003.0, "id": 37023}], "links": [{"weight": 1, "source": 37024, "target": 37022}, {"weight": 1, "source": 37024, "target": 37050}, {"weight": 1, "source": 37024, "target": 37051}, {"weight": 1, "source": 37024, "target": 37025}, {"weight": 1, "source": 37025, "target": 37022}, {"weight": 47, "source": 37025, "target": 37051}, {"weight": 1, "source": 37025, "target": 37027}, {"weight": 1, "source": 37025, "target": 37048}, {"weight": 5, "source": 37025, "target": 37040}, {"weight": 1, "source": 37025, "target": 37031}, {"weight": 2, "source": 37027, "target": 37040}, {"weight": 2, "source": 37031, "target": 37022}, {"weight": 37, "source": 37031, "target": 37040}, {"weight": 3, "source": 37031, "target": 37051}, {"weight": 7, "source": 37035, "target": 37039}, {"weight": 2, "source": 37038, "target": 37023}, {"weight": 1, "source": 37038, "target": 37048}, {"weight": 1, "source": 37039, "target": 37050}, {"weight": 1, "source": 37039, "target": 37042}, {"weight": 1, "source": 37042, "target": 37022}, {"weight": 27, "source": 37042, "target": 37050}, {"weight": 1, "source": 37042, "target": 37048}, {"weight": 1, "source": 37042, "target": 37051}], "similarity": "0.7246573018525413"}