{"directed": false, "multigraph": false, "graph": {}, "nodes": [{"x": 6441.0, "y": 21518.0, "id": 38528}, {"x": 6480.0, "y": 21504.0, "id": 38529}, {"x": 6354.0, "y": 21183.0, "id": 38531}, {"x": 6148.0, "y": 21086.0, "id": 38543}, {"x": 6497.0, "y": 21357.0, "id": 38544}, {"x": 6505.0, "y": 21249.0, "id": 38548}, {"x": 6457.0, "y": 21421.0, "id": 38549}, {"x": 6463.0, "y": 21180.0, "id": 38552}, {"x": 6614.0, "y": 21028.0, "id": 38554}, {"x": 6521.0, "y": 21304.0, "id": 38556}, {"x": 6211.0, "y": 21011.0, "id": 38559}, {"x": 6173.0, "y": 21337.0, "id": 38560}, {"x": 6404.0, "y": 21420.0, "id": 38561}, {"x": 6071.0, "y": 21020.0, "id": 38566}, {"x": 6410.0, "y": 21298.0, "id": 38567}, {"x": 6552.0, "y": 21489.0, "id": 38568}, {"x": 6542.0, "y": 21095.0, "id": 38569}, {"x": 6183.0, "y": 21094.0, "id": 38571}, {"x": 6263.0, "y": 21098.0, "id": 38573}, {"x": 6371.0, "y": 21501.0, "id": 38575}, {"x": 6418.0, "y": 21213.0, "id": 38577}, {"x": 6191.0, "y": 21191.0, "id": 38509}, {"x": 6274.0, "y": 21281.0, "id": 38517}, {"x": 6082.0, "y": 21386.0, "id": 38525}], "links": [{"weight": 3, "source": 38528, "target": 38561}, {"weight": 3, "source": 38528, "target": 38549}, {"weight": 1, "source": 38528, "target": 38575}, {"weight": 1, "source": 38529, "target": 38549}, {"weight": 2, "source": 38529, "target": 38561}, {"weight": 5, "source": 38531, "target": 38567}, {"weight": 5, "source": 38531, "target": 38552}, {"weight": 3, "source": 38531, "target": 38577}, {"weight": 3, "source": 38531, "target": 38573}, {"weight": 1, "source": 38543, "target": 38509}, {"weight": 7, "source": 38543, "target": 38559}, {"weight": 33, "source": 38543, "target": 38571}, {"weight": 1, "source": 38543, "target": 38573}, {"weight": 1, "source": 38543, "target": 38566}, {"weight": 1, "source": 38544, "target": 38567}, {"weight": 1, "source": 38548, "target": 38567}, {"weight": 1, "source": 38549, "target": 38567}, {"weight": 4, "source": 38549, "target": 38561}, {"weight": 1, "source": 38549, "target": 38575}, {"weight": 1, "source": 38549, "target": 38568}, {"weight": 23, "source": 38552, "target": 38567}, {"weight": 5, "source": 38552, "target": 38577}, {"weight": 3, "source": 38552, "target": 38569}, {"weight": 2, "source": 38554, "target": 38569}, {"weight": 1, "source": 38556, "target": 38567}, {"weight": 60, "source": 38559, "target": 38571}, {"weight": 4, "source": 38559, "target": 38573}, {"weight": 1, "source": 38560, "target": 38517}, {"weight": 1, "source": 38560, "target": 38525}, {"weight": 4, "source": 38561, "target": 38567}, {"weight": 1, "source": 38561, "target": 38575}, {"weight": 1, "source": 38567, "target": 38517}, {"weight": 6, "source": 38567, "target": 38577}, {"weight": 1, "source": 38571, "target": 38509}, {"weight": 4, "source": 38571, "target": 38573}, {"weight": 32, "source": 38509, "target": 38517}], "similarity": "0.7662429152221931"}