{"directed": false, "multigraph": false, "graph": {}, "nodes": [{"x": 22664.0, "y": 23278.0, "id": 37056}, {"x": 22597.0, "y": 23329.0, "id": 37058}, {"x": 22907.0, "y": 23009.0, "id": 37061}, {"x": 22832.0, "y": 23086.0, "id": 37063}, {"x": 22553.0, "y": 23092.0, "id": 37064}, {"x": 22665.0, "y": 23380.0, "id": 37065}, {"x": 22759.0, "y": 23179.0, "id": 37067}, {"x": 22643.0, "y": 23165.0, "id": 37073}, {"x": 22866.0, "y": 23172.0, "id": 37075}, {"x": 22703.0, "y": 23283.0, "id": 37076}, {"x": 22768.0, "y": 23279.0, "id": 37052}, {"x": 22469.0, "y": 23025.0, "id": 37053}, {"x": 22731.0, "y": 23366.0, "id": 37054}], "links": [{"weight": 1, "source": 37056, "target": 37052}, {"weight": 1, "source": 37056, "target": 37054}, {"weight": 51, "source": 37056, "target": 37076}, {"weight": 1, "source": 37056, "target": 37073}, {"weight": 5, "source": 37056, "target": 37065}, {"weight": 1, "source": 37056, "target": 37058}, {"weight": 36, "source": 37058, "target": 37065}, {"weight": 3, "source": 37058, "target": 37076}, {"weight": 8, "source": 37061, "target": 37063}, {"weight": 1, "source": 37063, "target": 37075}, {"weight": 2, "source": 37063, "target": 37067}, {"weight": 2, "source": 37064, "target": 37053}, {"weight": 1, "source": 37064, "target": 37073}, {"weight": 1, "source": 37065, "target": 37076}, {"weight": 1, "source": 37067, "target": 37052}, {"weight": 24, "source": 37067, "target": 37075}, {"weight": 1, "source": 37067, "target": 37073}, {"weight": 1, "source": 37067, "target": 37076}, {"weight": 1, "source": 37076, "target": 37054}, {"weight": 1, "source": 37052, "target": 37054}], "similarity": "0.7544738360147217"}