{"directed": false, "multigraph": false, "graph": {}, "nodes": [{"x": 20868.0, "y": 19873.0, "id": 35903}, {"x": 20575.0, "y": 20110.0, "id": 35904}, {"x": 20256.0, "y": 20143.0, "id": 35905}, {"x": 20211.0, "y": 20073.0, "id": 35906}, {"x": 20876.0, "y": 20241.0, "id": 35907}, {"x": 20890.0, "y": 20095.0, "id": 35908}, {"x": 20801.0, "y": 20118.0, "id": 35909}, {"x": 20749.0, "y": 20021.0, "id": 35910}, {"x": 20281.0, "y": 19979.0, "id": 35911}, {"x": 20893.0, "y": 20370.0, "id": 35912}, {"x": 20823.0, "y": 20302.0, "id": 35913}, {"x": 20451.0, "y": 20102.0, "id": 35914}, {"x": 20121.0, "y": 20032.0, "id": 35915}, {"x": 20810.0, "y": 19939.0, "id": 35916}, {"x": 20327.0, "y": 20078.0, "id": 35917}, {"x": 20228.0, "y": 19899.0, "id": 35918}, {"x": 20406.0, "y": 20035.0, "id": 35919}, {"x": 20123.0, "y": 20122.0, "id": 35920}, {"x": 20699.0, "y": 20121.0, "id": 35921}, {"x": 20780.0, "y": 20207.0, "id": 35922}, {"x": 20657.0, "y": 20207.0, "id": 35923}, {"x": 20308.0, "y": 20172.0, "id": 35924}], "links": [{"weight": 1, "source": 35903, "target": 35916}, {"weight": 2, "source": 35904, "target": 35921}, {"weight": 1, "source": 35904, "target": 35914}, {"weight": 1, "source": 35905, "target": 35917}, {"weight": 1, "source": 35906, "target": 35917}, {"weight": 1, "source": 35906, "target": 35920}, {"weight": 1, "source": 35906, "target": 35915}, {"weight": 1, "source": 35907, "target": 35913}, {"weight": 1, "source": 35907, "target": 35922}, {"weight": 1, "source": 35908, "target": 35909}, {"weight": 1, "source": 35909, "target": 35922}, {"weight": 1, "source": 35909, "target": 35921}, {"weight": 1, "source": 35910, "target": 35921}, {"weight": 2, "source": 35910, "target": 35916}, {"weight": 1, "source": 35911, "target": 35918}, {"weight": 1, "source": 35911, "target": 35917}, {"weight": 1, "source": 35912, "target": 35913}, {"weight": 3, "source": 35913, "target": 35922}, {"weight": 3, "source": 35914, "target": 35919}, {"weight": 2, "source": 35914, "target": 35917}, {"weight": 1, "source": 35915, "target": 35920}, {"weight": 4, "source": 35917, "target": 35919}, {"weight": 1, "source": 35917, "target": 35924}, {"weight": 1, "source": 35921, "target": 35923}, {"weight": 2, "source": 35921, "target": 35922}], "similarity": "0.7054132688892045"}