{"directed": false, "multigraph": false, "graph": {}, "nodes": [{"x": 4624.0, "y": 22344.0, "id": 38796}, {"x": 4054.0, "y": 22456.0, "id": 38800}, {"x": 4482.0, "y": 22343.0, "id": 38801}, {"x": 4237.0, "y": 22372.0, "id": 38808}, {"x": 4714.0, "y": 22369.0, "id": 38814}, {"x": 4665.0, "y": 22509.0, "id": 38815}, {"x": 4550.0, "y": 22292.0, "id": 38824}, {"x": 4036.0, "y": 22356.0, "id": 38825}, {"x": 4787.0, "y": 22180.0, "id": 38829}, {"x": 4848.0, "y": 22447.0, "id": 38830}, {"x": 4605.0, "y": 22512.0, "id": 38834}, {"x": 4715.0, "y": 22262.0, "id": 38836}, {"x": 4591.0, "y": 22322.0, "id": 38839}, {"x": 4355.0, "y": 22357.0, "id": 38840}, {"x": 4735.0, "y": 22412.0, "id": 38841}, {"x": 4514.0, "y": 22175.0, "id": 38846}, {"x": 4794.0, "y": 22324.0, "id": 38848}, {"x": 4128.0, "y": 22389.0, "id": 38849}, {"x": 4533.0, "y": 22073.0, "id": 38850}, {"x": 4939.0, "y": 22487.0, "id": 38851}, {"x": 4697.0, "y": 22477.0, "id": 38852}, {"x": 4442.0, "y": 22103.0, "id": 38853}, {"x": 4535.0, "y": 22393.0, "id": 38854}, {"x": 4620.0, "y": 22407.0, "id": 38856}, {"x": 4766.0, "y": 22518.0, "id": 38859}], "links": [{"weight": 11, "source": 38796, "target": 38801}, {"weight": 5, "source": 38796, "target": 38824}, {"weight": 1, "source": 38796, "target": 38854}, {"weight": 1, "source": 38796, "target": 38814}, {"weight": 1, "source": 38796, "target": 38841}, {"weight": 2, "source": 38796, "target": 38836}, {"weight": 1, "source": 38800, "target": 38849}, {"weight": 1, "source": 38801, "target": 38840}, {"weight": 12, "source": 38801, "target": 38854}, {"weight": 2, "source": 38801, "target": 38824}, {"weight": 13, "source": 38808, "target": 38840}, {"weight": 11, "source": 38808, "target": 38849}, {"weight": 8, "source": 38814, "target": 38841}, {"weight": 1, "source": 38814, "target": 38848}, {"weight": 2, "source": 38814, "target": 38852}, {"weight": 1, "source": 38815, "target": 38856}, {"weight": 5, "source": 38815, "target": 38859}, {"weight": 7, "source": 38824, "target": 38839}, {"weight": 34, "source": 38824, "target": 38854}, {"weight": 1, "source": 38824, "target": 38856}, {"weight": 1, "source": 38824, "target": 38846}, {"weight": 1, "source": 38825, "target": 38849}, {"weight": 1, "source": 38829, "target": 38836}, {"weight": 1, "source": 38830, "target": 38841}, {"weight": 1, "source": 38830, "target": 38851}, {"weight": 1, "source": 38834, "target": 38852}, {"weight": 1, "source": 38834, "target": 38856}, {"weight": 1, "source": 38836, "target": 38848}, {"weight": 63, "source": 38839, "target": 38854}, {"weight": 4, "source": 38839, "target": 38856}, {"weight": 1, "source": 38841, "target": 38848}, {"weight": 1, "source": 38841, "target": 38856}, {"weight": 1, "source": 38841, "target": 38859}, {"weight": 1, "source": 38841, "target": 38852}, {"weight": 3, "source": 38846, "target": 38850}, {"weight": 1, "source": 38846, "target": 38853}, {"weight": 9, "source": 38852, "target": 38859}, {"weight": 4, "source": 38854, "target": 38856}], "similarity": "0.7373175889469614"}