{"directed": false, "multigraph": false, "graph": {}, "nodes": [{"x": 22567.0, "y": 23599.0, "id": 11169}, {"x": 22493.0, "y": 23509.0, "id": 11139}, {"x": 22694.0, "y": 23580.0, "id": 11172}, {"x": 22462.0, "y": 23595.0, "id": 11141}, {"x": 22497.0, "y": 23693.0, "id": 11142}, {"x": 22735.0, "y": 23480.0, "id": 11176}, {"x": 22420.0, "y": 23429.0, "id": 11180}, {"x": 22431.0, "y": 23776.0, "id": 11152}, {"x": 22647.0, "y": 23664.0, "id": 11154}, {"x": 22744.0, "y": 23657.0, "id": 11187}, {"x": 22805.0, "y": 23622.0, "id": 11188}, {"x": 22786.0, "y": 23556.0, "id": 11127}], "links": [{"weight": 4, "source": 11169, "target": 11139}, {"weight": 5, "source": 11169, "target": 11141}, {"weight": 1, "source": 11169, "target": 11142}, {"weight": 2, "source": 11169, "target": 11154}, {"weight": 1, "source": 11169, "target": 11172}, {"weight": 6, "source": 11139, "target": 11141}, {"weight": 13, "source": 11139, "target": 11180}, {"weight": 2, "source": 11172, "target": 11127}, {"weight": 29, "source": 11172, "target": 11154}, {"weight": 1, "source": 11172, "target": 11176}, {"weight": 2, "source": 11172, "target": 11187}, {"weight": 1, "source": 11172, "target": 11188}, {"weight": 1, "source": 11142, "target": 11152}, {"weight": 10, "source": 11176, "target": 11127}, {"weight": 3, "source": 11154, "target": 11187}, {"weight": 8, "source": 11187, "target": 11127}, {"weight": 24, "source": 11187, "target": 11188}, {"weight": 3, "source": 11188, "target": 11127}], "similarity": "0.7488452649040593"}