{"directed": false, "multigraph": false, "graph": {}, "nodes": [{"x": 11572.0, "y": 24994.0, "id": 29600}, {"x": 11620.0, "y": 25021.0, "id": 29601}, {"x": 11770.0, "y": 24980.0, "id": 29571}, {"x": 11384.0, "y": 24814.0, "id": 29573}, {"x": 11787.0, "y": 24934.0, "id": 29577}, {"x": 11482.0, "y": 24856.0, "id": 29579}, {"x": 11700.0, "y": 24898.0, "id": 29585}, {"x": 11585.0, "y": 24910.0, "id": 29587}, {"x": 11571.0, "y": 24804.0, "id": 29590}, {"x": 11786.0, "y": 24838.0, "id": 29593}, {"x": 11869.0, "y": 24994.0, "id": 29595}, {"x": 11485.0, "y": 24950.0, "id": 29597}, {"x": 11677.0, "y": 24959.0, "id": 29599}], "links": [{"weight": 1, "source": 29600, "target": 29587}, {"weight": 20, "source": 29600, "target": 29599}, {"weight": 104, "source": 29600, "target": 29601}, {"weight": 1, "source": 29601, "target": 29587}, {"weight": 14, "source": 29601, "target": 29599}, {"weight": 5, "source": 29571, "target": 29585}, {"weight": 1, "source": 29571, "target": 29599}, {"weight": 5, "source": 29571, "target": 29595}, {"weight": 2, "source": 29573, "target": 29579}, {"weight": 2, "source": 29577, "target": 29593}, {"weight": 1, "source": 29577, "target": 29595}, {"weight": 6, "source": 29577, "target": 29599}, {"weight": 1, "source": 29579, "target": 29587}, {"weight": 3, "source": 29585, "target": 29587}, {"weight": 13, "source": 29585, "target": 29593}, {"weight": 1, "source": 29587, "target": 29599}, {"weight": 3, "source": 29587, "target": 29590}, {"weight": 1, "source": 29587, "target": 29597}], "similarity": "0.7454993164109749"}