{"directed": false, "multigraph": false, "graph": {}, "nodes": [{"x": 20397.0, "y": 22632.0, "id": 32256}, {"x": 20759.0, "y": 22788.0, "id": 32257}, {"x": 20938.0, "y": 22812.0, "id": 32259}, {"x": 21019.0, "y": 22637.0, "id": 32265}, {"x": 20921.0, "y": 22663.0, "id": 32268}, {"x": 20377.0, "y": 22791.0, "id": 32207}, {"x": 20761.0, "y": 22958.0, "id": 32210}, {"x": 20483.0, "y": 22676.0, "id": 32211}, {"x": 20715.0, "y": 22868.0, "id": 32212}, {"x": 20846.0, "y": 22744.0, "id": 32218}, {"x": 20672.0, "y": 22958.0, "id": 32219}, {"x": 20713.0, "y": 22749.0, "id": 32220}, {"x": 21037.0, "y": 22839.0, "id": 32229}, {"x": 20470.0, "y": 22763.0, "id": 32230}, {"x": 20579.0, "y": 22735.0, "id": 32231}, {"x": 21122.0, "y": 22797.0, "id": 32234}, {"x": 21089.0, "y": 22580.0, "id": 32236}, {"x": 20958.0, "y": 22714.0, "id": 32237}, {"x": 21057.0, "y": 22722.0, "id": 32238}, {"x": 20586.0, "y": 22581.0, "id": 32239}, {"x": 20518.0, "y": 22817.0, "id": 32243}, {"x": 20646.0, "y": 22661.0, "id": 32249}, {"x": 20658.0, "y": 22758.0, "id": 32250}, {"x": 20644.0, "y": 22562.0, "id": 32255}], "links": [{"weight": 10, "source": 32256, "target": 32211}, {"weight": 1, "source": 32257, "target": 32212}, {"weight": 10, "source": 32257, "target": 32218}, {"weight": 16, "source": 32257, "target": 32250}, {"weight": 2, "source": 32259, "target": 32218}, {"weight": 16, "source": 32259, "target": 32229}, {"weight": 1, "source": 32265, "target": 32236}, {"weight": 2, "source": 32265, "target": 32237}, {"weight": 3, "source": 32265, "target": 32238}, {"weight": 1, "source": 32265, "target": 32268}, {"weight": 1, "source": 32268, "target": 32218}, {"weight": 6, "source": 32207, "target": 32230}, {"weight": 1, "source": 32210, "target": 32219}, {"weight": 2, "source": 32210, "target": 32212}, {"weight": 1, "source": 32211, "target": 32231}, {"weight": 1, "source": 32211, "target": 32230}, {"weight": 3, "source": 32212, "target": 32220}, {"weight": 3, "source": 32212, "target": 32219}, {"weight": 43, "source": 32218, "target": 32220}, {"weight": 3, "source": 32218, "target": 32237}, {"weight": 10, "source": 32220, "target": 32250}, {"weight": 1, "source": 32220, "target": 32249}, {"weight": 5, "source": 32220, "target": 32231}, {"weight": 1, "source": 32229, "target": 32234}, {"weight": 28, "source": 32230, "target": 32231}, {"weight": 20, "source": 32231, "target": 32250}, {"weight": 2, "source": 32231, "target": 32249}, {"weight": 1, "source": 32231, "target": 32243}, {"weight": 1, "source": 32234, "target": 32238}, {"weight": 1, "source": 32237, "target": 32238}, {"weight": 1, "source": 32239, "target": 32249}, {"weight": 4, "source": 32249, "target": 32250}, {"weight": 6, "source": 32249, "target": 32255}], "similarity": "0.7714028584743319"}