{"directed": false, "multigraph": false, "graph": {}, "nodes": [{"x": 6727.0, "y": 24683.0, "id": 38209}, {"x": 6625.0, "y": 24711.0, "id": 38181}, {"x": 6829.0, "y": 24621.0, "id": 38213}, {"x": 6615.0, "y": 24674.0, "id": 38182}, {"x": 6590.0, "y": 24591.0, "id": 38216}, {"x": 6869.0, "y": 24520.0, "id": 38214}, {"x": 6933.0, "y": 24686.0, "id": 38184}, {"x": 7071.0, "y": 24547.0, "id": 38217}, {"x": 7014.0, "y": 24762.0, "id": 38220}, {"x": 6687.0, "y": 24751.0, "id": 38222}, {"x": 6911.0, "y": 24605.0, "id": 38224}, {"x": 6685.0, "y": 24525.0, "id": 38161}, {"x": 6849.0, "y": 24728.0, "id": 38196}, {"x": 6697.0, "y": 24632.0, "id": 38200}, {"x": 6784.0, "y": 24512.0, "id": 38169}, {"x": 6960.0, "y": 24590.0, "id": 38202}, {"x": 7171.0, "y": 24508.0, "id": 38204}, {"x": 6775.0, "y": 24540.0, "id": 38206}], "links": [{"weight": 3, "source": 38209, "target": 38181}, {"weight": 2, "source": 38209, "target": 38182}, {"weight": 11, "source": 38209, "target": 38200}, {"weight": 12, "source": 38209, "target": 38213}, {"weight": 1, "source": 38209, "target": 38222}, {"weight": 3, "source": 38181, "target": 38200}, {"weight": 1, "source": 38181, "target": 38222}, {"weight": 1, "source": 38213, "target": 38169}, {"weight": 5, "source": 38213, "target": 38184}, {"weight": 1, "source": 38213, "target": 38196}, {"weight": 10, "source": 38213, "target": 38200}, {"weight": 23, "source": 38213, "target": 38202}, {"weight": 1, "source": 38213, "target": 38206}, {"weight": 3, "source": 38213, "target": 38214}, {"weight": 6, "source": 38213, "target": 38224}, {"weight": 1, "source": 38182, "target": 38200}, {"weight": 1, "source": 38216, "target": 38200}, {"weight": 1, "source": 38214, "target": 38169}, {"weight": 1, "source": 38214, "target": 38206}, {"weight": 5, "source": 38184, "target": 38202}, {"weight": 3, "source": 38184, "target": 38224}, {"weight": 2, "source": 38184, "target": 38220}, {"weight": 3, "source": 38217, "target": 38202}, {"weight": 1, "source": 38217, "target": 38204}, {"weight": 1, "source": 38222, "target": 38200}, {"weight": 5, "source": 38224, "target": 38202}, {"weight": 1, "source": 38161, "target": 38200}, {"weight": 1, "source": 38161, "target": 38206}, {"weight": 24, "source": 38161, "target": 38169}], "similarity": "0.7728909901497107"}