{"directed": false, "multigraph": false, "graph": {}, "nodes": [{"x": 10991.0, "y": 24510.0, "id": 29857}, {"x": 11194.0, "y": 24669.0, "id": 29827}, {"x": 11117.0, "y": 24631.0, "id": 29832}, {"x": 11272.0, "y": 24646.0, "id": 29833}, {"x": 11009.0, "y": 24760.0, "id": 29837}, {"x": 11391.0, "y": 24555.0, "id": 29843}, {"x": 11484.0, "y": 24511.0, "id": 29847}, {"x": 11189.0, "y": 24577.0, "id": 29849}, {"x": 11286.0, "y": 24598.0, "id": 29850}, {"x": 11081.0, "y": 24680.0, "id": 29854}, {"x": 11076.0, "y": 24569.0, "id": 29855}], "links": [{"weight": 129, "source": 29857, "target": 29855}, {"weight": 5, "source": 29827, "target": 29850}, {"weight": 1, "source": 29827, "target": 29832}, {"weight": 1, "source": 29827, "target": 29833}, {"weight": 1, "source": 29827, "target": 29854}, {"weight": 21, "source": 29832, "target": 29855}, {"weight": 1, "source": 29832, "target": 29849}, {"weight": 1, "source": 29833, "target": 29849}, {"weight": 7, "source": 29837, "target": 29854}, {"weight": 2, "source": 29843, "target": 29850}, {"weight": 1, "source": 29843, "target": 29847}, {"weight": 4, "source": 29849, "target": 29855}, {"weight": 4, "source": 29849, "target": 29850}, {"weight": 12, "source": 29854, "target": 29855}], "similarity": "0.7578647467450734"}