{"directed": false, "multigraph": false, "graph": {}, "nodes": [{"x": 22986.0, "y": 14974.0, "id": 30212}, {"x": 23247.0, "y": 14983.0, "id": 30213}, {"x": 23293.0, "y": 15215.0, "id": 30220}, {"x": 23078.0, "y": 15016.0, "id": 30224}, {"x": 23313.0, "y": 14911.0, "id": 30226}, {"x": 23170.0, "y": 15253.0, "id": 30228}, {"x": 22906.0, "y": 14926.0, "id": 30229}, {"x": 23209.0, "y": 15160.0, "id": 30205}, {"x": 23175.0, "y": 15058.0, "id": 30206}], "links": [{"weight": 8, "source": 30212, "target": 30224}, {"weight": 1, "source": 30212, "target": 30229}, {"weight": 2, "source": 30213, "target": 30206}, {"weight": 3, "source": 30213, "target": 30226}, {"weight": 1, "source": 30220, "target": 30205}, {"weight": 1, "source": 30224, "target": 30206}, {"weight": 12, "source": 30228, "target": 30205}, {"weight": 3, "source": 30205, "target": 30206}], "similarity": "0.7037315505489967"}