{"directed": false, "multigraph": false, "graph": {}, "nodes": [{"x": 8769.0, "y": 22659.0, "id": 9760}, {"x": 8444.0, "y": 22688.0, "id": 9761}, {"x": 8537.0, "y": 22658.0, "id": 9762}, {"x": 8781.0, "y": 22836.0, "id": 9763}, {"x": 8675.0, "y": 22556.0, "id": 9765}, {"x": 8674.0, "y": 22863.0, "id": 9767}, {"x": 8532.0, "y": 22816.0, "id": 9768}, {"x": 8719.0, "y": 22762.0, "id": 9772}, {"x": 8699.0, "y": 22799.0, "id": 9773}, {"x": 8830.0, "y": 22741.0, "id": 9775}, {"x": 8856.0, "y": 22897.0, "id": 9777}, {"x": 8460.0, "y": 22764.0, "id": 9778}, {"x": 8459.0, "y": 22624.0, "id": 9779}, {"x": 8752.0, "y": 22923.0, "id": 9780}, {"x": 8500.0, "y": 22558.0, "id": 9781}, {"x": 8539.0, "y": 22693.0, "id": 9782}, {"x": 8868.0, "y": 22658.0, "id": 9783}, {"x": 8615.0, "y": 22753.0, "id": 9787}, {"x": 8669.0, "y": 22964.0, "id": 9788}, {"x": 8603.0, "y": 22655.0, "id": 9789}, {"x": 8655.0, "y": 22657.0, "id": 9790}], "links": [{"weight": 1, "source": 9760, "target": 9790}, {"weight": 3, "source": 9760, "target": 9783}, {"weight": 5, "source": 9760, "target": 9775}, {"weight": 1, "source": 9761, "target": 9762}, {"weight": 1, "source": 9761, "target": 9782}, {"weight": 69, "source": 9762, "target": 9787}, {"weight": 1, "source": 9762, "target": 9781}, {"weight": 5, "source": 9763, "target": 9780}, {"weight": 1, "source": 9763, "target": 9775}, {"weight": 1, "source": 9763, "target": 9777}, {"weight": 1, "source": 9763, "target": 9772}, {"weight": 1, "source": 9763, "target": 9773}, {"weight": 2, "source": 9763, "target": 9767}, {"weight": 1, "source": 9765, "target": 9790}, {"weight": 55, "source": 9767, "target": 9780}, {"weight": 2, "source": 9767, "target": 9773}, {"weight": 1, "source": 9767, "target": 9788}, {"weight": 1, "source": 9767, "target": 9787}, {"weight": 1, "source": 9768, "target": 9778}, {"weight": 5, "source": 9768, "target": 9787}, {"weight": 1, "source": 9772, "target": 9787}, {"weight": 1, "source": 9773, "target": 9787}, {"weight": 3, "source": 9775, "target": 9783}, {"weight": 17, "source": 9778, "target": 9782}, {"weight": 2, "source": 9779, "target": 9782}, {"weight": 3, "source": 9782, "target": 9787}, {"weight": 2, "source": 9782, "target": 9790}, {"weight": 107, "source": 9787, "target": 9789}, {"weight": 2, "source": 9787, "target": 9790}], "similarity": "0.7266576158984058"}