{"directed": false, "multigraph": false, "graph": {}, "nodes": [{"x": 22875.0, "y": 14887.0, "id": 7296}, {"x": 22785.0, "y": 14929.0, "id": 7265}, {"x": 22512.0, "y": 14911.0, "id": 7297}, {"x": 22701.0, "y": 15066.0, "id": 7299}, {"x": 22311.0, "y": 14889.0, "id": 7268}, {"x": 22513.0, "y": 15270.0, "id": 7269}, {"x": 22445.0, "y": 14927.0, "id": 7302}, {"x": 22608.0, "y": 15080.0, "id": 7303}, {"x": 22489.0, "y": 15012.0, "id": 7271}, {"x": 22707.0, "y": 15278.0, "id": 7272}, {"x": 22690.0, "y": 14989.0, "id": 7276}, {"x": 22386.0, "y": 14950.0, "id": 7277}, {"x": 22703.0, "y": 15143.0, "id": 7278}, {"x": 22778.0, "y": 15218.0, "id": 7287}, {"x": 22409.0, "y": 15082.0, "id": 7289}, {"x": 22392.0, "y": 15015.0, "id": 7290}, {"x": 22648.0, "y": 15188.0, "id": 7292}, {"x": 22559.0, "y": 15179.0, "id": 7295}], "links": [{"weight": 2, "source": 7296, "target": 7265}, {"weight": 1, "source": 7265, "target": 7276}, {"weight": 3, "source": 7297, "target": 7271}, {"weight": 1, "source": 7299, "target": 7276}, {"weight": 2, "source": 7299, "target": 7303}, {"weight": 5, "source": 7268, "target": 7277}, {"weight": 63, "source": 7269, "target": 7295}, {"weight": 5, "source": 7302, "target": 7271}, {"weight": 13, "source": 7302, "target": 7277}, {"weight": 19, "source": 7302, "target": 7290}, {"weight": 1, "source": 7303, "target": 7271}, {"weight": 3, "source": 7303, "target": 7276}, {"weight": 1, "source": 7303, "target": 7278}, {"weight": 2, "source": 7303, "target": 7292}, {"weight": 1, "source": 7303, "target": 7295}, {"weight": 32, "source": 7271, "target": 7277}, {"weight": 3, "source": 7271, "target": 7290}, {"weight": 1, "source": 7271, "target": 7289}, {"weight": 1, "source": 7272, "target": 7287}, {"weight": 3, "source": 7272, "target": 7292}, {"weight": 8, "source": 7277, "target": 7290}, {"weight": 2, "source": 7278, "target": 7287}, {"weight": 1, "source": 7292, "target": 7295}], "similarity": "0.7642068217210624"}