{"directed": false, "multigraph": false, "graph": {}, "nodes": [{"x": 19188.0, "y": 24325.0, "id": 30818}, {"x": 19101.0, "y": 24379.0, "id": 30822}, {"x": 19050.0, "y": 24464.0, "id": 30825}, {"x": 19299.0, "y": 24336.0, "id": 30858}, {"x": 19010.0, "y": 24222.0, "id": 30827}, {"x": 19093.0, "y": 24282.0, "id": 30861}, {"x": 19461.0, "y": 24225.0, "id": 30837}, {"x": 19316.0, "y": 24437.0, "id": 30838}, {"x": 19370.0, "y": 24258.0, "id": 30840}, {"x": 19395.0, "y": 24366.0, "id": 30779}, {"x": 18922.0, "y": 24193.0, "id": 30814}], "links": [{"weight": 1, "source": 30818, "target": 30858}, {"weight": 3, "source": 30818, "target": 30822}, {"weight": 2, "source": 30818, "target": 30861}, {"weight": 2, "source": 30822, "target": 30861}, {"weight": 1, "source": 30822, "target": 30825}, {"weight": 1, "source": 30858, "target": 30779}, {"weight": 1, "source": 30858, "target": 30838}, {"weight": 1, "source": 30858, "target": 30840}, {"weight": 1, "source": 30827, "target": 30814}, {"weight": 1, "source": 30827, "target": 30861}, {"weight": 1, "source": 30837, "target": 30840}], "similarity": "0.7757911135427189"}