{"directed": false, "multigraph": false, "graph": {}, "nodes": [{"x": 8697.0, "y": 22437.0, "id": 5184}, {"x": 8942.0, "y": 22244.0, "id": 5186}, {"x": 8715.0, "y": 22170.0, "id": 5187}, {"x": 8654.0, "y": 22085.0, "id": 5128}, {"x": 8918.0, "y": 22518.0, "id": 5194}, {"x": 8875.0, "y": 22424.0, "id": 5164}, {"x": 8621.0, "y": 22143.0, "id": 5215}, {"x": 8955.0, "y": 22352.0, "id": 5166}, {"x": 8972.0, "y": 22391.0, "id": 5167}, {"x": 9069.0, "y": 22421.0, "id": 5168}, {"x": 8781.0, "y": 22267.0, "id": 5177}, {"x": 8784.0, "y": 22372.0, "id": 5178}, {"x": 8733.0, "y": 22073.0, "id": 5212}, {"x": 8877.0, "y": 22330.0, "id": 5181}, {"x": 8627.0, "y": 22499.0, "id": 5182}, {"x": 8936.0, "y": 22425.0, "id": 5183}], "links": [{"weight": 2, "source": 5184, "target": 5178}, {"weight": 7, "source": 5184, "target": 5182}, {"weight": 1, "source": 5186, "target": 5181}, {"weight": 1, "source": 5187, "target": 5128}, {"weight": 1, "source": 5187, "target": 5177}, {"weight": 1, "source": 5187, "target": 5212}, {"weight": 16, "source": 5187, "target": 5215}, {"weight": 2, "source": 5194, "target": 5164}, {"weight": 52, "source": 5194, "target": 5183}, {"weight": 1, "source": 5164, "target": 5178}, {"weight": 1, "source": 5164, "target": 5167}, {"weight": 2, "source": 5164, "target": 5183}, {"weight": 1, "source": 5164, "target": 5166}, {"weight": 5, "source": 5166, "target": 5181}, {"weight": 1, "source": 5167, "target": 5168}, {"weight": 1, "source": 5167, "target": 5181}, {"weight": 25, "source": 5177, "target": 5178}, {"weight": 3, "source": 5177, "target": 5181}, {"weight": 4, "source": 5178, "target": 5181}, {"weight": 3, "source": 5181, "target": 5183}], "similarity": "0.7070404453562794"}