{"directed": false, "multigraph": false, "graph": {}, "nodes": [{"x": 18227.0, "y": 18027.0, "id": 7460}, {"x": 18197.0, "y": 18231.0, "id": 7461}, {"x": 18505.0, "y": 18022.0, "id": 7462}, {"x": 18380.0, "y": 18049.0, "id": 7463}, {"x": 18158.0, "y": 18345.0, "id": 7464}, {"x": 18240.0, "y": 18321.0, "id": 7465}, {"x": 18275.0, "y": 18122.0, "id": 7466}, {"x": 18089.0, "y": 18420.0, "id": 7467}, {"x": 18114.0, "y": 18277.0, "id": 7468}, {"x": 18617.0, "y": 18042.0, "id": 7469}, {"x": 18255.0, "y": 17879.0, "id": 7470}, {"x": 18275.0, "y": 18203.0, "id": 7471}, {"x": 18162.0, "y": 17855.0, "id": 7472}, {"x": 18416.0, "y": 17957.0, "id": 7473}, {"x": 18573.0, "y": 17936.0, "id": 7474}, {"x": 18714.0, "y": 18021.0, "id": 7475}, {"x": 18094.0, "y": 18210.0, "id": 7476}, {"x": 18307.0, "y": 17968.0, "id": 7477}, {"x": 18703.0, "y": 18085.0, "id": 7478}, {"x": 18621.0, "y": 17850.0, "id": 7479}, {"x": 18153.0, "y": 18443.0, "id": 7480}, {"x": 18161.0, "y": 17953.0, "id": 7481}], "links": [{"weight": 1, "source": 7460, "target": 7466}, {"weight": 1, "source": 7460, "target": 7481}, {"weight": 1, "source": 7460, "target": 7477}, {"weight": 14, "source": 7461, "target": 7466}, {"weight": 1, "source": 7461, "target": 7471}, {"weight": 4, "source": 7461, "target": 7468}, {"weight": 18, "source": 7461, "target": 7464}, {"weight": 1, "source": 7461, "target": 7476}, {"weight": 2, "source": 7461, "target": 7465}, {"weight": 2, "source": 7462, "target": 7474}, {"weight": 1, "source": 7462, "target": 7469}, {"weight": 1, "source": 7462, "target": 7463}, {"weight": 5, "source": 7463, "target": 7477}, {"weight": 2, "source": 7463, "target": 7466}, {"weight": 1, "source": 7463, "target": 7473}, {"weight": 7, "source": 7464, "target": 7468}, {"weight": 1, "source": 7464, "target": 7465}, {"weight": 2, "source": 7464, "target": 7480}, {"weight": 1, "source": 7464, "target": 7467}, {"weight": 7, "source": 7466, "target": 7471}, {"weight": 10, "source": 7468, "target": 7476}, {"weight": 1, "source": 7469, "target": 7478}, {"weight": 1, "source": 7469, "target": 7475}, {"weight": 1, "source": 7470, "target": 7477}, {"weight": 1, "source": 7470, "target": 7472}, {"weight": 13, "source": 7472, "target": 7481}, {"weight": 1, "source": 7474, "target": 7479}], "similarity": "0.7734040639625874"}