{"directed": false, "multigraph": false, "graph": {}, "nodes": [{"x": 16262.0, "y": 23200.0, "id": 29892}, {"x": 16149.0, "y": 23290.0, "id": 29893}, {"x": 16180.0, "y": 23376.0, "id": 29894}, {"x": 16885.0, "y": 23341.0, "id": 29896}, {"x": 16793.0, "y": 23291.0, "id": 29897}, {"x": 16562.0, "y": 23239.0, "id": 29898}, {"x": 16768.0, "y": 23106.0, "id": 29899}, {"x": 16677.0, "y": 23276.0, "id": 29902}, {"x": 16587.0, "y": 23134.0, "id": 29903}, {"x": 16338.0, "y": 23265.0, "id": 29905}, {"x": 16399.0, "y": 23185.0, "id": 29906}, {"x": 16241.0, "y": 23309.0, "id": 29907}, {"x": 16741.0, "y": 23200.0, "id": 29908}, {"x": 16494.0, "y": 23163.0, "id": 29909}, {"x": 16824.0, "y": 23191.0, "id": 29911}, {"x": 16737.0, "y": 23007.0, "id": 29912}, {"x": 16677.0, "y": 23073.0, "id": 29913}, {"x": 16450.0, "y": 23271.0, "id": 29917}, {"x": 16960.0, "y": 23383.0, "id": 29918}, {"x": 16770.0, "y": 23024.0, "id": 29919}, {"x": 16703.0, "y": 23367.0, "id": 29922}], "links": [{"weight": 1, "source": 29892, "target": 29905}, {"weight": 1, "source": 29893, "target": 29907}, {"weight": 1, "source": 29894, "target": 29907}, {"weight": 1, "source": 29896, "target": 29897}, {"weight": 1, "source": 29896, "target": 29918}, {"weight": 2, "source": 29897, "target": 29902}, {"weight": 2, "source": 29897, "target": 29911}, {"weight": 2, "source": 29898, "target": 29909}, {"weight": 8, "source": 29898, "target": 29903}, {"weight": 1, "source": 29898, "target": 29917}, {"weight": 4, "source": 29898, "target": 29902}, {"weight": 3, "source": 29899, "target": 29911}, {"weight": 9, "source": 29899, "target": 29908}, {"weight": 1, "source": 29899, "target": 29912}, {"weight": 4, "source": 29899, "target": 29919}, {"weight": 1, "source": 29899, "target": 29913}, {"weight": 2, "source": 29902, "target": 29922}, {"weight": 1, "source": 29902, "target": 29908}, {"weight": 1, "source": 29903, "target": 29909}, {"weight": 1, "source": 29903, "target": 29913}, {"weight": 3, "source": 29905, "target": 29917}, {"weight": 1, "source": 29905, "target": 29906}, {"weight": 1, "source": 29905, "target": 29907}, {"weight": 12, "source": 29906, "target": 29909}, {"weight": 1, "source": 29912, "target": 29913}, {"weight": 3, "source": 29913, "target": 29919}], "similarity": "0.7839314351289133"}