{"directed": false, "multigraph": false, "graph": {}, "nodes": [{"x": 130.0, "y": 24742.0, "id": 12163}, {"x": 112.0, "y": 24641.0, "id": 12164}, {"x": 904.0, "y": 24630.0, "id": 12165}, {"x": 1014.0, "y": 24592.0, "id": 12167}, {"x": 195.0, "y": 24681.0, "id": 12168}, {"x": 307.0, "y": 24656.0, "id": 12169}, {"x": 841.0, "y": 24504.0, "id": 12170}, {"x": 1211.0, "y": 24600.0, "id": 12171}, {"x": 95.0, "y": 24714.0, "id": 12172}, {"x": 989.0, "y": 24676.0, "id": 12173}, {"x": 935.0, "y": 24536.0, "id": 12174}, {"x": 426.0, "y": 24647.0, "id": 12175}, {"x": 1120.0, "y": 24575.0, "id": 12176}, {"x": 143.0, "y": 24588.0, "id": 12177}, {"x": 818.0, "y": 24766.0, "id": 12179}, {"x": 1203.0, "y": 24532.0, "id": 12180}, {"x": 787.0, "y": 24669.0, "id": 12181}, {"x": 546.0, "y": 24638.0, "id": 12183}, {"x": 836.0, "y": 24569.0, "id": 12185}, {"x": 747.0, "y": 24557.0, "id": 12189}, {"x": 218.0, "y": 24612.0, "id": 12190}, {"x": 671.0, "y": 24633.0, "id": 12191}, {"x": 15.0, "y": 24666.0, "id": 12144}, {"x": 754.0, "y": 24762.0, "id": 12146}], "links": [{"weight": 1, "source": 12163, "target": 12164}, {"weight": 1, "source": 12163, "target": 12168}, {"weight": 6, "source": 12164, "target": 12144}, {"weight": 1, "source": 12164, "target": 12190}, {"weight": 11, "source": 12164, "target": 12172}, {"weight": 20, "source": 12165, "target": 12167}, {"weight": 1, "source": 12165, "target": 12185}, {"weight": 13, "source": 12165, "target": 12174}, {"weight": 1, "source": 12165, "target": 12173}, {"weight": 1, "source": 12165, "target": 12181}, {"weight": 18, "source": 12167, "target": 12174}, {"weight": 2, "source": 12167, "target": 12176}, {"weight": 1, "source": 12167, "target": 12173}, {"weight": 4, "source": 12168, "target": 12190}, {"weight": 2, "source": 12168, "target": 12177}, {"weight": 2, "source": 12168, "target": 12172}, {"weight": 1, "source": 12168, "target": 12169}, {"weight": 1, "source": 12169, "target": 12190}, {"weight": 2, "source": 12169, "target": 12175}, {"weight": 1, "source": 12170, "target": 12174}, {"weight": 1, "source": 12170, "target": 12189}, {"weight": 2, "source": 12171, "target": 12176}, {"weight": 5, "source": 12172, "target": 12144}, {"weight": 1, "source": 12175, "target": 12183}, {"weight": 1, "source": 12176, "target": 12180}, {"weight": 2, "source": 12177, "target": 12190}, {"weight": 12, "source": 12179, "target": 12181}, {"weight": 1, "source": 12181, "target": 12146}, {"weight": 1, "source": 12181, "target": 12191}, {"weight": 2, "source": 12183, "target": 12191}, {"weight": 8, "source": 12185, "target": 12189}, {"weight": 2, "source": 12189, "target": 12191}], "similarity": "0.7691378509135182"}