{"directed": false, "multigraph": false, "graph": {}, "nodes": [{"x": 15894.0, "y": 22900.0, "id": 20994}, {"x": 16045.0, "y": 22960.0, "id": 20996}, {"x": 15874.0, "y": 22699.0, "id": 20997}, {"x": 16108.0, "y": 22916.0, "id": 21000}, {"x": 16175.0, "y": 22876.0, "id": 21002}, {"x": 15883.0, "y": 22797.0, "id": 21003}, {"x": 16099.0, "y": 22695.0, "id": 21009}, {"x": 16159.0, "y": 22829.0, "id": 21013}, {"x": 15776.0, "y": 22642.0, "id": 21014}, {"x": 16243.0, "y": 22958.0, "id": 21015}, {"x": 16205.0, "y": 22851.0, "id": 21017}, {"x": 16198.0, "y": 22746.0, "id": 21018}, {"x": 16088.0, "y": 22787.0, "id": 21019}, {"x": 16115.0, "y": 22592.0, "id": 21021}, {"x": 15984.0, "y": 22750.0, "id": 21022}, {"x": 15995.0, "y": 22862.0, "id": 21023}, {"x": 15991.0, "y": 22939.0, "id": 21026}, {"x": 15676.0, "y": 22644.0, "id": 21027}, {"x": 16196.0, "y": 22657.0, "id": 21028}, {"x": 15811.0, "y": 22866.0, "id": 21029}, {"x": 15727.0, "y": 22560.0, "id": 21031}, {"x": 16043.0, "y": 22693.0, "id": 20989}], "links": [{"weight": 1, "source": 20994, "target": 21003}, {"weight": 1, "source": 20994, "target": 21029}, {"weight": 1, "source": 20994, "target": 21026}, {"weight": 2, "source": 20996, "target": 21023}, {"weight": 4, "source": 20996, "target": 21000}, {"weight": 2, "source": 20996, "target": 21026}, {"weight": 1, "source": 20997, "target": 21003}, {"weight": 3, "source": 20997, "target": 21022}, {"weight": 1, "source": 20997, "target": 21014}, {"weight": 1, "source": 21000, "target": 21002}, {"weight": 2, "source": 21000, "target": 21017}, {"weight": 1, "source": 21000, "target": 21013}, {"weight": 2, "source": 21000, "target": 21026}, {"weight": 17, "source": 21002, "target": 21019}, {"weight": 3, "source": 21002, "target": 21015}, {"weight": 2, "source": 21003, "target": 21022}, {"weight": 5, "source": 21003, "target": 21029}, {"weight": 6, "source": 21009, "target": 21028}, {"weight": 5, "source": 21009, "target": 21021}, {"weight": 1, "source": 21009, "target": 21022}, {"weight": 1, "source": 21009, "target": 21018}, {"weight": 1, "source": 21009, "target": 21019}, {"weight": 1, "source": 21013, "target": 21019}, {"weight": 1, "source": 21013, "target": 21018}, {"weight": 25, "source": 21014, "target": 21027}, {"weight": 1, "source": 21014, "target": 21031}, {"weight": 1, "source": 21017, "target": 21018}, {"weight": 11, "source": 21018, "target": 21028}, {"weight": 1, "source": 21019, "target": 20989}, {"weight": 1, "source": 21019, "target": 21022}, {"weight": 1, "source": 21022, "target": 20989}, {"weight": 2, "source": 21022, "target": 21023}], "similarity": "0.8258523760076738"}