{"directed": false, "multigraph": false, "graph": {}, "nodes": [{"x": 20018.0, "y": 24606.0, "id": 10915}, {"x": 19936.0, "y": 24671.0, "id": 10950}, {"x": 20123.0, "y": 24640.0, "id": 10951}, {"x": 20034.0, "y": 24692.0, "id": 10921}, {"x": 19840.0, "y": 24710.0, "id": 10922}, {"x": 20229.0, "y": 24602.0, "id": 10955}, {"x": 19963.0, "y": 24521.0, "id": 10959}, {"x": 19757.0, "y": 24755.0, "id": 10930}, {"x": 20165.0, "y": 24733.0, "id": 10932}, {"x": 20332.0, "y": 24614.0, "id": 10967}, {"x": 20425.0, "y": 24595.0, "id": 10968}, {"x": 20278.0, "y": 24515.0, "id": 10907}], "links": [{"weight": 2, "source": 10915, "target": 10951}, {"weight": 8, "source": 10915, "target": 10921}, {"weight": 4, "source": 10915, "target": 10950}, {"weight": 1, "source": 10915, "target": 10959}, {"weight": 4, "source": 10950, "target": 10921}, {"weight": 1, "source": 10950, "target": 10922}, {"weight": 2, "source": 10951, "target": 10921}, {"weight": 18, "source": 10951, "target": 10932}, {"weight": 1, "source": 10951, "target": 10955}, {"weight": 1, "source": 10922, "target": 10930}, {"weight": 3, "source": 10955, "target": 10907}, {"weight": 1, "source": 10955, "target": 10967}, {"weight": 29, "source": 10967, "target": 10968}], "similarity": "0.757428062901992"}