{"directed": false, "multigraph": false, "graph": {}, "nodes": [{"x": 3247.0, "y": 25813.0, "id": 29793}, {"x": 3139.0, "y": 25818.0, "id": 29798}, {"x": 3211.0, "y": 25719.0, "id": 29799}, {"x": 2844.0, "y": 25723.0, "id": 29803}, {"x": 3447.0, "y": 25864.0, "id": 29809}, {"x": 3535.0, "y": 25882.0, "id": 29813}, {"x": 3110.0, "y": 25728.0, "id": 29815}, {"x": 3350.0, "y": 25842.0, "id": 29816}, {"x": 2935.0, "y": 25756.0, "id": 29820}, {"x": 3034.0, "y": 25796.0, "id": 29821}, {"x": 2972.0, "y": 25878.0, "id": 29823}], "links": [{"weight": 6, "source": 29793, "target": 29816}, {"weight": 1, "source": 29793, "target": 29798}, {"weight": 1, "source": 29793, "target": 29799}, {"weight": 15, "source": 29798, "target": 29821}, {"weight": 1, "source": 29798, "target": 29815}, {"weight": 1, "source": 29799, "target": 29815}, {"weight": 6, "source": 29803, "target": 29820}, {"weight": 2, "source": 29809, "target": 29816}, {"weight": 1, "source": 29809, "target": 29813}, {"weight": 4, "source": 29815, "target": 29821}, {"weight": 12, "source": 29820, "target": 29821}, {"weight": 135, "source": 29821, "target": 29823}], "similarity": "0.7722137674012959"}