{"directed": false, "multigraph": false, "graph": {}, "nodes": [{"x": 24255.0, "y": 6134.0, "id": 8322}, {"x": 24243.0, "y": 6228.0, "id": 8331}, {"x": 24339.0, "y": 6185.0, "id": 8337}, {"x": 24156.0, "y": 6282.0, "id": 8341}, {"x": 24543.0, "y": 6256.0, "id": 8342}, {"x": 24639.0, "y": 6289.0, "id": 8343}, {"x": 24334.0, "y": 6084.0, "id": 8347}, {"x": 24444.0, "y": 6222.0, "id": 8348}], "links": [{"weight": 12, "source": 8322, "target": 8347}, {"weight": 16, "source": 8322, "target": 8331}, {"weight": 10, "source": 8322, "target": 8337}, {"weight": 72, "source": 8331, "target": 8341}, {"weight": 83, "source": 8331, "target": 8337}, {"weight": 16, "source": 8337, "target": 8348}, {"weight": 1, "source": 8337, "target": 8347}, {"weight": 6, "source": 8342, "target": 8343}, {"weight": 1, "source": 8342, "target": 8348}], "similarity": "0.7224219619614705"}