{"directed": false, "multigraph": false, "graph": {}, "nodes": [{"x": 22752.0, "y": 22666.0, "id": 34947}, {"x": 22727.0, "y": 22748.0, "id": 34948}, {"x": 22809.0, "y": 22581.0, "id": 34955}, {"x": 22460.0, "y": 22804.0, "id": 34956}, {"x": 22235.0, "y": 22629.0, "id": 34957}, {"x": 22775.0, "y": 22913.0, "id": 34959}, {"x": 22172.0, "y": 22562.0, "id": 34898}, {"x": 22536.0, "y": 22856.0, "id": 34899}, {"x": 22661.0, "y": 22745.0, "id": 34902}, {"x": 22331.0, "y": 22662.0, "id": 34908}, {"x": 22633.0, "y": 22784.0, "id": 34918}, {"x": 22542.0, "y": 22750.0, "id": 34920}, {"x": 22144.0, "y": 22630.0, "id": 34927}, {"x": 22897.0, "y": 22562.0, "id": 34928}, {"x": 22687.0, "y": 22861.0, "id": 34932}, {"x": 22717.0, "y": 22958.0, "id": 34935}, {"x": 22435.0, "y": 22700.0, "id": 34936}, {"x": 22853.0, "y": 22651.0, "id": 34939}, {"x": 22605.0, "y": 22925.0, "id": 34940}], "links": [{"weight": 1, "source": 34947, "target": 34902}, {"weight": 2, "source": 34947, "target": 34939}, {"weight": 2, "source": 34947, "target": 34948}, {"weight": 1, "source": 34947, "target": 34955}, {"weight": 1, "source": 34948, "target": 34918}, {"weight": 59, "source": 34955, "target": 34928}, {"weight": 7, "source": 34955, "target": 34939}, {"weight": 1, "source": 34956, "target": 34920}, {"weight": 2, "source": 34957, "target": 34898}, {"weight": 1, "source": 34957, "target": 34908}, {"weight": 2, "source": 34957, "target": 34927}, {"weight": 1, "source": 34959, "target": 34932}, {"weight": 1, "source": 34899, "target": 34920}, {"weight": 1, "source": 34899, "target": 34940}, {"weight": 1, "source": 34902, "target": 34932}, {"weight": 3, "source": 34902, "target": 34920}, {"weight": 1, "source": 34908, "target": 34936}, {"weight": 1, "source": 34918, "target": 34932}, {"weight": 3, "source": 34918, "target": 34920}, {"weight": 1, "source": 34920, "target": 34936}, {"weight": 2, "source": 34928, "target": 34939}, {"weight": 1, "source": 34932, "target": 34940}, {"weight": 1, "source": 34932, "target": 34935}], "similarity": "0.7344646618036428"}