{"directed": false, "multigraph": false, "graph": {}, "nodes": [{"x": 22280.0, "y": 13472.0, "id": 7362}, {"x": 22458.0, "y": 13175.0, "id": 7364}, {"x": 22521.0, "y": 13180.0, "id": 7365}, {"x": 22427.0, "y": 13512.0, "id": 7367}, {"x": 22363.0, "y": 13463.0, "id": 7370}, {"x": 22756.0, "y": 13566.0, "id": 7371}, {"x": 22406.0, "y": 13220.0, "id": 7372}, {"x": 22511.0, "y": 13500.0, "id": 7374}, {"x": 22673.0, "y": 13512.0, "id": 7342}, {"x": 22270.0, "y": 13524.0, "id": 7345}, {"x": 22466.0, "y": 13408.0, "id": 7378}, {"x": 22494.0, "y": 13276.0, "id": 7347}, {"x": 22575.0, "y": 13197.0, "id": 7377}, {"x": 22336.0, "y": 13558.0, "id": 7348}, {"x": 22578.0, "y": 13453.0, "id": 7352}, {"x": 22589.0, "y": 13255.0, "id": 7353}, {"x": 22357.0, "y": 13403.0, "id": 7354}], "links": [{"weight": 1, "source": 7362, "target": 7348}, {"weight": 2, "source": 7362, "target": 7354}, {"weight": 1, "source": 7364, "target": 7347}, {"weight": 3, "source": 7365, "target": 7347}, {"weight": 4, "source": 7365, "target": 7353}, {"weight": 1, "source": 7365, "target": 7377}, {"weight": 3, "source": 7367, "target": 7348}, {"weight": 2, "source": 7367, "target": 7378}, {"weight": 1, "source": 7367, "target": 7370}, {"weight": 32, "source": 7370, "target": 7345}, {"weight": 1, "source": 7370, "target": 7378}, {"weight": 1, "source": 7371, "target": 7342}, {"weight": 3, "source": 7372, "target": 7347}, {"weight": 1, "source": 7374, "target": 7352}, {"weight": 2, "source": 7374, "target": 7378}, {"weight": 1, "source": 7342, "target": 7352}, {"weight": 1, "source": 7378, "target": 7347}, {"weight": 3, "source": 7378, "target": 7352}, {"weight": 1, "source": 7378, "target": 7354}, {"weight": 32, "source": 7347, "target": 7353}, {"weight": 5, "source": 7347, "target": 7377}, {"weight": 11, "source": 7377, "target": 7353}], "similarity": "0.7581679086117838"}