{"directed": false, "multigraph": false, "graph": {}, "nodes": [{"x": 24012.0, "y": 18741.0, "id": 6593}, {"x": 24241.0, "y": 18727.0, "id": 6562}, {"x": 24097.0, "y": 18925.0, "id": 6595}, {"x": 24340.0, "y": 18720.0, "id": 6564}, {"x": 23940.0, "y": 18895.0, "id": 6629}, {"x": 23749.0, "y": 18712.0, "id": 6565}, {"x": 24249.0, "y": 18882.0, "id": 6604}, {"x": 23951.0, "y": 18763.0, "id": 6578}, {"x": 23847.0, "y": 18745.0, "id": 6579}, {"x": 24038.0, "y": 18838.0, "id": 6587}, {"x": 24279.0, "y": 18798.0, "id": 6583}, {"x": 24168.0, "y": 18812.0, "id": 6584}, {"x": 23935.0, "y": 18803.0, "id": 6619}, {"x": 23964.0, "y": 18888.0, "id": 6589}, {"x": 24018.0, "y": 18946.0, "id": 6622}], "links": [{"weight": 15, "source": 6593, "target": 6587}, {"weight": 4, "source": 6593, "target": 6619}, {"weight": 2, "source": 6562, "target": 6583}, {"weight": 2, "source": 6562, "target": 6564}, {"weight": 3, "source": 6562, "target": 6584}, {"weight": 1, "source": 6595, "target": 6587}, {"weight": 1, "source": 6595, "target": 6622}, {"weight": 3, "source": 6564, "target": 6583}, {"weight": 19, "source": 6629, "target": 6587}, {"weight": 19, "source": 6629, "target": 6619}, {"weight": 4, "source": 6629, "target": 6622}, {"weight": 1, "source": 6565, "target": 6579}, {"weight": 31, "source": 6604, "target": 6584}, {"weight": 24, "source": 6578, "target": 6579}, {"weight": 1, "source": 6578, "target": 6587}, {"weight": 1, "source": 6579, "target": 6619}, {"weight": 2, "source": 6587, "target": 6584}, {"weight": 2, "source": 6587, "target": 6589}, {"weight": 20, "source": 6587, "target": 6619}, {"weight": 1, "source": 6587, "target": 6622}, {"weight": 1, "source": 6583, "target": 6584}, {"weight": 2, "source": 6619, "target": 6589}, {"weight": 13, "source": 6589, "target": 6622}], "similarity": "0.7757307791742195"}