{"directed": false, "multigraph": false, "graph": {}, "nodes": [{"x": 23293.0, "y": 8485.0, "id": 29632}, {"x": 23356.0, "y": 8411.0, "id": 29633}, {"x": 23349.0, "y": 8562.0, "id": 29602}, {"x": 23286.0, "y": 8371.0, "id": 29634}, {"x": 23411.0, "y": 8477.0, "id": 29604}, {"x": 23241.0, "y": 8581.0, "id": 29608}, {"x": 23340.0, "y": 8391.0, "id": 29610}, {"x": 23244.0, "y": 8547.0, "id": 29617}, {"x": 23237.0, "y": 8426.0, "id": 29619}, {"x": 23175.0, "y": 8335.0, "id": 29622}, {"x": 23166.0, "y": 8628.0, "id": 29625}, {"x": 23440.0, "y": 8341.0, "id": 29627}, {"x": 23298.0, "y": 8644.0, "id": 29628}, {"x": 23130.0, "y": 8402.0, "id": 29630}], "links": [{"weight": 1, "source": 29632, "target": 29602}, {"weight": 6, "source": 29632, "target": 29608}, {"weight": 1, "source": 29632, "target": 29619}, {"weight": 16, "source": 29632, "target": 29633}, {"weight": 9, "source": 29632, "target": 29634}, {"weight": 1, "source": 29633, "target": 29604}, {"weight": 1, "source": 29633, "target": 29619}, {"weight": 1, "source": 29633, "target": 29627}, {"weight": 115, "source": 29633, "target": 29634}, {"weight": 5, "source": 29602, "target": 29617}, {"weight": 5, "source": 29602, "target": 29628}, {"weight": 1, "source": 29602, "target": 29604}, {"weight": 1, "source": 29634, "target": 29619}, {"weight": 2, "source": 29604, "target": 29610}, {"weight": 2, "source": 29608, "target": 29625}, {"weight": 1, "source": 29608, "target": 29628}, {"weight": 1, "source": 29610, "target": 29619}, {"weight": 3, "source": 29617, "target": 29619}, {"weight": 13, "source": 29617, "target": 29625}, {"weight": 2, "source": 29617, "target": 29628}, {"weight": 3, "source": 29619, "target": 29622}, {"weight": 1, "source": 29619, "target": 29630}], "similarity": "0.7161148740394329"}