{"directed": false, "multigraph": false, "graph": {}, "nodes": [{"x": 23343.0, "y": 22263.0, "id": 6720}, {"x": 23585.0, "y": 22337.0, "id": 6721}, {"x": 23472.0, "y": 22310.0, "id": 6722}, {"x": 23346.0, "y": 22142.0, "id": 6723}, {"x": 23230.0, "y": 22216.0, "id": 6727}, {"x": 23263.0, "y": 22186.0, "id": 6699}, {"x": 23267.0, "y": 22362.0, "id": 6732}, {"x": 23640.0, "y": 22422.0, "id": 6733}, {"x": 23243.0, "y": 22286.0, "id": 6706}, {"x": 23539.0, "y": 22404.0, "id": 6708}, {"x": 23167.0, "y": 22360.0, "id": 6709}, {"x": 23564.0, "y": 22250.0, "id": 6713}, {"x": 23200.0, "y": 22449.0, "id": 6714}, {"x": 23410.0, "y": 22188.0, "id": 6717}, {"x": 23308.0, "y": 22202.0, "id": 6718}], "links": [{"weight": 30, "source": 6720, "target": 6699}, {"weight": 20, "source": 6720, "target": 6706}, {"weight": 1, "source": 6720, "target": 6717}, {"weight": 2, "source": 6720, "target": 6718}, {"weight": 2, "source": 6720, "target": 6722}, {"weight": 7, "source": 6720, "target": 6723}, {"weight": 1, "source": 6720, "target": 6732}, {"weight": 15, "source": 6720, "target": 6727}, {"weight": 2, "source": 6721, "target": 6708}, {"weight": 2, "source": 6721, "target": 6733}, {"weight": 4, "source": 6721, "target": 6722}, {"weight": 1, "source": 6722, "target": 6708}, {"weight": 33, "source": 6722, "target": 6713}, {"weight": 4, "source": 6723, "target": 6699}, {"weight": 1, "source": 6723, "target": 6717}, {"weight": 13, "source": 6723, "target": 6718}, {"weight": 11, "source": 6727, "target": 6706}, {"weight": 1, "source": 6727, "target": 6718}, {"weight": 26, "source": 6699, "target": 6706}, {"weight": 27, "source": 6732, "target": 6709}, {"weight": 2, "source": 6732, "target": 6714}, {"weight": 3, "source": 6733, "target": 6708}, {"weight": 1, "source": 6706, "target": 6709}, {"weight": 2, "source": 6706, "target": 6718}, {"weight": 2, "source": 6709, "target": 6714}, {"weight": 2, "source": 6717, "target": 6718}], "similarity": "0.7559895148215658"}