{"directed": false, "multigraph": false, "graph": {}, "nodes": [{"x": 20977.0, "y": 24515.0, "id": 10977}, {"x": 21031.0, "y": 24614.0, "id": 11042}, {"x": 21124.0, "y": 24595.0, "id": 11043}, {"x": 20716.0, "y": 24606.0, "id": 10990}, {"x": 20733.0, "y": 24692.0, "id": 10992}, {"x": 20822.0, "y": 24640.0, "id": 11025}, {"x": 20635.0, "y": 24671.0, "id": 11024}, {"x": 20539.0, "y": 24710.0, "id": 10993}, {"x": 20928.0, "y": 24602.0, "id": 11029}, {"x": 20662.0, "y": 24521.0, "id": 11033}, {"x": 20456.0, "y": 24755.0, "id": 11003}, {"x": 20864.0, "y": 24733.0, "id": 11005}], "links": [{"weight": 6, "source": 10977, "target": 11029}, {"weight": 1, "source": 11042, "target": 11029}, {"weight": 27, "source": 11042, "target": 11043}, {"weight": 2, "source": 10990, "target": 11025}, {"weight": 8, "source": 10990, "target": 10992}, {"weight": 4, "source": 10990, "target": 11024}, {"weight": 3, "source": 10990, "target": 11033}, {"weight": 2, "source": 10992, "target": 11025}, {"weight": 5, "source": 10992, "target": 11024}, {"weight": 19, "source": 11025, "target": 11005}, {"weight": 1, "source": 11025, "target": 11029}, {"weight": 1, "source": 11024, "target": 10993}, {"weight": 1, "source": 10993, "target": 11003}], "similarity": "0.757428062901992"}