{"directed": false, "multigraph": false, "graph": {}, "nodes": [{"x": 15351.0, "y": 23271.0, "id": 32258}, {"x": 15187.0, "y": 23256.0, "id": 32261}, {"x": 15094.0, "y": 23315.0, "id": 32262}, {"x": 15450.0, "y": 23136.0, "id": 32263}, {"x": 15654.0, "y": 23383.0, "id": 32264}, {"x": 16038.0, "y": 23330.0, "id": 32267}, {"x": 15249.0, "y": 23104.0, "id": 32269}, {"x": 15759.0, "y": 23296.0, "id": 32270}, {"x": 15946.0, "y": 23321.0, "id": 32271}, {"x": 15859.0, "y": 23280.0, "id": 32272}, {"x": 15251.0, "y": 23006.0, "id": 32208}, {"x": 14996.0, "y": 23344.0, "id": 32217}, {"x": 15647.0, "y": 23284.0, "id": 32228}, {"x": 15849.0, "y": 23347.0, "id": 32232}, {"x": 14920.0, "y": 23383.0, "id": 32233}, {"x": 15293.0, "y": 23204.0, "id": 32242}, {"x": 15418.0, "y": 23222.0, "id": 32244}, {"x": 16118.0, "y": 23340.0, "id": 32247}, {"x": 15092.0, "y": 23225.0, "id": 32251}, {"x": 15188.0, "y": 23029.0, "id": 32253}, {"x": 15533.0, "y": 23253.0, "id": 32254}], "links": [{"weight": 10, "source": 32258, "target": 32242}, {"weight": 11, "source": 32258, "target": 32244}, {"weight": 1, "source": 32261, "target": 32242}, {"weight": 1, "source": 32261, "target": 32251}, {"weight": 12, "source": 32261, "target": 32262}, {"weight": 2, "source": 32262, "target": 32217}, {"weight": 92, "source": 32263, "target": 32244}, {"weight": 1, "source": 32264, "target": 32228}, {"weight": 1, "source": 32267, "target": 32247}, {"weight": 1, "source": 32267, "target": 32271}, {"weight": 2, "source": 32269, "target": 32208}, {"weight": 79, "source": 32269, "target": 32242}, {"weight": 106, "source": 32269, "target": 32253}, {"weight": 1, "source": 32270, "target": 32228}, {"weight": 1, "source": 32270, "target": 32232}, {"weight": 4, "source": 32270, "target": 32272}, {"weight": 2, "source": 32271, "target": 32232}, {"weight": 145, "source": 32271, "target": 32272}, {"weight": 2, "source": 32217, "target": 32233}, {"weight": 20, "source": 32228, "target": 32254}, {"weight": 3, "source": 32242, "target": 32244}, {"weight": 1, "source": 32244, "target": 32254}], "similarity": "0.7602026489971039"}