{"directed": false, "multigraph": false, "graph": {}, "nodes": [{"x": 21162.0, "y": 19534.0, "id": 6657}, {"x": 21443.0, "y": 19268.0, "id": 6658}, {"x": 20961.0, "y": 19507.0, "id": 6663}, {"x": 21641.0, "y": 19395.0, "id": 6668}, {"x": 21057.0, "y": 19504.0, "id": 6676}, {"x": 21523.0, "y": 19262.0, "id": 6678}, {"x": 21285.0, "y": 19542.0, "id": 6679}, {"x": 21651.0, "y": 19609.0, "id": 6680}, {"x": 21516.0, "y": 19525.0, "id": 6681}, {"x": 21626.0, "y": 19504.0, "id": 6684}, {"x": 21489.0, "y": 19367.0, "id": 6687}, {"x": 21734.0, "y": 19509.0, "id": 6690}, {"x": 21579.0, "y": 19717.0, "id": 6696}, {"x": 21417.0, "y": 19506.0, "id": 6630}, {"x": 21463.0, "y": 19434.0, "id": 6631}, {"x": 21569.0, "y": 19583.0, "id": 6633}, {"x": 21073.0, "y": 19583.0, "id": 6634}, {"x": 21726.0, "y": 19338.0, "id": 6635}, {"x": 21548.0, "y": 19617.0, "id": 6637}, {"x": 21561.0, "y": 19420.0, "id": 6638}, {"x": 21221.0, "y": 19631.0, "id": 6647}, {"x": 21548.0, "y": 19458.0, "id": 6650}, {"x": 21164.0, "y": 19710.0, "id": 6651}, {"x": 21507.0, "y": 19500.0, "id": 6653}, {"x": 21666.0, "y": 19449.0, "id": 6654}], "links": [{"weight": 1, "source": 6657, "target": 6634}, {"weight": 1, "source": 6657, "target": 6679}, {"weight": 1, "source": 6657, "target": 6676}, {"weight": 135, "source": 6658, "target": 6678}, {"weight": 2, "source": 6658, "target": 6687}, {"weight": 3, "source": 6663, "target": 6676}, {"weight": 3, "source": 6668, "target": 6635}, {"weight": 3, "source": 6668, "target": 6638}, {"weight": 2, "source": 6668, "target": 6650}, {"weight": 16, "source": 6668, "target": 6654}, {"weight": 3, "source": 6668, "target": 6684}, {"weight": 1, "source": 6678, "target": 6687}, {"weight": 1, "source": 6679, "target": 6630}, {"weight": 1, "source": 6679, "target": 6647}, {"weight": 3, "source": 6680, "target": 6633}, {"weight": 15, "source": 6680, "target": 6637}, {"weight": 1, "source": 6680, "target": 6684}, {"weight": 2, "source": 6681, "target": 6630}, {"weight": 1, "source": 6681, "target": 6631}, {"weight": 1, "source": 6681, "target": 6684}, {"weight": 1, "source": 6684, "target": 6638}, {"weight": 4, "source": 6684, "target": 6650}, {"weight": 3, "source": 6684, "target": 6654}, {"weight": 11, "source": 6684, "target": 6690}, {"weight": 6, "source": 6687, "target": 6638}, {"weight": 3, "source": 6687, "target": 6653}, {"weight": 1, "source": 6696, "target": 6637}, {"weight": 2, "source": 6630, "target": 6631}, {"weight": 1, "source": 6630, "target": 6653}, {"weight": 3, "source": 6630, "target": 6650}, {"weight": 1, "source": 6631, "target": 6653}, {"weight": 18, "source": 6631, "target": 6638}, {"weight": 1, "source": 6633, "target": 6653}, {"weight": 1, "source": 6637, "target": 6653}, {"weight": 4, "source": 6638, "target": 6653}, {"weight": 3, "source": 6647, "target": 6651}, {"weight": 2, "source": 6650, "target": 6654}, {"weight": 2, "source": 6650, "target": 6653}], "similarity": "0.8056989817238503"}