{"directed": false, "multigraph": false, "graph": {}, "nodes": [{"x": 24650.0, "y": 20678.0, "id": 34597}, {"x": 24750.0, "y": 20695.0, "id": 34601}, {"x": 24229.0, "y": 20710.0, "id": 34603}, {"x": 24330.0, "y": 20698.0, "id": 34604}, {"x": 24560.0, "y": 20812.0, "id": 34606}, {"x": 24545.0, "y": 20712.0, "id": 34611}, {"x": 24435.0, "y": 20689.0, "id": 34613}, {"x": 24724.0, "y": 20608.0, "id": 34614}, {"x": 24369.0, "y": 20615.0, "id": 34615}], "links": [{"weight": 36, "source": 34597, "target": 34614}, {"weight": 1, "source": 34597, "target": 34611}, {"weight": 6, "source": 34597, "target": 34601}, {"weight": 4, "source": 34601, "target": 34614}, {"weight": 1, "source": 34603, "target": 34604}, {"weight": 1, "source": 34604, "target": 34615}, {"weight": 1, "source": 34604, "target": 34613}, {"weight": 7, "source": 34606, "target": 34611}, {"weight": 1, "source": 34611, "target": 34613}, {"weight": 23, "source": 34613, "target": 34615}], "similarity": "0.7443314476960543"}