{"directed": false, "multigraph": false, "graph": {}, "nodes": [{"x": 21238.0, "y": 25184.0, "id": 29319}, {"x": 21189.0, "y": 25071.0, "id": 29351}, {"x": 21041.0, "y": 25209.0, "id": 29353}, {"x": 21313.0, "y": 25254.0, "id": 29354}, {"x": 21095.0, "y": 25062.0, "id": 29355}, {"x": 21283.0, "y": 25095.0, "id": 29327}, {"x": 21135.0, "y": 25155.0, "id": 29360}, {"x": 20950.0, "y": 25255.0, "id": 29361}], "links": [{"weight": 1, "source": 29319, "target": 29327}, {"weight": 15, "source": 29319, "target": 29354}, {"weight": 1, "source": 29319, "target": 29360}, {"weight": 1, "source": 29351, "target": 29327}, {"weight": 1, "source": 29351, "target": 29355}, {"weight": 1, "source": 29351, "target": 29360}, {"weight": 2, "source": 29353, "target": 29361}, {"weight": 1, "source": 29353, "target": 29360}, {"weight": 1, "source": 29355, "target": 29360}], "similarity": "0.7224219619614705"}