{"directed": false, "multigraph": false, "graph": {}, "nodes": [{"x": 6374.0, "y": 23423.0, "id": 32130}, {"x": 6009.0, "y": 23748.0, "id": 32131}, {"x": 6376.0, "y": 23527.0, "id": 32132}, {"x": 6391.0, "y": 23672.0, "id": 32134}, {"x": 6453.0, "y": 23466.0, "id": 32135}, {"x": 6001.0, "y": 23657.0, "id": 32138}, {"x": 6094.0, "y": 23688.0, "id": 32139}, {"x": 6445.0, "y": 23755.0, "id": 32142}, {"x": 6198.0, "y": 23649.0, "id": 32145}, {"x": 5919.0, "y": 23782.0, "id": 32147}, {"x": 6304.0, "y": 23612.0, "id": 32148}, {"x": 6450.0, "y": 23594.0, "id": 32155}], "links": [{"weight": 1, "source": 32130, "target": 32135}, {"weight": 1, "source": 32130, "target": 32132}, {"weight": 11, "source": 32131, "target": 32147}, {"weight": 1, "source": 32131, "target": 32139}, {"weight": 1, "source": 32131, "target": 32138}, {"weight": 3, "source": 32132, "target": 32155}, {"weight": 1, "source": 32132, "target": 32148}, {"weight": 1, "source": 32132, "target": 32135}, {"weight": 54, "source": 32134, "target": 32155}, {"weight": 11, "source": 32134, "target": 32148}, {"weight": 2, "source": 32134, "target": 32142}, {"weight": 30, "source": 32138, "target": 32139}, {"weight": 10, "source": 32139, "target": 32145}, {"weight": 23, "source": 32145, "target": 32148}], "similarity": "0.701729465267237"}