{"directed": false, "multigraph": false, "graph": {}, "nodes": [{"x": 26414.0, "y": 698.0, "id": 12461}, {"x": 26309.0, "y": 682.0, "id": 12434}, {"x": 26518.0, "y": 683.0, "id": 12436}, {"x": 26345.0, "y": 772.0, "id": 12439}, {"x": 26207.0, "y": 665.0, "id": 12440}, {"x": 26244.0, "y": 757.0, "id": 12447}], "links": [{"weight": 2, "source": 12461, "target": 12434}, {"weight": 24, "source": 12461, "target": 12436}, {"weight": 35, "source": 12461, "target": 12439}, {"weight": 117, "source": 12434, "target": 12447}, {"weight": 1, "source": 12434, "target": 12440}, {"weight": 6, "source": 12434, "target": 12439}, {"weight": 5, "source": 12439, "target": 12447}, {"weight": 1, "source": 12440, "target": 12447}], "similarity": "0.7648808633001188"}