{"directed": false, "multigraph": false, "graph": {}, "nodes": [{"x": 22680.0, "y": 16679.0, "id": 7264}, {"x": 22779.0, "y": 16877.0, "id": 7233}, {"x": 22562.0, "y": 16612.0, "id": 7232}, {"x": 22857.0, "y": 16529.0, "id": 7226}, {"x": 22763.0, "y": 16589.0, "id": 7237}, {"x": 22458.0, "y": 16549.0, "id": 7238}, {"x": 22775.0, "y": 16742.0, "id": 7239}, {"x": 22850.0, "y": 16817.0, "id": 7248}, {"x": 22481.0, "y": 16681.0, "id": 7250}, {"x": 22464.0, "y": 16614.0, "id": 7251}, {"x": 22720.0, "y": 16787.0, "id": 7253}, {"x": 22631.0, "y": 16778.0, "id": 7256}, {"x": 22947.0, "y": 16486.0, "id": 7257}, {"x": 22585.0, "y": 16510.0, "id": 7258}, {"x": 22773.0, "y": 16665.0, "id": 7260}, {"x": 22383.0, "y": 16489.0, "id": 7229}, {"x": 22586.0, "y": 16869.0, "id": 7230}, {"x": 22518.0, "y": 16527.0, "id": 7263}], "links": [{"weight": 1, "source": 7264, "target": 7232}, {"weight": 3, "source": 7264, "target": 7237}, {"weight": 1, "source": 7264, "target": 7239}, {"weight": 2, "source": 7264, "target": 7253}, {"weight": 1, "source": 7264, "target": 7256}, {"weight": 2, "source": 7264, "target": 7260}, {"weight": 1, "source": 7233, "target": 7248}, {"weight": 3, "source": 7233, "target": 7253}, {"weight": 32, "source": 7232, "target": 7238}, {"weight": 5, "source": 7232, "target": 7263}, {"weight": 3, "source": 7232, "target": 7251}, {"weight": 3, "source": 7232, "target": 7258}, {"weight": 1, "source": 7232, "target": 7250}, {"weight": 2, "source": 7226, "target": 7257}, {"weight": 1, "source": 7226, "target": 7237}, {"weight": 1, "source": 7237, "target": 7260}, {"weight": 6, "source": 7238, "target": 7229}, {"weight": 8, "source": 7238, "target": 7251}, {"weight": 13, "source": 7238, "target": 7263}, {"weight": 2, "source": 7239, "target": 7248}, {"weight": 19, "source": 7251, "target": 7263}, {"weight": 1, "source": 7253, "target": 7256}, {"weight": 69, "source": 7256, "target": 7230}], "similarity": "0.7642068217210624"}