{"directed": false, "multigraph": false, "graph": {}, "nodes": [{"x": 23618.0, "y": 18777.0, "id": 2021}, {"x": 23529.0, "y": 18845.0, "id": 2025}, {"x": 23620.0, "y": 18916.0, "id": 2032}, {"x": 23583.0, "y": 18920.0, "id": 2033}, {"x": 23399.0, "y": 18977.0, "id": 2007}, {"x": 23672.0, "y": 18860.0, "id": 2006}, {"x": 23428.0, "y": 18884.0, "id": 2039}, {"x": 23458.0, "y": 18758.0, "id": 2038}, {"x": 23718.0, "y": 18943.0, "id": 2041}, {"x": 23386.0, "y": 18682.0, "id": 2042}, {"x": 23686.0, "y": 18697.0, "id": 2045}, {"x": 23490.0, "y": 18942.0, "id": 2046}], "links": [{"weight": 13, "source": 2021, "target": 2006}, {"weight": 13, "source": 2021, "target": 2025}, {"weight": 1, "source": 2021, "target": 2045}, {"weight": 77, "source": 2025, "target": 2038}, {"weight": 3, "source": 2025, "target": 2032}, {"weight": 24, "source": 2025, "target": 2046}, {"weight": 2, "source": 2025, "target": 2039}, {"weight": 1, "source": 2025, "target": 2033}, {"weight": 13, "source": 2032, "target": 2006}, {"weight": 2, "source": 2032, "target": 2041}, {"weight": 2, "source": 2033, "target": 2006}, {"weight": 12, "source": 2033, "target": 2046}, {"weight": 10, "source": 2007, "target": 2039}, {"weight": 1, "source": 2007, "target": 2046}, {"weight": 1, "source": 2006, "target": 2041}, {"weight": 22, "source": 2038, "target": 2042}], "similarity": "0.7566118809941716"}