{"directed": false, "multigraph": false, "graph": {}, "nodes": [{"x": 14950.0, "y": 23425.0, "id": 32411}, {"x": 15359.0, "y": 23780.0, "id": 32413}, {"x": 14729.0, "y": 23710.0, "id": 32421}, {"x": 15424.0, "y": 23604.0, "id": 32432}, {"x": 15372.0, "y": 23689.0, "id": 32436}, {"x": 15617.0, "y": 23522.0, "id": 32437}, {"x": 14648.0, "y": 23739.0, "id": 32438}, {"x": 15424.0, "y": 23776.0, "id": 32442}, {"x": 15038.0, "y": 23600.0, "id": 32448}, {"x": 15168.0, "y": 23601.0, "id": 32450}, {"x": 15531.0, "y": 23639.0, "id": 32451}, {"x": 15636.0, "y": 23639.0, "id": 32454}, {"x": 14905.0, "y": 23748.0, "id": 32458}, {"x": 14879.0, "y": 23486.0, "id": 32460}, {"x": 15294.0, "y": 23619.0, "id": 32461}, {"x": 15104.0, "y": 23649.0, "id": 32465}, {"x": 14930.0, "y": 23653.0, "id": 32468}, {"x": 14821.0, "y": 23678.0, "id": 32469}, {"x": 15172.0, "y": 23508.0, "id": 32470}, {"x": 15723.0, "y": 23599.0, "id": 32473}, {"x": 14968.0, "y": 23519.0, "id": 32475}, {"x": 15517.0, "y": 23533.0, "id": 32476}, {"x": 15361.0, "y": 23595.0, "id": 32477}, {"x": 15702.0, "y": 23505.0, "id": 32478}, {"x": 15601.0, "y": 23477.0, "id": 32479}], "links": [{"weight": 2, "source": 32411, "target": 32475}, {"weight": 1, "source": 32413, "target": 32436}, {"weight": 2, "source": 32421, "target": 32438}, {"weight": 2, "source": 32421, "target": 32469}, {"weight": 17, "source": 32432, "target": 32461}, {"weight": 1, "source": 32432, "target": 32476}, {"weight": 18, "source": 32432, "target": 32436}, {"weight": 1, "source": 32432, "target": 32451}, {"weight": 1, "source": 32436, "target": 32442}, {"weight": 3, "source": 32436, "target": 32461}, {"weight": 3, "source": 32436, "target": 32477}, {"weight": 2, "source": 32437, "target": 32478}, {"weight": 1, "source": 32437, "target": 32476}, {"weight": 44, "source": 32448, "target": 32475}, {"weight": 2, "source": 32448, "target": 32450}, {"weight": 4, "source": 32448, "target": 32465}, {"weight": 1, "source": 32448, "target": 32468}, {"weight": 7, "source": 32450, "target": 32465}, {"weight": 68, "source": 32450, "target": 32470}, {"weight": 1, "source": 32450, "target": 32461}, {"weight": 1, "source": 32451, "target": 32454}, {"weight": 3, "source": 32454, "target": 32473}, {"weight": 1, "source": 32458, "target": 32468}, {"weight": 71, "source": 32460, "target": 32475}, {"weight": 1, "source": 32461, "target": 32477}, {"weight": 11, "source": 32468, "target": 32469}, {"weight": 7, "source": 32473, "target": 32478}, {"weight": 4, "source": 32476, "target": 32479}, {"weight": 91, "source": 32478, "target": 32479}], "similarity": "0.7069979871584883"}