{"directed": false, "multigraph": false, "graph": {}, "nodes": [{"x": 19602.0, "y": 22791.0, "id": 32273}, {"x": 19986.0, "y": 22958.0, "id": 32276}, {"x": 19707.0, "y": 22676.0, "id": 32277}, {"x": 19939.0, "y": 22868.0, "id": 32278}, {"x": 20070.0, "y": 22744.0, "id": 32284}, {"x": 19896.0, "y": 22958.0, "id": 32285}, {"x": 19938.0, "y": 22749.0, "id": 32286}, {"x": 20261.0, "y": 22839.0, "id": 32295}, {"x": 19694.0, "y": 22763.0, "id": 32296}, {"x": 19803.0, "y": 22735.0, "id": 32297}, {"x": 20346.0, "y": 22797.0, "id": 32301}, {"x": 20314.0, "y": 22580.0, "id": 32303}, {"x": 20182.0, "y": 22714.0, "id": 32304}, {"x": 20282.0, "y": 22722.0, "id": 32305}, {"x": 19810.0, "y": 22581.0, "id": 32306}, {"x": 19742.0, "y": 22817.0, "id": 32310}, {"x": 19870.0, "y": 22661.0, "id": 32316}, {"x": 19882.0, "y": 22758.0, "id": 32317}, {"x": 19869.0, "y": 22562.0, "id": 32322}, {"x": 19621.0, "y": 22632.0, "id": 32323}, {"x": 19983.0, "y": 22788.0, "id": 32324}, {"x": 20162.0, "y": 22812.0, "id": 32326}, {"x": 20243.0, "y": 22637.0, "id": 32332}, {"x": 20145.0, "y": 22663.0, "id": 32335}], "links": [{"weight": 6, "source": 32273, "target": 32296}, {"weight": 1, "source": 32276, "target": 32285}, {"weight": 2, "source": 32276, "target": 32278}, {"weight": 10, "source": 32277, "target": 32323}, {"weight": 1, "source": 32277, "target": 32297}, {"weight": 1, "source": 32277, "target": 32296}, {"weight": 3, "source": 32278, "target": 32286}, {"weight": 1, "source": 32278, "target": 32324}, {"weight": 3, "source": 32278, "target": 32285}, {"weight": 30, "source": 32284, "target": 32286}, {"weight": 9, "source": 32284, "target": 32324}, {"weight": 3, "source": 32284, "target": 32304}, {"weight": 2, "source": 32284, "target": 32326}, {"weight": 1, "source": 32284, "target": 32335}, {"weight": 10, "source": 32286, "target": 32317}, {"weight": 1, "source": 32286, "target": 32316}, {"weight": 5, "source": 32286, "target": 32297}, {"weight": 16, "source": 32295, "target": 32326}, {"weight": 1, "source": 32295, "target": 32301}, {"weight": 28, "source": 32296, "target": 32297}, {"weight": 19, "source": 32297, "target": 32317}, {"weight": 2, "source": 32297, "target": 32316}, {"weight": 1, "source": 32297, "target": 32310}, {"weight": 1, "source": 32301, "target": 32305}, {"weight": 1, "source": 32303, "target": 32332}, {"weight": 2, "source": 32304, "target": 32332}, {"weight": 1, "source": 32304, "target": 32305}, {"weight": 3, "source": 32305, "target": 32332}, {"weight": 1, "source": 32306, "target": 32316}, {"weight": 4, "source": 32316, "target": 32317}, {"weight": 6, "source": 32316, "target": 32322}, {"weight": 13, "source": 32317, "target": 32324}, {"weight": 1, "source": 32332, "target": 32335}], "similarity": "0.7714028584743319"}