{"directed": false, "multigraph": false, "graph": {}, "nodes": [{"x": 24201.0, "y": 18229.0, "id": 6466}, {"x": 24101.0, "y": 18239.0, "id": 6467}, {"x": 24521.0, "y": 18152.0, "id": 6471}, {"x": 24409.0, "y": 18148.0, "id": 6472}, {"x": 24171.0, "y": 18165.0, "id": 6506}, {"x": 24279.0, "y": 18147.0, "id": 6475}, {"x": 24277.0, "y": 18042.0, "id": 6509}, {"x": 24214.0, "y": 18100.0, "id": 6477}, {"x": 24215.0, "y": 18067.0, "id": 6481}, {"x": 24493.0, "y": 18075.0, "id": 6450}, {"x": 24303.0, "y": 18251.0, "id": 6483}, {"x": 24186.0, "y": 18079.0, "id": 6516}, {"x": 24592.0, "y": 18083.0, "id": 6453}, {"x": 24472.0, "y": 18233.0, "id": 6492}], "links": [{"weight": 24, "source": 6466, "target": 6467}, {"weight": 1, "source": 6466, "target": 6475}, {"weight": 1, "source": 6467, "target": 6506}, {"weight": 2, "source": 6471, "target": 6450}, {"weight": 3, "source": 6471, "target": 6453}, {"weight": 1, "source": 6471, "target": 6472}, {"weight": 3, "source": 6472, "target": 6450}, {"weight": 27, "source": 6472, "target": 6492}, {"weight": 2, "source": 6472, "target": 6475}, {"weight": 20, "source": 6506, "target": 6475}, {"weight": 2, "source": 6506, "target": 6477}, {"weight": 3, "source": 6506, "target": 6481}, {"weight": 17, "source": 6506, "target": 6516}, {"weight": 2, "source": 6475, "target": 6477}, {"weight": 1, "source": 6475, "target": 6509}, {"weight": 16, "source": 6475, "target": 6516}, {"weight": 1, "source": 6475, "target": 6483}, {"weight": 15, "source": 6475, "target": 6481}, {"weight": 10, "source": 6509, "target": 6477}, {"weight": 3, "source": 6509, "target": 6516}, {"weight": 2, "source": 6450, "target": 6453}], "similarity": "0.7665044928303666"}