{"directed": false, "multigraph": false, "graph": {}, "nodes": [{"x": 4650.0, "y": 25798.0, "id": 26178}, {"x": 4751.0, "y": 25799.0, "id": 26211}, {"x": 4421.0, "y": 25869.0, "id": 26212}, {"x": 4758.0, "y": 25835.0, "id": 26180}, {"x": 4200.0, "y": 25827.0, "id": 26217}, {"x": 4732.0, "y": 25719.0, "id": 26218}, {"x": 4829.0, "y": 25757.0, "id": 26186}, {"x": 4417.0, "y": 25768.0, "id": 26220}, {"x": 4320.0, "y": 25823.0, "id": 26192}, {"x": 4599.0, "y": 25881.0, "id": 26193}, {"x": 4523.0, "y": 25814.0, "id": 26194}, {"x": 4106.0, "y": 25879.0, "id": 26225}, {"x": 4419.0, "y": 25817.0, "id": 26196}, {"x": 4102.0, "y": 25782.0, "id": 26203}], "links": [{"weight": 16, "source": 26178, "target": 26180}, {"weight": 1, "source": 26178, "target": 26211}, {"weight": 3, "source": 26178, "target": 26193}, {"weight": 1, "source": 26178, "target": 26218}, {"weight": 1, "source": 26178, "target": 26194}, {"weight": 4, "source": 26211, "target": 26186}, {"weight": 8, "source": 26211, "target": 26218}, {"weight": 8, "source": 26212, "target": 26192}, {"weight": 4, "source": 26212, "target": 26194}, {"weight": 1, "source": 26212, "target": 26196}, {"weight": 2, "source": 26212, "target": 26220}, {"weight": 1, "source": 26180, "target": 26186}, {"weight": 1, "source": 26217, "target": 26192}, {"weight": 1, "source": 26217, "target": 26203}, {"weight": 1, "source": 26217, "target": 26225}, {"weight": 97, "source": 26218, "target": 26186}, {"weight": 1, "source": 26220, "target": 26192}, {"weight": 2, "source": 26220, "target": 26194}, {"weight": 6, "source": 26220, "target": 26196}, {"weight": 1, "source": 26192, "target": 26196}, {"weight": 1, "source": 26193, "target": 26194}, {"weight": 1, "source": 26194, "target": 26196}], "similarity": "0.7019687891890031"}