{"directed": false, "multigraph": false, "graph": {}, "nodes": [{"x": 22169.0, "y": 521.0, "id": 34969}, {"x": 22533.0, "y": 815.0, "id": 34970}, {"x": 22658.0, "y": 704.0, "id": 34974}, {"x": 22328.0, "y": 621.0, "id": 34980}, {"x": 22630.0, "y": 743.0, "id": 34990}, {"x": 22539.0, "y": 709.0, "id": 34992}, {"x": 22141.0, "y": 588.0, "id": 34999}, {"x": 22894.0, "y": 521.0, "id": 35000}, {"x": 22684.0, "y": 819.0, "id": 35005}, {"x": 22713.0, "y": 916.0, "id": 35008}, {"x": 22432.0, "y": 658.0, "id": 35009}, {"x": 22850.0, "y": 609.0, "id": 35012}, {"x": 22602.0, "y": 883.0, "id": 35013}, {"x": 22749.0, "y": 625.0, "id": 35021}, {"x": 22724.0, "y": 706.0, "id": 35022}, {"x": 22806.0, "y": 540.0, "id": 35029}, {"x": 22457.0, "y": 762.0, "id": 35031}, {"x": 22232.0, "y": 588.0, "id": 35032}, {"x": 22772.0, "y": 871.0, "id": 35034}], "links": [{"weight": 2, "source": 34969, "target": 35032}, {"weight": 1, "source": 34970, "target": 34992}, {"weight": 1, "source": 34970, "target": 35013}, {"weight": 1, "source": 34974, "target": 35021}, {"weight": 1, "source": 34974, "target": 35005}, {"weight": 3, "source": 34974, "target": 34992}, {"weight": 1, "source": 34980, "target": 35009}, {"weight": 1, "source": 34980, "target": 35032}, {"weight": 1, "source": 34990, "target": 35022}, {"weight": 1, "source": 34990, "target": 35005}, {"weight": 3, "source": 34990, "target": 34992}, {"weight": 1, "source": 34992, "target": 35031}, {"weight": 1, "source": 34992, "target": 35009}, {"weight": 2, "source": 34999, "target": 35032}, {"weight": 51, "source": 35000, "target": 35029}, {"weight": 2, "source": 35000, "target": 35012}, {"weight": 1, "source": 35005, "target": 35013}, {"weight": 1, "source": 35005, "target": 35008}, {"weight": 1, "source": 35005, "target": 35034}, {"weight": 2, "source": 35012, "target": 35021}, {"weight": 7, "source": 35012, "target": 35029}, {"weight": 2, "source": 35021, "target": 35022}, {"weight": 1, "source": 35021, "target": 35029}], "similarity": "0.7344646618036428"}