{"directed": false, "multigraph": false, "graph": {}, "nodes": [{"x": 23008.0, "y": 22652.0, "id": 30112}, {"x": 23269.0, "y": 22661.0, "id": 30113}, {"x": 23315.0, "y": 22893.0, "id": 30119}, {"x": 23100.0, "y": 22694.0, "id": 30122}, {"x": 23335.0, "y": 22589.0, "id": 30124}, {"x": 23192.0, "y": 22931.0, "id": 30126}, {"x": 22928.0, "y": 22604.0, "id": 30127}, {"x": 23231.0, "y": 22838.0, "id": 30105}, {"x": 23197.0, "y": 22736.0, "id": 30106}], "links": [{"weight": 8, "source": 30112, "target": 30122}, {"weight": 1, "source": 30112, "target": 30127}, {"weight": 2, "source": 30113, "target": 30106}, {"weight": 2, "source": 30113, "target": 30124}, {"weight": 1, "source": 30119, "target": 30105}, {"weight": 1, "source": 30122, "target": 30106}, {"weight": 3, "source": 30126, "target": 30105}, {"weight": 3, "source": 30105, "target": 30106}], "similarity": "0.7037315505489967"}