{"directed": false, "multigraph": false, "graph": {}, "nodes": [{"x": 8389.0, "y": 23582.0, "id": 23808}, {"x": 8311.0, "y": 23430.0, "id": 23809}, {"x": 8325.0, "y": 23539.0, "id": 23810}, {"x": 7880.0, "y": 23493.0, "id": 23811}, {"x": 8070.0, "y": 23695.0, "id": 23812}, {"x": 7924.0, "y": 23578.0, "id": 23813}, {"x": 8180.0, "y": 23589.0, "id": 23814}, {"x": 8379.0, "y": 23486.0, "id": 23815}, {"x": 8403.0, "y": 23510.0, "id": 23816}, {"x": 7949.0, "y": 23676.0, "id": 23794}, {"x": 7861.0, "y": 23648.0, "id": 23795}, {"x": 7976.0, "y": 23511.0, "id": 23796}, {"x": 7823.0, "y": 23550.0, "id": 23797}, {"x": 8040.0, "y": 23604.0, "id": 23798}, {"x": 7884.0, "y": 23756.0, "id": 23799}, {"x": 8293.0, "y": 23534.0, "id": 23800}, {"x": 8444.0, "y": 23781.0, "id": 23801}, {"x": 8368.0, "y": 23719.0, "id": 23802}, {"x": 8009.0, "y": 23702.0, "id": 23803}, {"x": 8351.0, "y": 23582.0, "id": 23804}, {"x": 8297.0, "y": 23631.0, "id": 23805}, {"x": 8260.0, "y": 23617.0, "id": 23806}, {"x": 7932.0, "y": 23424.0, "id": 23807}], "links": [{"weight": 1, "source": 23808, "target": 23800}, {"weight": 1, "source": 23808, "target": 23805}, {"weight": 3, "source": 23808, "target": 23810}, {"weight": 1, "source": 23808, "target": 23815}, {"weight": 1, "source": 23809, "target": 23800}, {"weight": 3, "source": 23810, "target": 23805}, {"weight": 4, "source": 23810, "target": 23815}, {"weight": 11, "source": 23811, "target": 23796}, {"weight": 1, "source": 23811, "target": 23807}, {"weight": 1, "source": 23811, "target": 23813}, {"weight": 2, "source": 23812, "target": 23798}, {"weight": 2, "source": 23813, "target": 23795}, {"weight": 1, "source": 23813, "target": 23796}, {"weight": 8, "source": 23813, "target": 23797}, {"weight": 1, "source": 23813, "target": 23798}, {"weight": 2, "source": 23814, "target": 23798}, {"weight": 1, "source": 23814, "target": 23800}, {"weight": 1, "source": 23814, "target": 23805}, {"weight": 1, "source": 23814, "target": 23806}, {"weight": 7, "source": 23815, "target": 23800}, {"weight": 1, "source": 23815, "target": 23804}, {"weight": 2, "source": 23816, "target": 23800}, {"weight": 2, "source": 23816, "target": 23804}, {"weight": 3, "source": 23794, "target": 23799}, {"weight": 1, "source": 23794, "target": 23798}, {"weight": 1, "source": 23794, "target": 23795}, {"weight": 2, "source": 23796, "target": 23807}, {"weight": 2, "source": 23796, "target": 23798}, {"weight": 1, "source": 23798, "target": 23803}, {"weight": 1, "source": 23800, "target": 23805}, {"weight": 1, "source": 23801, "target": 23802}, {"weight": 1, "source": 23802, "target": 23805}, {"weight": 2, "source": 23804, "target": 23806}], "similarity": "0.7099443492422338"}