{"directed": false, "multigraph": false, "graph": {}, "nodes": [{"x": 22527.0, "y": 2109.0, "id": 128}, {"x": 22799.0, "y": 1964.0, "id": 132}, {"x": 22619.0, "y": 2061.0, "id": 133}, {"x": 22469.0, "y": 1926.0, "id": 134}, {"x": 22776.0, "y": 2326.0, "id": 135}, {"x": 22698.0, "y": 2134.0, "id": 136}, {"x": 22860.0, "y": 1894.0, "id": 138}, {"x": 22739.0, "y": 2232.0, "id": 140}, {"x": 22545.0, "y": 1984.0, "id": 142}, {"x": 22808.0, "y": 2409.0, "id": 148}, {"x": 22720.0, "y": 2033.0, "id": 152}], "links": [{"weight": 37, "source": 128, "target": 133}, {"weight": 9, "source": 132, "target": 152}, {"weight": 2, "source": 132, "target": 138}, {"weight": 1, "source": 133, "target": 152}, {"weight": 1, "source": 133, "target": 142}, {"weight": 1, "source": 133, "target": 136}, {"weight": 18, "source": 134, "target": 142}, {"weight": 35, "source": 135, "target": 148}, {"weight": 9, "source": 135, "target": 140}, {"weight": 65, "source": 136, "target": 152}, {"weight": 1, "source": 136, "target": 140}], "similarity": "0.7149310271812055"}