{"directed": false, "multigraph": false, "graph": {}, "nodes": [{"x": 13544.0, "y": 24856.0, "id": 29472}, {"x": 13763.0, "y": 24898.0, "id": 29478}, {"x": 13647.0, "y": 24910.0, "id": 29480}, {"x": 13633.0, "y": 24804.0, "id": 29483}, {"x": 13848.0, "y": 24838.0, "id": 29486}, {"x": 13932.0, "y": 24994.0, "id": 29487}, {"x": 13548.0, "y": 24950.0, "id": 29488}, {"x": 13740.0, "y": 24959.0, "id": 29490}, {"x": 13635.0, "y": 24994.0, "id": 29491}, {"x": 13682.0, "y": 25021.0, "id": 29492}, {"x": 13833.0, "y": 24980.0, "id": 29466}, {"x": 13447.0, "y": 24814.0, "id": 29468}, {"x": 13850.0, "y": 24934.0, "id": 29471}], "links": [{"weight": 2, "source": 29472, "target": 29468}, {"weight": 1, "source": 29472, "target": 29480}, {"weight": 5, "source": 29478, "target": 29466}, {"weight": 3, "source": 29478, "target": 29480}, {"weight": 10, "source": 29478, "target": 29486}, {"weight": 1, "source": 29480, "target": 29491}, {"weight": 1, "source": 29480, "target": 29490}, {"weight": 1, "source": 29480, "target": 29492}, {"weight": 3, "source": 29480, "target": 29483}, {"weight": 1, "source": 29480, "target": 29488}, {"weight": 2, "source": 29486, "target": 29471}, {"weight": 13, "source": 29487, "target": 29466}, {"weight": 1, "source": 29487, "target": 29471}, {"weight": 1, "source": 29490, "target": 29466}, {"weight": 6, "source": 29490, "target": 29471}, {"weight": 35, "source": 29490, "target": 29491}, {"weight": 14, "source": 29490, "target": 29492}, {"weight": 39, "source": 29491, "target": 29492}], "similarity": "0.7454993164109749"}