{"directed": false, "multigraph": false, "graph": {}, "nodes": [{"x": 1430.0, "y": 24647.0, "id": 14404}, {"x": 1528.0, "y": 24588.0, "id": 14405}, {"x": 1608.0, "y": 24765.0, "id": 14406}, {"x": 1333.0, "y": 24694.0, "id": 14407}, {"x": 1530.0, "y": 24695.0, "id": 14408}, {"x": 1509.0, "y": 24612.0, "id": 14409}, {"x": 1242.0, "y": 24651.0, "id": 14410}, {"x": 1331.0, "y": 24606.0, "id": 14411}, {"x": 1593.0, "y": 24505.0, "id": 14412}], "links": [{"weight": 1, "source": 14404, "target": 14407}, {"weight": 4, "source": 14404, "target": 14411}, {"weight": 71, "source": 14404, "target": 14408}, {"weight": 1, "source": 14404, "target": 14409}, {"weight": 5, "source": 14404, "target": 14405}, {"weight": 1, "source": 14405, "target": 14412}, {"weight": 3, "source": 14405, "target": 14408}, {"weight": 1, "source": 14406, "target": 14408}, {"weight": 1, "source": 14407, "target": 14410}, {"weight": 3, "source": 14407, "target": 14411}, {"weight": 5, "source": 14408, "target": 14409}, {"weight": 3, "source": 14410, "target": 14411}], "similarity": "0.7526023228839096"}