{"directed": false, "multigraph": false, "graph": {}, "nodes": [{"x": 11883.0, "y": 24289.0, "id": 34208}, {"x": 11516.0, "y": 24459.0, "id": 34183}, {"x": 11785.0, "y": 24268.0, "id": 34158}, {"x": 11806.0, "y": 24364.0, "id": 34159}, {"x": 12078.0, "y": 24284.0, "id": 34194}, {"x": 12106.0, "y": 24379.0, "id": 34227}, {"x": 12013.0, "y": 24425.0, "id": 34196}, {"x": 11983.0, "y": 24249.0, "id": 34197}, {"x": 11609.0, "y": 24447.0, "id": 34199}, {"x": 11914.0, "y": 24189.0, "id": 34201}, {"x": 12099.0, "y": 24467.0, "id": 34202}, {"x": 11909.0, "y": 24389.0, "id": 34237}, {"x": 11705.0, "y": 24410.0, "id": 34206}], "links": [{"weight": 6, "source": 34208, "target": 34158}, {"weight": 8, "source": 34208, "target": 34159}, {"weight": 6, "source": 34208, "target": 34197}, {"weight": 45, "source": 34208, "target": 34201}, {"weight": 5, "source": 34208, "target": 34237}, {"weight": 2, "source": 34183, "target": 34199}, {"weight": 4, "source": 34158, "target": 34159}, {"weight": 7, "source": 34159, "target": 34237}, {"weight": 3, "source": 34159, "target": 34206}, {"weight": 1, "source": 34194, "target": 34227}, {"weight": 1, "source": 34194, "target": 34197}, {"weight": 1, "source": 34227, "target": 34196}, {"weight": 4, "source": 34227, "target": 34202}, {"weight": 3, "source": 34196, "target": 34202}, {"weight": 1, "source": 34196, "target": 34237}, {"weight": 4, "source": 34197, "target": 34201}, {"weight": 20, "source": 34199, "target": 34206}], "similarity": "0.7233165373381236"}