{"directed": false, "multigraph": false, "graph": {}, "nodes": [{"x": 9673.0, "y": 25389.0, "id": 5537}, {"x": 9747.0, "y": 25444.0, "id": 5538}, {"x": 9576.0, "y": 25385.0, "id": 5544}, {"x": 9537.0, "y": 25290.0, "id": 5528}, {"x": 9745.0, "y": 25334.0, "id": 5531}, {"x": 9642.0, "y": 25474.0, "id": 5533}, {"x": 9639.0, "y": 25302.0, "id": 5535}], "links": [{"weight": 11, "source": 5537, "target": 5531}, {"weight": 1, "source": 5537, "target": 5533}, {"weight": 1, "source": 5537, "target": 5535}, {"weight": 3, "source": 5537, "target": 5538}, {"weight": 3, "source": 5538, "target": 5531}, {"weight": 2, "source": 5538, "target": 5533}, {"weight": 4, "source": 5544, "target": 5528}, {"weight": 1, "source": 5544, "target": 5533}, {"weight": 2, "source": 5544, "target": 5535}, {"weight": 1, "source": 5528, "target": 5535}, {"weight": 3, "source": 5531, "target": 5535}], "similarity": "0.7045638767423834"}