{"directed": false, "multigraph": false, "graph": {}, "nodes": [{"x": 15169.0, "y": 24691.0, "id": 13952}, {"x": 14838.0, "y": 24684.0, "id": 13954}, {"x": 14719.0, "y": 24584.0, "id": 13956}, {"x": 15052.0, "y": 24675.0, "id": 13958}, {"x": 15277.0, "y": 24705.0, "id": 13960}, {"x": 14686.0, "y": 24658.0, "id": 13963}, {"x": 14661.0, "y": 24759.0, "id": 13964}, {"x": 14767.0, "y": 24740.0, "id": 13965}, {"x": 14789.0, "y": 24660.0, "id": 13967}, {"x": 14724.0, "y": 24513.0, "id": 13968}, {"x": 14723.0, "y": 24682.0, "id": 13969}, {"x": 14865.0, "y": 24748.0, "id": 13970}, {"x": 14878.0, "y": 24595.0, "id": 13972}, {"x": 14795.0, "y": 24618.0, "id": 13973}, {"x": 14925.0, "y": 24660.0, "id": 13974}, {"x": 14799.0, "y": 24511.0, "id": 13976}], "links": [{"weight": 14, "source": 13952, "target": 13960}, {"weight": 4, "source": 13952, "target": 13958}, {"weight": 1, "source": 13954, "target": 13974}, {"weight": 15, "source": 13954, "target": 13970}, {"weight": 2, "source": 13954, "target": 13969}, {"weight": 1, "source": 13954, "target": 13965}, {"weight": 17, "source": 13954, "target": 13972}, {"weight": 4, "source": 13954, "target": 13967}, {"weight": 3, "source": 13956, "target": 13969}, {"weight": 6, "source": 13956, "target": 13967}, {"weight": 1, "source": 13956, "target": 13976}, {"weight": 1, "source": 13956, "target": 13968}, {"weight": 1, "source": 13958, "target": 13974}, {"weight": 1, "source": 13963, "target": 13964}, {"weight": 2, "source": 13963, "target": 13967}, {"weight": 3, "source": 13963, "target": 13973}, {"weight": 4, "source": 13964, "target": 13969}, {"weight": 4, "source": 13964, "target": 13965}, {"weight": 6, "source": 13965, "target": 13969}, {"weight": 1, "source": 13965, "target": 13970}, {"weight": 1, "source": 13965, "target": 13973}, {"weight": 2, "source": 13967, "target": 13970}, {"weight": 1, "source": 13967, "target": 13972}, {"weight": 1, "source": 13968, "target": 13973}, {"weight": 2, "source": 13968, "target": 13976}, {"weight": 1, "source": 13969, "target": 13973}, {"weight": 1, "source": 13970, "target": 13974}, {"weight": 13, "source": 13972, "target": 13973}, {"weight": 4, "source": 13973, "target": 13974}, {"weight": 4, "source": 13973, "target": 13976}], "similarity": "0.7128336889709045"}