{"directed": false, "multigraph": false, "graph": {}, "nodes": [{"x": 26219.0, "y": 20556.0, "id": 11077}, {"x": 26119.0, "y": 20715.0, "id": 11078}, {"x": 26199.0, "y": 20660.0, "id": 11114}, {"x": 26230.0, "y": 20866.0, "id": 11052}, {"x": 26220.0, "y": 20456.0, "id": 11121}, {"x": 26253.0, "y": 20964.0, "id": 11061}, {"x": 26203.0, "y": 20764.0, "id": 11094}], "links": [{"weight": 2, "source": 11077, "target": 11121}, {"weight": 3, "source": 11077, "target": 11114}, {"weight": 2, "source": 11078, "target": 11094}, {"weight": 2, "source": 11078, "target": 11114}, {"weight": 3, "source": 11114, "target": 11094}, {"weight": 1, "source": 11052, "target": 11094}, {"weight": 1, "source": 11052, "target": 11061}], "similarity": "0.7045638767423834"}