{"directed": false, "multigraph": false, "graph": {}, "nodes": [{"x": 16673.0, "y": 23425.0, "id": 32274}, {"x": 16881.0, "y": 23743.0, "id": 32283}, {"x": 16223.0, "y": 23601.0, "id": 32294}, {"x": 16153.0, "y": 23534.0, "id": 32298}, {"x": 16018.0, "y": 23674.0, "id": 32299}, {"x": 16959.0, "y": 23780.0, "id": 32300}, {"x": 16589.0, "y": 23602.0, "id": 32309}, {"x": 16464.0, "y": 23596.0, "id": 32311}, {"x": 15754.0, "y": 23691.0, "id": 32314}, {"x": 16699.0, "y": 23766.0, "id": 32318}, {"x": 16747.0, "y": 23488.0, "id": 32320}, {"x": 16343.0, "y": 23606.0, "id": 32321}, {"x": 16524.0, "y": 23655.0, "id": 32325}, {"x": 16688.0, "y": 23667.0, "id": 32328}, {"x": 16792.0, "y": 23701.0, "id": 32329}, {"x": 16450.0, "y": 23501.0, "id": 32330}, {"x": 16219.0, "y": 23497.0, "id": 32331}, {"x": 15830.0, "y": 23677.0, "id": 32334}, {"x": 16657.0, "y": 23520.0, "id": 32336}, {"x": 16110.0, "y": 23631.0, "id": 32337}, {"x": 15919.0, "y": 23659.0, "id": 32338}, {"x": 16005.0, "y": 23613.0, "id": 32339}], "links": [{"weight": 2, "source": 32274, "target": 32336}, {"weight": 2, "source": 32283, "target": 32300}, {"weight": 2, "source": 32283, "target": 32329}, {"weight": 1, "source": 32294, "target": 32331}, {"weight": 17, "source": 32294, "target": 32321}, {"weight": 1, "source": 32294, "target": 32337}, {"weight": 5, "source": 32294, "target": 32298}, {"weight": 2, "source": 32299, "target": 32338}, {"weight": 1, "source": 32299, "target": 32337}, {"weight": 64, "source": 32309, "target": 32336}, {"weight": 9, "source": 32309, "target": 32325}, {"weight": 3, "source": 32309, "target": 32311}, {"weight": 1, "source": 32309, "target": 32328}, {"weight": 75, "source": 32311, "target": 32330}, {"weight": 11, "source": 32311, "target": 32325}, {"weight": 1, "source": 32311, "target": 32321}, {"weight": 1, "source": 32314, "target": 32334}, {"weight": 1, "source": 32318, "target": 32328}, {"weight": 100, "source": 32320, "target": 32336}, {"weight": 11, "source": 32328, "target": 32329}, {"weight": 7, "source": 32334, "target": 32338}, {"weight": 4, "source": 32337, "target": 32339}, {"weight": 127, "source": 32338, "target": 32339}], "similarity": "0.7296948842000044"}