{"directed": false, "multigraph": false, "graph": {}, "nodes": [{"x": 23626.0, "y": 5009.0, "id": 1696}, {"x": 23501.0, "y": 4837.0, "id": 1699}, {"x": 23462.0, "y": 4989.0, "id": 1700}, {"x": 23346.0, "y": 4831.0, "id": 1703}, {"x": 23322.0, "y": 4962.0, "id": 1704}, {"x": 23587.0, "y": 4780.0, "id": 1706}, {"x": 23276.0, "y": 4755.0, "id": 1707}, {"x": 23589.0, "y": 4875.0, "id": 1678}, {"x": 23489.0, "y": 5060.0, "id": 1710}, {"x": 23391.0, "y": 5025.0, "id": 1711}, {"x": 23295.0, "y": 5057.0, "id": 1679}, {"x": 23531.0, "y": 4963.0, "id": 1689}, {"x": 23421.0, "y": 4917.0, "id": 1694}], "links": [{"weight": 1, "source": 1696, "target": 1689}, {"weight": 26, "source": 1699, "target": 1678}, {"weight": 4, "source": 1699, "target": 1694}, {"weight": 1, "source": 1699, "target": 1706}, {"weight": 2, "source": 1700, "target": 1694}, {"weight": 20, "source": 1700, "target": 1711}, {"weight": 2, "source": 1700, "target": 1710}, {"weight": 123, "source": 1703, "target": 1694}, {"weight": 15, "source": 1703, "target": 1707}, {"weight": 20, "source": 1704, "target": 1679}, {"weight": 3, "source": 1704, "target": 1694}, {"weight": 1, "source": 1706, "target": 1678}, {"weight": 65, "source": 1678, "target": 1689}, {"weight": 12, "source": 1710, "target": 1689}, {"weight": 1, "source": 1710, "target": 1711}, {"weight": 4, "source": 1711, "target": 1679}, {"weight": 30, "source": 1711, "target": 1694}, {"weight": 3, "source": 1689, "target": 1694}], "similarity": "0.7638558656420618"}