{"directed": false, "multigraph": false, "graph": {}, "nodes": [{"x": 9701.0, "y": 26486.0, "id": 29636}, {"x": 9314.0, "y": 26526.0, "id": 29637}, {"x": 9603.0, "y": 26464.0, "id": 29639}, {"x": 9526.0, "y": 26569.0, "id": 29643}, {"x": 9230.0, "y": 26587.0, "id": 29647}, {"x": 9629.0, "y": 26554.0, "id": 29649}, {"x": 9219.0, "y": 26484.0, "id": 29653}, {"x": 9422.0, "y": 26546.0, "id": 29654}, {"x": 9496.0, "y": 26478.0, "id": 29655}, {"x": 9394.0, "y": 26461.0, "id": 29663}], "links": [{"weight": 49, "source": 29636, "target": 29639}, {"weight": 4, "source": 29636, "target": 29649}, {"weight": 25, "source": 29637, "target": 29653}, {"weight": 13, "source": 29637, "target": 29647}, {"weight": 1, "source": 29637, "target": 29654}, {"weight": 1, "source": 29637, "target": 29663}, {"weight": 1, "source": 29639, "target": 29649}, {"weight": 1, "source": 29639, "target": 29655}, {"weight": 2, "source": 29643, "target": 29654}, {"weight": 1, "source": 29643, "target": 29655}, {"weight": 13, "source": 29643, "target": 29649}, {"weight": 4, "source": 29654, "target": 29663}, {"weight": 1, "source": 29654, "target": 29655}, {"weight": 8, "source": 29655, "target": 29663}], "similarity": "0.7307981486470351"}