{"directed": false, "multigraph": false, "graph": {}, "nodes": [{"x": 601.0, "y": 26458.0, "id": 11136}, {"x": 905.0, "y": 26491.0, "id": 11140}, {"x": 554.0, "y": 26514.0, "id": 11178}, {"x": 879.0, "y": 26590.0, "id": 11148}, {"x": 795.0, "y": 26523.0, "id": 11159}, {"x": 978.0, "y": 26562.0, "id": 11130}, {"x": 599.0, "y": 26571.0, "id": 11164}, {"x": 1008.0, "y": 26467.0, "id": 11165}, {"x": 675.0, "y": 26516.0, "id": 11162}], "links": [{"weight": 1, "source": 11136, "target": 11164}, {"weight": 4, "source": 11136, "target": 11178}, {"weight": 3, "source": 11136, "target": 11162}, {"weight": 6, "source": 11140, "target": 11130}, {"weight": 1, "source": 11140, "target": 11159}, {"weight": 8, "source": 11140, "target": 11165}, {"weight": 4, "source": 11178, "target": 11162}, {"weight": 11, "source": 11178, "target": 11164}, {"weight": 1, "source": 11148, "target": 11130}, {"weight": 1, "source": 11148, "target": 11159}, {"weight": 1, "source": 11159, "target": 11162}, {"weight": 8, "source": 11130, "target": 11165}, {"weight": 5, "source": 11164, "target": 11162}], "similarity": "0.714012831542562"}