{"directed": false, "multigraph": false, "graph": {}, "nodes": [{"x": 19094.0, "y": 22661.0, "id": 32386}, {"x": 19106.0, "y": 22758.0, "id": 32387}, {"x": 19093.0, "y": 22562.0, "id": 32392}, {"x": 18845.0, "y": 22632.0, "id": 32393}, {"x": 19207.0, "y": 22788.0, "id": 32394}, {"x": 19387.0, "y": 22812.0, "id": 32396}, {"x": 19467.0, "y": 22637.0, "id": 32402}, {"x": 19369.0, "y": 22663.0, "id": 32405}, {"x": 18826.0, "y": 22791.0, "id": 32340}, {"x": 19210.0, "y": 22958.0, "id": 32344}, {"x": 18931.0, "y": 22676.0, "id": 32345}, {"x": 19163.0, "y": 22868.0, "id": 32346}, {"x": 19294.0, "y": 22744.0, "id": 32352}, {"x": 19120.0, "y": 22958.0, "id": 32353}, {"x": 19162.0, "y": 22749.0, "id": 32354}, {"x": 19486.0, "y": 22839.0, "id": 32363}, {"x": 18918.0, "y": 22763.0, "id": 32364}, {"x": 19027.0, "y": 22735.0, "id": 32365}, {"x": 19571.0, "y": 22797.0, "id": 32369}, {"x": 19538.0, "y": 22580.0, "id": 32371}, {"x": 19406.0, "y": 22714.0, "id": 32373}, {"x": 19506.0, "y": 22722.0, "id": 32374}, {"x": 19035.0, "y": 22581.0, "id": 32375}, {"x": 18966.0, "y": 22817.0, "id": 32379}], "links": [{"weight": 1, "source": 32386, "target": 32354}, {"weight": 2, "source": 32386, "target": 32365}, {"weight": 1, "source": 32386, "target": 32375}, {"weight": 4, "source": 32386, "target": 32387}, {"weight": 8, "source": 32386, "target": 32392}, {"weight": 10, "source": 32387, "target": 32354}, {"weight": 19, "source": 32387, "target": 32365}, {"weight": 13, "source": 32387, "target": 32394}, {"weight": 10, "source": 32393, "target": 32345}, {"weight": 1, "source": 32394, "target": 32346}, {"weight": 9, "source": 32394, "target": 32352}, {"weight": 2, "source": 32396, "target": 32352}, {"weight": 16, "source": 32396, "target": 32363}, {"weight": 1, "source": 32402, "target": 32371}, {"weight": 2, "source": 32402, "target": 32373}, {"weight": 3, "source": 32402, "target": 32374}, {"weight": 1, "source": 32402, "target": 32405}, {"weight": 1, "source": 32405, "target": 32352}, {"weight": 6, "source": 32340, "target": 32364}, {"weight": 1, "source": 32344, "target": 32353}, {"weight": 2, "source": 32344, "target": 32346}, {"weight": 1, "source": 32345, "target": 32365}, {"weight": 1, "source": 32345, "target": 32364}, {"weight": 3, "source": 32346, "target": 32354}, {"weight": 3, "source": 32346, "target": 32353}, {"weight": 16, "source": 32352, "target": 32354}, {"weight": 3, "source": 32352, "target": 32373}, {"weight": 5, "source": 32354, "target": 32365}, {"weight": 1, "source": 32363, "target": 32369}, {"weight": 18, "source": 32364, "target": 32365}, {"weight": 1, "source": 32365, "target": 32379}, {"weight": 1, "source": 32369, "target": 32374}, {"weight": 1, "source": 32373, "target": 32374}], "similarity": "0.7714028584743319"}