{"directed": false, "multigraph": false, "graph": {}, "nodes": [{"x": 22055.0, "y": 21658.0, "id": 35116}, {"x": 21567.0, "y": 21764.0, "id": 35120}, {"x": 21312.0, "y": 22007.0, "id": 35122}, {"x": 21869.0, "y": 21872.0, "id": 35123}, {"x": 21787.0, "y": 21796.0, "id": 35125}, {"x": 21567.0, "y": 21643.0, "id": 35128}, {"x": 21540.0, "y": 21818.0, "id": 35140}, {"x": 21662.0, "y": 21796.0, "id": 35145}, {"x": 21354.0, "y": 21919.0, "id": 35150}, {"x": 21963.0, "y": 21883.0, "id": 35153}, {"x": 21930.0, "y": 21955.0, "id": 35156}, {"x": 21398.0, "y": 21987.0, "id": 35157}, {"x": 21405.0, "y": 21676.0, "id": 35158}, {"x": 21643.0, "y": 21696.0, "id": 35160}, {"x": 21877.0, "y": 21725.0, "id": 35163}, {"x": 22001.0, "y": 21579.0, "id": 35168}, {"x": 21453.0, "y": 21900.0, "id": 35170}, {"x": 22001.0, "y": 22014.0, "id": 35178}, {"x": 21495.0, "y": 21712.0, "id": 35189}, {"x": 21442.0, "y": 21627.0, "id": 35190}, {"x": 21467.0, "y": 21771.0, "id": 35192}, {"x": 21671.0, "y": 21891.0, "id": 35193}, {"x": 21961.0, "y": 21663.0, "id": 35194}], "links": [{"weight": 2, "source": 35116, "target": 35194}, {"weight": 1, "source": 35120, "target": 35192}, {"weight": 1, "source": 35120, "target": 35189}, {"weight": 3, "source": 35120, "target": 35145}, {"weight": 31, "source": 35122, "target": 35157}, {"weight": 2, "source": 35122, "target": 35150}, {"weight": 1, "source": 35123, "target": 35153}, {"weight": 3, "source": 35123, "target": 35156}, {"weight": 4, "source": 35123, "target": 35125}, {"weight": 1, "source": 35125, "target": 35163}, {"weight": 1, "source": 35125, "target": 35145}, {"weight": 1, "source": 35128, "target": 35189}, {"weight": 1, "source": 35128, "target": 35160}, {"weight": 1, "source": 35140, "target": 35170}, {"weight": 1, "source": 35140, "target": 35189}, {"weight": 3, "source": 35140, "target": 35145}, {"weight": 1, "source": 35145, "target": 35193}, {"weight": 1, "source": 35145, "target": 35160}, {"weight": 2, "source": 35150, "target": 35170}, {"weight": 7, "source": 35150, "target": 35157}, {"weight": 1, "source": 35156, "target": 35178}, {"weight": 1, "source": 35157, "target": 35170}, {"weight": 1, "source": 35158, "target": 35189}, {"weight": 1, "source": 35163, "target": 35194}, {"weight": 2, "source": 35168, "target": 35194}, {"weight": 1, "source": 35189, "target": 35190}], "similarity": "0.7982824700322464"}