{"directed": false, "multigraph": false, "graph": {}, "nodes": [{"x": 9862.0, "y": 24070.0, "id": 26816}, {"x": 9951.0, "y": 24047.0, "id": 26815}, {"x": 10442.0, "y": 24149.0, "id": 26820}, {"x": 10071.0, "y": 24034.0, "id": 26821}, {"x": 9773.0, "y": 24037.0, "id": 26885}, {"x": 10423.0, "y": 24053.0, "id": 26822}, {"x": 10631.0, "y": 24113.0, "id": 26852}, {"x": 10190.0, "y": 24026.0, "id": 26889}, {"x": 10309.0, "y": 24018.0, "id": 26810}, {"x": 9880.0, "y": 24133.0, "id": 26891}, {"x": 9944.0, "y": 24138.0, "id": 26830}, {"x": 10537.0, "y": 24063.0, "id": 26835}, {"x": 10724.0, "y": 24125.0, "id": 26839}, {"x": 9795.0, "y": 23909.0, "id": 26809}, {"x": 10622.0, "y": 24011.0, "id": 26874}, {"x": 10330.0, "y": 23916.0, "id": 26875}, {"x": 9857.0, "y": 23986.0, "id": 26878}, {"x": 10343.0, "y": 23820.0, "id": 26879}], "links": [{"weight": 1, "source": 26816, "target": 26815}, {"weight": 6, "source": 26816, "target": 26830}, {"weight": 3, "source": 26816, "target": 26885}, {"weight": 2, "source": 26816, "target": 26891}, {"weight": 4, "source": 26815, "target": 26821}, {"weight": 6, "source": 26815, "target": 26878}, {"weight": 9, "source": 26815, "target": 26830}, {"weight": 4, "source": 26815, "target": 26891}, {"weight": 2, "source": 26820, "target": 26822}, {"weight": 1, "source": 26821, "target": 26889}, {"weight": 1, "source": 26885, "target": 26878}, {"weight": 1, "source": 26822, "target": 26810}, {"weight": 58, "source": 26822, "target": 26835}, {"weight": 1, "source": 26852, "target": 26835}, {"weight": 7, "source": 26852, "target": 26839}, {"weight": 2, "source": 26889, "target": 26810}, {"weight": 1, "source": 26810, "target": 26875}, {"weight": 6, "source": 26891, "target": 26830}, {"weight": 6, "source": 26835, "target": 26874}, {"weight": 1, "source": 26809, "target": 26878}, {"weight": 1, "source": 26875, "target": 26879}], "similarity": "0.8558411920581225"}