{"directed": false, "multigraph": false, "graph": {}, "nodes": [{"x": 12513.0, "y": 23929.0, "id": 21024}, {"x": 12533.0, "y": 23822.0, "id": 21025}, {"x": 12321.0, "y": 24060.0, "id": 20992}, {"x": 12575.0, "y": 23902.0, "id": 20995}, {"x": 12220.0, "y": 24046.0, "id": 20993}, {"x": 12827.0, "y": 24071.0, "id": 20998}, {"x": 12521.0, "y": 24063.0, "id": 20999}, {"x": 12925.0, "y": 24100.0, "id": 21005}, {"x": 12442.0, "y": 23853.0, "id": 21006}, {"x": 12608.0, "y": 24004.0, "id": 21007}, {"x": 13014.0, "y": 24126.0, "id": 21010}, {"x": 12721.0, "y": 24039.0, "id": 21012}, {"x": 12270.0, "y": 24147.0, "id": 21020}, {"x": 12503.0, "y": 23977.0, "id": 20990}, {"x": 12427.0, "y": 24014.0, "id": 20991}], "links": [{"weight": 2, "source": 21024, "target": 20990}, {"weight": 8, "source": 21024, "target": 20991}, {"weight": 26, "source": 21024, "target": 21006}, {"weight": 1, "source": 21024, "target": 21007}, {"weight": 1, "source": 21024, "target": 21025}, {"weight": 2, "source": 21025, "target": 20995}, {"weight": 8, "source": 20992, "target": 20991}, {"weight": 50, "source": 20992, "target": 20993}, {"weight": 62, "source": 20992, "target": 21020}, {"weight": 1, "source": 20995, "target": 20990}, {"weight": 6, "source": 20998, "target": 21005}, {"weight": 1, "source": 20998, "target": 21012}, {"weight": 7, "source": 20999, "target": 20990}, {"weight": 29, "source": 20999, "target": 20991}, {"weight": 5, "source": 20999, "target": 21007}, {"weight": 1, "source": 21005, "target": 21010}, {"weight": 7, "source": 21007, "target": 21012}, {"weight": 3, "source": 20990, "target": 20991}], "similarity": "0.7235359517703827"}