{"directed": false, "multigraph": false, "graph": {}, "nodes": [{"x": 2863.0, "y": 22038.0, "id": 22656}, {"x": 2811.0, "y": 22016.0, "id": 22661}, {"x": 3257.0, "y": 21966.0, "id": 22666}, {"x": 2818.0, "y": 21682.0, "id": 22677}, {"x": 3051.0, "y": 21863.0, "id": 22678}, {"x": 3031.0, "y": 21554.0, "id": 22681}, {"x": 3338.0, "y": 22008.0, "id": 22683}, {"x": 2914.0, "y": 21722.0, "id": 22685}, {"x": 2959.0, "y": 21898.0, "id": 22686}, {"x": 3151.0, "y": 21867.0, "id": 22691}, {"x": 2861.0, "y": 21935.0, "id": 22693}, {"x": 2929.0, "y": 21838.0, "id": 22694}, {"x": 2681.0, "y": 22024.0, "id": 22695}, {"x": 3153.0, "y": 21933.0, "id": 22697}, {"x": 3063.0, "y": 21642.0, "id": 22700}, {"x": 3093.0, "y": 21787.0, "id": 22701}, {"x": 2990.0, "y": 21798.0, "id": 22702}, {"x": 3067.0, "y": 21749.0, "id": 22703}, {"x": 2972.0, "y": 21631.0, "id": 22706}, {"x": 2753.0, "y": 21959.0, "id": 22707}, {"x": 2846.0, "y": 21779.0, "id": 22649}, {"x": 2879.0, "y": 21625.0, "id": 22653}, {"x": 3202.0, "y": 22015.0, "id": 22655}], "links": [{"weight": 1, "source": 22656, "target": 22693}, {"weight": 2, "source": 22661, "target": 22693}, {"weight": 1, "source": 22661, "target": 22707}, {"weight": 4, "source": 22666, "target": 22683}, {"weight": 1, "source": 22666, "target": 22697}, {"weight": 4, "source": 22677, "target": 22653}, {"weight": 4, "source": 22677, "target": 22685}, {"weight": 21, "source": 22678, "target": 22702}, {"weight": 3, "source": 22678, "target": 22691}, {"weight": 10, "source": 22678, "target": 22703}, {"weight": 18, "source": 22678, "target": 22701}, {"weight": 9, "source": 22678, "target": 22686}, {"weight": 2, "source": 22678, "target": 22697}, {"weight": 2, "source": 22678, "target": 22694}, {"weight": 6, "source": 22681, "target": 22700}, {"weight": 13, "source": 22681, "target": 22706}, {"weight": 11, "source": 22685, "target": 22649}, {"weight": 1, "source": 22685, "target": 22653}, {"weight": 4, "source": 22685, "target": 22694}, {"weight": 1, "source": 22685, "target": 22702}, {"weight": 1, "source": 22685, "target": 22706}, {"weight": 16, "source": 22686, "target": 22702}, {"weight": 1, "source": 22686, "target": 22693}, {"weight": 1, "source": 22693, "target": 22707}, {"weight": 2, "source": 22693, "target": 22694}, {"weight": 2, "source": 22694, "target": 22649}, {"weight": 1, "source": 22695, "target": 22707}, {"weight": 1, "source": 22697, "target": 22655}, {"weight": 2, "source": 22700, "target": 22703}, {"weight": 1, "source": 22700, "target": 22706}, {"weight": 1, "source": 22701, "target": 22702}, {"weight": 26, "source": 22702, "target": 22703}], "similarity": "0.7966610342038848"}