{"directed": false, "multigraph": false, "graph": {}, "nodes": [{"x": 7556.0, "y": 23002.0, "id": 3075}, {"x": 7994.0, "y": 23218.0, "id": 3043}, {"x": 7691.0, "y": 23326.0, "id": 3078}, {"x": 7607.0, "y": 23077.0, "id": 3080}, {"x": 7661.0, "y": 23166.0, "id": 3082}, {"x": 7742.0, "y": 23239.0, "id": 3083}, {"x": 8298.0, "y": 23185.0, "id": 3084}, {"x": 7431.0, "y": 23352.0, "id": 3052}, {"x": 7347.0, "y": 23387.0, "id": 3053}, {"x": 7953.0, "y": 23279.0, "id": 3055}, {"x": 7525.0, "y": 23306.0, "id": 3088}, {"x": 8208.0, "y": 23198.0, "id": 3028}, {"x": 7627.0, "y": 23260.0, "id": 3060}, {"x": 7880.0, "y": 23351.0, "id": 3063}, {"x": 8106.0, "y": 23205.0, "id": 3033}, {"x": 7930.0, "y": 23173.0, "id": 3066}, {"x": 7870.0, "y": 23245.0, "id": 3070}], "links": [{"weight": 3, "source": 3075, "target": 3080}, {"weight": 1, "source": 3043, "target": 3033}, {"weight": 17, "source": 3043, "target": 3070}, {"weight": 7, "source": 3043, "target": 3055}, {"weight": 4, "source": 3043, "target": 3066}, {"weight": 2, "source": 3078, "target": 3060}, {"weight": 2, "source": 3078, "target": 3083}, {"weight": 1, "source": 3080, "target": 3082}, {"weight": 28, "source": 3082, "target": 3060}, {"weight": 14, "source": 3082, "target": 3083}, {"weight": 17, "source": 3083, "target": 3060}, {"weight": 3, "source": 3083, "target": 3070}, {"weight": 1, "source": 3084, "target": 3028}, {"weight": 1, "source": 3052, "target": 3053}, {"weight": 8, "source": 3052, "target": 3088}, {"weight": 30, "source": 3055, "target": 3070}, {"weight": 5, "source": 3055, "target": 3066}, {"weight": 1, "source": 3088, "target": 3060}, {"weight": 2, "source": 3028, "target": 3033}, {"weight": 1, "source": 3063, "target": 3070}, {"weight": 7, "source": 3066, "target": 3070}], "similarity": "0.719187575831764"}