{"directed": false, "multigraph": false, "graph": {}, "nodes": [{"x": 10123.0, "y": 25474.0, "id": 5473}, {"x": 10120.0, "y": 25302.0, "id": 5475}, {"x": 10154.0, "y": 25389.0, "id": 5477}, {"x": 10228.0, "y": 25444.0, "id": 5479}, {"x": 10058.0, "y": 25385.0, "id": 5488}, {"x": 10018.0, "y": 25290.0, "id": 5466}, {"x": 10226.0, "y": 25334.0, "id": 5470}], "links": [{"weight": 4, "source": 5473, "target": 5479}, {"weight": 1, "source": 5473, "target": 5488}, {"weight": 1, "source": 5473, "target": 5477}, {"weight": 1, "source": 5475, "target": 5466}, {"weight": 3, "source": 5475, "target": 5470}, {"weight": 2, "source": 5475, "target": 5488}, {"weight": 1, "source": 5475, "target": 5477}, {"weight": 29, "source": 5477, "target": 5470}, {"weight": 3, "source": 5477, "target": 5479}, {"weight": 3, "source": 5479, "target": 5470}, {"weight": 6, "source": 5488, "target": 5466}], "similarity": "0.7045638767423834"}