{"directed": false, "multigraph": false, "graph": {}, "nodes": [{"x": 24001.0, "y": 7288.0, "id": 14144}, {"x": 23557.0, "y": 7293.0, "id": 14145}, {"x": 23776.0, "y": 7309.0, "id": 14146}, {"x": 23708.0, "y": 7225.0, "id": 14147}, {"x": 23633.0, "y": 7421.0, "id": 14148}, {"x": 23672.0, "y": 7312.0, "id": 14149}, {"x": 23443.0, "y": 7264.0, "id": 14151}, {"x": 23658.0, "y": 7322.0, "id": 14152}, {"x": 23723.0, "y": 7400.0, "id": 14154}, {"x": 23605.0, "y": 7526.0, "id": 14155}, {"x": 23619.0, "y": 7227.0, "id": 14157}, {"x": 23893.0, "y": 7297.0, "id": 14142}, {"x": 23340.0, "y": 7235.0, "id": 14143}], "links": [{"weight": 6, "source": 14144, "target": 14142}, {"weight": 4, "source": 14145, "target": 14152}, {"weight": 1, "source": 14145, "target": 14151}, {"weight": 3, "source": 14145, "target": 14157}, {"weight": 1, "source": 14145, "target": 14149}, {"weight": 1, "source": 14146, "target": 14142}, {"weight": 2, "source": 14146, "target": 14152}, {"weight": 2, "source": 14146, "target": 14149}, {"weight": 15, "source": 14147, "target": 14149}, {"weight": 2, "source": 14147, "target": 14157}, {"weight": 2, "source": 14147, "target": 14152}, {"weight": 2, "source": 14148, "target": 14155}, {"weight": 1, "source": 14148, "target": 14152}, {"weight": 1, "source": 14148, "target": 14149}, {"weight": 13, "source": 14149, "target": 14152}, {"weight": 5, "source": 14149, "target": 14154}, {"weight": 5, "source": 14149, "target": 14157}, {"weight": 1, "source": 14151, "target": 14143}, {"weight": 4, "source": 14152, "target": 14154}, {"weight": 16, "source": 14152, "target": 14157}], "similarity": "0.7175937767305168"}