{"directed": false, "multigraph": false, "graph": {}, "nodes": [{"x": 21610.0, "y": 6403.0, "id": 35074}, {"x": 21531.0, "y": 6346.0, "id": 35077}, {"x": 22051.0, "y": 6010.0, "id": 35078}, {"x": 22135.0, "y": 6301.0, "id": 35079}, {"x": 21899.0, "y": 6339.0, "id": 35081}, {"x": 21644.0, "y": 6164.0, "id": 35084}, {"x": 21488.0, "y": 6062.0, "id": 35088}, {"x": 22033.0, "y": 6104.0, "id": 35090}, {"x": 21453.0, "y": 6387.0, "id": 35098}, {"x": 22037.0, "y": 6291.0, "id": 35109}, {"x": 22089.0, "y": 6379.0, "id": 35110}, {"x": 22026.0, "y": 6184.0, "id": 35112}, {"x": 21808.0, "y": 6332.0, "id": 35113}, {"x": 21578.0, "y": 6087.0, "id": 35114}, {"x": 21559.0, "y": 5995.0, "id": 35036}, {"x": 21952.0, "y": 6250.0, "id": 35040}, {"x": 22137.0, "y": 5970.0, "id": 35042}, {"x": 21628.0, "y": 6308.0, "id": 35043}, {"x": 21724.0, "y": 6242.0, "id": 35046}, {"x": 21987.0, "y": 6378.0, "id": 35049}, {"x": 21964.0, "y": 6201.0, "id": 35061}, {"x": 21850.0, "y": 6246.0, "id": 35066}, {"x": 22126.0, "y": 6060.0, "id": 35071}], "links": [{"weight": 1, "source": 35074, "target": 35043}, {"weight": 3, "source": 35077, "target": 35043}, {"weight": 1, "source": 35077, "target": 35098}, {"weight": 36, "source": 35078, "target": 35042}, {"weight": 7, "source": 35078, "target": 35071}, {"weight": 1, "source": 35078, "target": 35090}, {"weight": 1, "source": 35079, "target": 35109}, {"weight": 1, "source": 35081, "target": 35049}, {"weight": 1, "source": 35081, "target": 35066}, {"weight": 1, "source": 35084, "target": 35046}, {"weight": 1, "source": 35084, "target": 35114}, {"weight": 2, "source": 35088, "target": 35114}, {"weight": 1, "source": 35090, "target": 35061}, {"weight": 2, "source": 35090, "target": 35071}, {"weight": 2, "source": 35090, "target": 35112}, {"weight": 1, "source": 35109, "target": 35040}, {"weight": 1, "source": 35109, "target": 35049}, {"weight": 1, "source": 35109, "target": 35061}, {"weight": 1, "source": 35109, "target": 35110}, {"weight": 1, "source": 35112, "target": 35040}, {"weight": 1, "source": 35113, "target": 35066}, {"weight": 2, "source": 35114, "target": 35036}, {"weight": 3, "source": 35040, "target": 35066}, {"weight": 2, "source": 35042, "target": 35071}, {"weight": 2, "source": 35043, "target": 35046}, {"weight": 1, "source": 35046, "target": 35066}, {"weight": 3, "source": 35061, "target": 35066}], "similarity": "0.8040761540665545"}