{"directed": false, "multigraph": false, "graph": {}, "nodes": [{"x": 4098.0, "y": 22645.0, "id": 37088}, {"x": 3816.0, "y": 22624.0, "id": 37089}, {"x": 3984.0, "y": 22966.0, "id": 37090}, {"x": 4018.0, "y": 22733.0, "id": 37092}, {"x": 4127.0, "y": 22732.0, "id": 37098}, {"x": 3903.0, "y": 22704.0, "id": 37100}, {"x": 3984.0, "y": 22854.0, "id": 37101}, {"x": 3985.0, "y": 22816.0, "id": 37077}, {"x": 3737.0, "y": 22553.0, "id": 37078}, {"x": 3890.0, "y": 22816.0, "id": 37079}, {"x": 3932.0, "y": 22903.0, "id": 37081}, {"x": 3891.0, "y": 22921.0, "id": 37083}, {"x": 4175.0, "y": 22569.0, "id": 37086}], "links": [{"weight": 9, "source": 37088, "target": 37086}, {"weight": 1, "source": 37088, "target": 37098}, {"weight": 4, "source": 37088, "target": 37092}, {"weight": 2, "source": 37089, "target": 37078}, {"weight": 1, "source": 37089, "target": 37100}, {"weight": 5, "source": 37090, "target": 37081}, {"weight": 38, "source": 37090, "target": 37083}, {"weight": 1, "source": 37090, "target": 37101}, {"weight": 1, "source": 37092, "target": 37077}, {"weight": 24, "source": 37092, "target": 37098}, {"weight": 1, "source": 37092, "target": 37100}, {"weight": 1, "source": 37092, "target": 37101}, {"weight": 1, "source": 37100, "target": 37079}, {"weight": 1, "source": 37101, "target": 37079}, {"weight": 44, "source": 37101, "target": 37081}, {"weight": 3, "source": 37101, "target": 37083}, {"weight": 1, "source": 37077, "target": 37081}, {"weight": 1, "source": 37077, "target": 37079}, {"weight": 1, "source": 37079, "target": 37081}, {"weight": 1, "source": 37079, "target": 37083}, {"weight": 1, "source": 37081, "target": 37083}], "similarity": "0.7500915695015926"}