{"directed": false, "multigraph": false, "graph": {}, "nodes": [{"x": 6158.0, "y": 23310.0, "id": 6882}, {"x": 5952.0, "y": 23293.0, "id": 6885}, {"x": 6051.0, "y": 23302.0, "id": 6886}, {"x": 6220.0, "y": 23385.0, "id": 6888}, {"x": 6256.0, "y": 23291.0, "id": 6890}, {"x": 6144.0, "y": 23225.0, "id": 6891}, {"x": 6001.0, "y": 23388.0, "id": 6892}, {"x": 6350.0, "y": 23237.0, "id": 6897}, {"x": 6310.0, "y": 23385.0, "id": 6879}, {"x": 6043.0, "y": 23025.0, "id": 6899}, {"x": 6113.0, "y": 23105.0, "id": 6901}, {"x": 5948.0, "y": 23356.0, "id": 6903}, {"x": 6217.0, "y": 23224.0, "id": 6904}, {"x": 6136.0, "y": 23001.0, "id": 6910}, {"x": 6360.0, "y": 23323.0, "id": 6911}], "links": [{"weight": 2, "source": 6882, "target": 6888}, {"weight": 1, "source": 6882, "target": 6890}, {"weight": 14, "source": 6882, "target": 6891}, {"weight": 2, "source": 6882, "target": 6886}, {"weight": 1, "source": 6882, "target": 6904}, {"weight": 8, "source": 6885, "target": 6886}, {"weight": 2, "source": 6885, "target": 6892}, {"weight": 2, "source": 6885, "target": 6903}, {"weight": 1, "source": 6886, "target": 6903}, {"weight": 2, "source": 6886, "target": 6892}, {"weight": 2, "source": 6886, "target": 6891}, {"weight": 2, "source": 6888, "target": 6879}, {"weight": 45, "source": 6888, "target": 6890}, {"weight": 1, "source": 6890, "target": 6879}, {"weight": 2, "source": 6890, "target": 6897}, {"weight": 1, "source": 6890, "target": 6911}, {"weight": 2, "source": 6890, "target": 6891}, {"weight": 2, "source": 6891, "target": 6901}, {"weight": 2, "source": 6892, "target": 6903}, {"weight": 24, "source": 6897, "target": 6911}, {"weight": 1, "source": 6899, "target": 6901}, {"weight": 12, "source": 6901, "target": 6910}], "similarity": "0.764669428393299"}