{"directed": false, "multigraph": false, "graph": {}, "nodes": [{"x": 6007.0, "y": 20313.0, "id": 9728}, {"x": 6474.0, "y": 19995.0, "id": 9729}, {"x": 6423.0, "y": 20387.0, "id": 9732}, {"x": 6300.0, "y": 20127.0, "id": 9735}, {"x": 5872.0, "y": 20360.0, "id": 9741}, {"x": 6520.0, "y": 20350.0, "id": 9742}, {"x": 5791.0, "y": 19839.0, "id": 9745}, {"x": 6699.0, "y": 19832.0, "id": 9748}, {"x": 5867.0, "y": 20060.0, "id": 9754}, {"x": 6584.0, "y": 20411.0, "id": 9757}, {"x": 6624.0, "y": 19879.0, "id": 9685}, {"x": 6373.0, "y": 20212.0, "id": 9692}, {"x": 5935.0, "y": 20294.0, "id": 9694}, {"x": 6385.0, "y": 20055.0, "id": 9695}, {"x": 6064.0, "y": 20124.0, "id": 9697}, {"x": 6565.0, "y": 19956.0, "id": 9703}, {"x": 5971.0, "y": 20060.0, "id": 9707}, {"x": 6441.0, "y": 20292.0, "id": 9709}, {"x": 6474.0, "y": 19900.0, "id": 9712}, {"x": 5778.0, "y": 20067.0, "id": 9715}, {"x": 5922.0, "y": 19969.0, "id": 9718}, {"x": 6002.0, "y": 20216.0, "id": 9722}, {"x": 6182.0, "y": 20122.0, "id": 9723}, {"x": 5844.0, "y": 19910.0, "id": 9727}], "links": [{"weight": 1, "source": 9728, "target": 9722}, {"weight": 1, "source": 9729, "target": 9695}, {"weight": 3, "source": 9729, "target": 9703}, {"weight": 2, "source": 9729, "target": 9712}, {"weight": 2, "source": 9732, "target": 9709}, {"weight": 1, "source": 9735, "target": 9692}, {"weight": 1, "source": 9735, "target": 9695}, {"weight": 12, "source": 9735, "target": 9723}, {"weight": 22, "source": 9741, "target": 9694}, {"weight": 3, "source": 9742, "target": 9709}, {"weight": 2, "source": 9742, "target": 9757}, {"weight": 18, "source": 9745, "target": 9727}, {"weight": 5, "source": 9748, "target": 9685}, {"weight": 2, "source": 9754, "target": 9707}, {"weight": 1, "source": 9754, "target": 9715}, {"weight": 13, "source": 9685, "target": 9703}, {"weight": 2, "source": 9692, "target": 9709}, {"weight": 21, "source": 9694, "target": 9722}, {"weight": 1, "source": 9697, "target": 9722}, {"weight": 4, "source": 9697, "target": 9723}, {"weight": 1, "source": 9697, "target": 9707}, {"weight": 1, "source": 9707, "target": 9718}, {"weight": 1, "source": 9718, "target": 9727}], "similarity": "0.7446903516645206"}