{"directed": false, "multigraph": false, "graph": {}, "nodes": [{"x": 3916.0, "y": 24300.0, "id": 13985}, {"x": 3576.0, "y": 24471.0, "id": 13987}, {"x": 3643.0, "y": 24400.0, "id": 13988}, {"x": 3548.0, "y": 24186.0, "id": 13989}, {"x": 3986.0, "y": 24371.0, "id": 13993}, {"x": 3809.0, "y": 24307.0, "id": 13998}, {"x": 4079.0, "y": 24195.0, "id": 13977}, {"x": 3629.0, "y": 24238.0, "id": 13979}, {"x": 3700.0, "y": 24313.0, "id": 13981}, {"x": 3995.0, "y": 24235.0, "id": 13983}], "links": [{"weight": 7, "source": 13985, "target": 13983}, {"weight": 1, "source": 13985, "target": 13993}, {"weight": 1, "source": 13985, "target": 13998}, {"weight": 1, "source": 13987, "target": 13988}, {"weight": 4, "source": 13988, "target": 13981}, {"weight": 1, "source": 13989, "target": 13979}, {"weight": 1, "source": 13998, "target": 13981}, {"weight": 6, "source": 13977, "target": 13983}, {"weight": 2, "source": 13979, "target": 13981}], "similarity": "0.70249649554994"}