{"directed": false, "multigraph": false, "graph": {}, "nodes": [{"x": 14613.0, "y": 23267.0, "id": 36992}, {"x": 13992.0, "y": 23292.0, "id": 36994}, {"x": 14193.0, "y": 23105.0, "id": 36995}, {"x": 14119.0, "y": 23278.0, "id": 36996}, {"x": 13874.0, "y": 23284.0, "id": 36998}, {"x": 14227.0, "y": 23333.0, "id": 36999}, {"x": 14207.0, "y": 23235.0, "id": 37002}, {"x": 14704.0, "y": 23225.0, "id": 37005}, {"x": 14889.0, "y": 23214.0, "id": 37007}, {"x": 13778.0, "y": 23310.0, "id": 37011}, {"x": 14604.0, "y": 23197.0, "id": 37015}, {"x": 14266.0, "y": 23168.0, "id": 37016}, {"x": 14252.0, "y": 23281.0, "id": 37018}, {"x": 14189.0, "y": 23320.0, "id": 36970}, {"x": 14189.0, "y": 23006.0, "id": 36973}, {"x": 14380.0, "y": 23258.0, "id": 36974}, {"x": 13782.0, "y": 23244.0, "id": 36975}, {"x": 14285.0, "y": 23277.0, "id": 36978}, {"x": 14310.0, "y": 23383.0, "id": 36979}, {"x": 14299.0, "y": 23198.0, "id": 36980}, {"x": 13936.0, "y": 23371.0, "id": 36982}, {"x": 14806.0, "y": 23224.0, "id": 36985}, {"x": 14196.0, "y": 23220.0, "id": 36986}, {"x": 14096.0, "y": 23186.0, "id": 36989}, {"x": 14506.0, "y": 23246.0, "id": 36990}], "links": [{"weight": 3, "source": 36992, "target": 36990}, {"weight": 9, "source": 36992, "target": 37015}, {"weight": 8, "source": 36992, "target": 37005}, {"weight": 1, "source": 36994, "target": 36982}, {"weight": 2, "source": 36994, "target": 36996}, {"weight": 1, "source": 36994, "target": 36998}, {"weight": 2, "source": 36995, "target": 36973}, {"weight": 1, "source": 36995, "target": 36986}, {"weight": 1, "source": 36995, "target": 37016}, {"weight": 1, "source": 36996, "target": 36986}, {"weight": 7, "source": 36996, "target": 36989}, {"weight": 1, "source": 36996, "target": 37018}, {"weight": 1, "source": 36996, "target": 37002}, {"weight": 1, "source": 36998, "target": 36975}, {"weight": 1, "source": 36998, "target": 37011}, {"weight": 4, "source": 36999, "target": 36978}, {"weight": 2, "source": 36999, "target": 36979}, {"weight": 32, "source": 36999, "target": 36986}, {"weight": 1, "source": 37002, "target": 36970}, {"weight": 1, "source": 37002, "target": 36978}, {"weight": 1, "source": 37002, "target": 36980}, {"weight": 21, "source": 37002, "target": 37018}, {"weight": 1, "source": 37002, "target": 37016}, {"weight": 1, "source": 37005, "target": 36985}, {"weight": 1, "source": 37005, "target": 37015}, {"weight": 2, "source": 37007, "target": 36985}, {"weight": 3, "source": 37015, "target": 36990}, {"weight": 1, "source": 37016, "target": 36978}, {"weight": 1, "source": 37018, "target": 36974}, {"weight": 2, "source": 36970, "target": 36986}, {"weight": 1, "source": 36970, "target": 36978}, {"weight": 1, "source": 36974, "target": 36990}, {"weight": 1, "source": 36974, "target": 36980}, {"weight": 1, "source": 36974, "target": 36978}, {"weight": 45, "source": 36978, "target": 36980}, {"weight": 1, "source": 36978, "target": 36979}, {"weight": 1, "source": 36978, "target": 36986}, {"weight": 3, "source": 36980, "target": 36986}, {"weight": 1, "source": 36986, "target": 36989}], "similarity": "0.8330794231100923"}