{"directed": false, "multigraph": false, "graph": {}, "nodes": [{"x": 17393.0, "y": 23545.0, "id": 11267}, {"x": 17148.0, "y": 23591.0, "id": 11307}, {"x": 17276.0, "y": 23566.0, "id": 11310}, {"x": 17068.0, "y": 23503.0, "id": 11279}, {"x": 17041.0, "y": 23592.0, "id": 11280}, {"x": 17083.0, "y": 23691.0, "id": 11281}, {"x": 17333.0, "y": 23480.0, "id": 11314}, {"x": 17372.0, "y": 23639.0, "id": 11325}, {"x": 16990.0, "y": 23426.0, "id": 11317}, {"x": 17019.0, "y": 23780.0, "id": 11289}, {"x": 17324.0, "y": 23583.0, "id": 11324}, {"x": 17238.0, "y": 23647.0, "id": 11293}], "links": [{"weight": 9, "source": 11267, "target": 11314}, {"weight": 2, "source": 11267, "target": 11310}, {"weight": 3, "source": 11267, "target": 11325}, {"weight": 41, "source": 11267, "target": 11324}, {"weight": 2, "source": 11307, "target": 11279}, {"weight": 5, "source": 11307, "target": 11280}, {"weight": 1, "source": 11307, "target": 11281}, {"weight": 7, "source": 11307, "target": 11293}, {"weight": 2, "source": 11307, "target": 11310}, {"weight": 33, "source": 11310, "target": 11293}, {"weight": 3, "source": 11310, "target": 11324}, {"weight": 6, "source": 11310, "target": 11325}, {"weight": 1, "source": 11310, "target": 11314}, {"weight": 6, "source": 11279, "target": 11280}, {"weight": 22, "source": 11279, "target": 11317}, {"weight": 1, "source": 11281, "target": 11289}, {"weight": 1, "source": 11314, "target": 11324}, {"weight": 14, "source": 11325, "target": 11324}, {"weight": 3, "source": 11324, "target": 11293}], "similarity": "0.7668845337545204"}