{"directed": false, "multigraph": false, "graph": {}, "nodes": [{"x": 10526.0, "y": 23451.0, "id": 22591}, {"x": 10564.0, "y": 23450.0, "id": 22595}, {"x": 10171.0, "y": 23579.0, "id": 22597}, {"x": 10708.0, "y": 23601.0, "id": 22598}, {"x": 10342.0, "y": 23765.0, "id": 22602}, {"x": 10723.0, "y": 23549.0, "id": 22604}, {"x": 10162.0, "y": 23483.0, "id": 22607}, {"x": 10625.0, "y": 23480.0, "id": 22619}, {"x": 10386.0, "y": 23561.0, "id": 22620}, {"x": 10563.0, "y": 23781.0, "id": 22623}, {"x": 10075.0, "y": 23450.0, "id": 22625}, {"x": 10554.0, "y": 23560.0, "id": 22627}, {"x": 10503.0, "y": 23553.0, "id": 22628}, {"x": 10326.0, "y": 23480.0, "id": 22633}, {"x": 10619.0, "y": 23533.0, "id": 22634}, {"x": 10493.0, "y": 23520.0, "id": 22635}, {"x": 10810.0, "y": 23425.0, "id": 22636}, {"x": 10261.0, "y": 23535.0, "id": 22638}, {"x": 10480.0, "y": 23743.0, "id": 22641}, {"x": 10346.0, "y": 23636.0, "id": 22642}, {"x": 10453.0, "y": 23617.0, "id": 22643}, {"x": 10397.0, "y": 23683.0, "id": 22644}, {"x": 10558.0, "y": 23679.0, "id": 22647}, {"x": 10718.0, "y": 23466.0, "id": 22648}], "links": [{"weight": 11, "source": 22591, "target": 22627}, {"weight": 2, "source": 22591, "target": 22635}, {"weight": 4, "source": 22595, "target": 22619}, {"weight": 1, "source": 22595, "target": 22627}, {"weight": 1, "source": 22597, "target": 22638}, {"weight": 1, "source": 22598, "target": 22634}, {"weight": 1, "source": 22602, "target": 22644}, {"weight": 2, "source": 22604, "target": 22634}, {"weight": 1, "source": 22604, "target": 22648}, {"weight": 4, "source": 22607, "target": 22625}, {"weight": 1, "source": 22607, "target": 22638}, {"weight": 4, "source": 22619, "target": 22627}, {"weight": 21, "source": 22620, "target": 22643}, {"weight": 3, "source": 22620, "target": 22633}, {"weight": 10, "source": 22620, "target": 22644}, {"weight": 10, "source": 22620, "target": 22642}, {"weight": 9, "source": 22620, "target": 22628}, {"weight": 2, "source": 22620, "target": 22638}, {"weight": 2, "source": 22620, "target": 22635}, {"weight": 6, "source": 22623, "target": 22641}, {"weight": 13, "source": 22623, "target": 22647}, {"weight": 4, "source": 22627, "target": 22635}, {"weight": 1, "source": 22627, "target": 22643}, {"weight": 1, "source": 22627, "target": 22647}, {"weight": 16, "source": 22628, "target": 22643}, {"weight": 1, "source": 22628, "target": 22634}, {"weight": 1, "source": 22634, "target": 22648}, {"weight": 2, "source": 22634, "target": 22635}, {"weight": 1, "source": 22636, "target": 22648}, {"weight": 2, "source": 22641, "target": 22644}, {"weight": 1, "source": 22641, "target": 22647}, {"weight": 1, "source": 22642, "target": 22644}, {"weight": 1, "source": 22642, "target": 22643}, {"weight": 26, "source": 22643, "target": 22644}], "similarity": "0.7896406705989552"}