{"directed": false, "multigraph": false, "graph": {}, "nodes": [{"x": 20482.0, "y": 26497.0, "id": 9731}, {"x": 20652.0, "y": 26584.0, "id": 9734}, {"x": 20381.0, "y": 26488.0, "id": 9740}, {"x": 20690.0, "y": 26495.0, "id": 9716}, {"x": 20787.0, "y": 26465.0, "id": 9752}, {"x": 20586.0, "y": 26509.0, "id": 9759}], "links": [{"weight": 1, "source": 9731, "target": 9759}, {"weight": 2, "source": 9731, "target": 9740}, {"weight": 5, "source": 9734, "target": 9716}, {"weight": 2, "source": 9734, "target": 9759}, {"weight": 7, "source": 9716, "target": 9759}, {"weight": 6, "source": 9716, "target": 9752}], "similarity": "0.7648808633001188"}