{"directed": false, "multigraph": false, "graph": {}, "nodes": [{"x": 10058.0, "y": 23003.0, "id": 27200}, {"x": 9994.0, "y": 23203.0, "id": 27201}, {"x": 10075.0, "y": 23217.0, "id": 27202}, {"x": 9703.0, "y": 23282.0, "id": 27268}, {"x": 10004.0, "y": 23130.0, "id": 27208}, {"x": 10090.0, "y": 23146.0, "id": 27209}, {"x": 10002.0, "y": 23088.0, "id": 27210}, {"x": 9808.0, "y": 23311.0, "id": 27242}, {"x": 9720.0, "y": 23176.0, "id": 27247}, {"x": 9738.0, "y": 23008.0, "id": 27192}, {"x": 9791.0, "y": 23091.0, "id": 27193}, {"x": 9611.0, "y": 23332.0, "id": 27194}, {"x": 9532.0, "y": 23376.0, "id": 27195}, {"x": 9903.0, "y": 23083.0, "id": 27196}, {"x": 9918.0, "y": 23291.0, "id": 27198}, {"x": 9951.0, "y": 23386.0, "id": 27199}], "links": [{"weight": 3, "source": 27200, "target": 27210}, {"weight": 1, "source": 27201, "target": 27198}, {"weight": 2, "source": 27201, "target": 27202}, {"weight": 2, "source": 27201, "target": 27209}, {"weight": 1, "source": 27201, "target": 27208}, {"weight": 2, "source": 27201, "target": 27210}, {"weight": 9, "source": 27202, "target": 27208}, {"weight": 6, "source": 27202, "target": 27209}, {"weight": 1, "source": 27268, "target": 27194}, {"weight": 2, "source": 27268, "target": 27242}, {"weight": 1, "source": 27268, "target": 27247}, {"weight": 3, "source": 27208, "target": 27196}, {"weight": 4, "source": 27208, "target": 27209}, {"weight": 1, "source": 27210, "target": 27196}, {"weight": 1, "source": 27242, "target": 27198}, {"weight": 1, "source": 27247, "target": 27193}, {"weight": 3, "source": 27192, "target": 27193}, {"weight": 1, "source": 27193, "target": 27196}, {"weight": 3, "source": 27194, "target": 27195}, {"weight": 8, "source": 27198, "target": 27199}], "similarity": "0.8510485060075467"}