{"directed": false, "multigraph": false, "graph": {}, "nodes": [{"x": 23417.0, "y": 10452.0, "id": 6753}, {"x": 23314.0, "y": 10465.0, "id": 6754}, {"x": 23349.0, "y": 10527.0, "id": 6756}, {"x": 23591.0, "y": 10600.0, "id": 6757}, {"x": 23478.0, "y": 10573.0, "id": 6760}, {"x": 23352.0, "y": 10406.0, "id": 6763}, {"x": 23236.0, "y": 10479.0, "id": 6764}, {"x": 23269.0, "y": 10450.0, "id": 6736}, {"x": 23273.0, "y": 10625.0, "id": 6769}, {"x": 23647.0, "y": 10686.0, "id": 6770}, {"x": 23249.0, "y": 10550.0, "id": 6743}, {"x": 23545.0, "y": 10668.0, "id": 6745}, {"x": 23173.0, "y": 10624.0, "id": 6746}, {"x": 23570.0, "y": 10514.0, "id": 6750}, {"x": 23207.0, "y": 10713.0, "id": 6751}], "links": [{"weight": 1, "source": 6753, "target": 6756}, {"weight": 1, "source": 6753, "target": 6763}, {"weight": 8, "source": 6753, "target": 6754}, {"weight": 2, "source": 6754, "target": 6743}, {"weight": 2, "source": 6754, "target": 6756}, {"weight": 14, "source": 6754, "target": 6763}, {"weight": 1, "source": 6754, "target": 6764}, {"weight": 31, "source": 6756, "target": 6736}, {"weight": 23, "source": 6756, "target": 6743}, {"weight": 2, "source": 6756, "target": 6760}, {"weight": 10, "source": 6756, "target": 6763}, {"weight": 1, "source": 6756, "target": 6769}, {"weight": 15, "source": 6756, "target": 6764}, {"weight": 2, "source": 6757, "target": 6745}, {"weight": 2, "source": 6757, "target": 6770}, {"weight": 4, "source": 6757, "target": 6760}, {"weight": 1, "source": 6760, "target": 6745}, {"weight": 32, "source": 6760, "target": 6750}, {"weight": 4, "source": 6763, "target": 6736}, {"weight": 13, "source": 6764, "target": 6743}, {"weight": 27, "source": 6736, "target": 6743}, {"weight": 30, "source": 6769, "target": 6746}, {"weight": 3, "source": 6769, "target": 6751}, {"weight": 3, "source": 6770, "target": 6745}, {"weight": 1, "source": 6743, "target": 6746}, {"weight": 2, "source": 6746, "target": 6751}], "similarity": "0.7559895148215658"}