{"directed": false, "multigraph": false, "graph": {}, "nodes": [{"x": 16213.0, "y": 26464.0, "id": 34688}, {"x": 16417.0, "y": 26507.0, "id": 34690}, {"x": 16477.0, "y": 26584.0, "id": 34691}, {"x": 16619.0, "y": 26472.0, "id": 34679}, {"x": 16520.0, "y": 26498.0, "id": 34680}, {"x": 16313.0, "y": 26484.0, "id": 34683}], "links": [{"weight": 12, "source": 34688, "target": 34683}, {"weight": 1, "source": 34690, "target": 34680}, {"weight": 1, "source": 34690, "target": 34683}, {"weight": 19, "source": 34690, "target": 34691}, {"weight": 1, "source": 34691, "target": 34680}, {"weight": 1, "source": 34679, "target": 34680}], "similarity": "0.7648808633001188"}