{"directed": false, "multigraph": false, "graph": {}, "nodes": [{"x": 20763.0, "y": 19633.0, "id": 1}, {"x": 20573.0, "y": 19291.0, "id": 2}, {"x": 20503.0, "y": 19670.0, "id": 3}, {"x": 20461.0, "y": 19313.0, "id": 5}, {"x": 20854.0, "y": 19688.0, "id": 8}, {"x": 20538.0, "y": 19385.0, "id": 10}, {"x": 20588.0, "y": 19488.0, "id": 12}, {"x": 20404.0, "y": 19242.0, "id": 13}, {"x": 20930.0, "y": 19737.0, "id": 14}, {"x": 20490.0, "y": 19477.0, "id": 16}, {"x": 20751.0, "y": 19732.0, "id": 17}, {"x": 20667.0, "y": 19571.0, "id": 18}, {"x": 20844.0, "y": 19580.0, "id": 19}, {"x": 20655.0, "y": 19415.0, "id": 20}, {"x": 20444.0, "y": 19731.0, "id": 21}, {"x": 20569.0, "y": 19591.0, "id": 23}], "links": [{"weight": 2, "source": 1, "target": 18}, {"weight": 1, "source": 1, "target": 19}, {"weight": 5, "source": 1, "target": 17}, {"weight": 4, "source": 1, "target": 8}, {"weight": 9, "source": 2, "target": 10}, {"weight": 3, "source": 3, "target": 23}, {"weight": 28, "source": 3, "target": 21}, {"weight": 1, "source": 5, "target": 10}, {"weight": 2, "source": 5, "target": 13}, {"weight": 1, "source": 8, "target": 14}, {"weight": 7, "source": 10, "target": 12}, {"weight": 1, "source": 12, "target": 18}, {"weight": 3, "source": 12, "target": 23}, {"weight": 3, "source": 12, "target": 20}, {"weight": 1, "source": 12, "target": 16}, {"weight": 13, "source": 18, "target": 23}], "similarity": "0.7127180599416806"}