{"directed": false, "multigraph": false, "graph": {}, "nodes": [{"x": 23518.0, "y": 24738.0, "id": 26464}, {"x": 22966.0, "y": 24660.0, "id": 26466}, {"x": 23432.0, "y": 24705.0, "id": 26473}, {"x": 23253.0, "y": 24606.0, "id": 26474}, {"x": 23303.0, "y": 24517.0, "id": 26475}, {"x": 23054.0, "y": 24696.0, "id": 26480}, {"x": 23334.0, "y": 24671.0, "id": 26489}, {"x": 23237.0, "y": 24697.0, "id": 26458}, {"x": 22976.0, "y": 24527.0, "id": 26459}, {"x": 23047.0, "y": 24601.0, "id": 26460}, {"x": 22970.0, "y": 24753.0, "id": 26461}, {"x": 23148.0, "y": 24643.0, "id": 26490}], "links": [{"weight": 1, "source": 26464, "target": 26473}, {"weight": 1, "source": 26466, "target": 26460}, {"weight": 7, "source": 26466, "target": 26461}, {"weight": 29, "source": 26466, "target": 26480}, {"weight": 1, "source": 26473, "target": 26489}, {"weight": 88, "source": 26474, "target": 26490}, {"weight": 2, "source": 26474, "target": 26475}, {"weight": 1, "source": 26474, "target": 26489}, {"weight": 1, "source": 26480, "target": 26460}, {"weight": 64, "source": 26480, "target": 26461}, {"weight": 1, "source": 26480, "target": 26490}, {"weight": 2, "source": 26489, "target": 26458}, {"weight": 28, "source": 26458, "target": 26490}, {"weight": 170, "source": 26459, "target": 26460}, {"weight": 7, "source": 26460, "target": 26490}], "similarity": "0.7297563831157798"}