{"directed": false, "multigraph": false, "graph": {}, "nodes": [{"x": 3229.0, "y": 23686.0, "id": 27101}, {"x": 3299.0, "y": 23701.0, "id": 27108}, {"x": 3206.0, "y": 23767.0, "id": 27109}, {"x": 3137.0, "y": 23501.0, "id": 27140}, {"x": 3344.0, "y": 23707.0, "id": 27110}, {"x": 3313.0, "y": 23422.0, "id": 27145}, {"x": 3459.0, "y": 23430.0, "id": 27094}, {"x": 3386.0, "y": 23499.0, "id": 27095}, {"x": 3364.0, "y": 23610.0, "id": 27096}, {"x": 3140.0, "y": 23609.0, "id": 27098}, {"x": 3039.0, "y": 23604.0, "id": 27099}, {"x": 3437.0, "y": 23761.0, "id": 27100}, {"x": 3208.0, "y": 23427.0, "id": 27164}, {"x": 3274.0, "y": 23784.0, "id": 27102}], "links": [{"weight": 1, "source": 27101, "target": 27098}, {"weight": 5, "source": 27101, "target": 27102}, {"weight": 2, "source": 27101, "target": 27109}, {"weight": 1, "source": 27101, "target": 27108}, {"weight": 2, "source": 27101, "target": 27110}, {"weight": 3, "source": 27108, "target": 27096}, {"weight": 9, "source": 27108, "target": 27102}, {"weight": 4, "source": 27108, "target": 27109}, {"weight": 6, "source": 27109, "target": 27102}, {"weight": 1, "source": 27140, "target": 27098}, {"weight": 2, "source": 27140, "target": 27164}, {"weight": 1, "source": 27110, "target": 27096}, {"weight": 3, "source": 27110, "target": 27100}, {"weight": 1, "source": 27145, "target": 27095}, {"weight": 1, "source": 27145, "target": 27164}, {"weight": 3, "source": 27094, "target": 27095}, {"weight": 1, "source": 27095, "target": 27096}, {"weight": 8, "source": 27098, "target": 27099}], "similarity": "0.8040761540665545"}