{"directed": false, "multigraph": false, "graph": {}, "nodes": [{"x": 8180.0, "y": 25798.0, "id": 1632}, {"x": 8588.0, "y": 25720.0, "id": 1665}, {"x": 8369.0, "y": 25852.0, "id": 1634}, {"x": 7853.0, "y": 25763.0, "id": 1664}, {"x": 7959.0, "y": 25780.0, "id": 1637}, {"x": 8067.0, "y": 25804.0, "id": 1638}, {"x": 8129.0, "y": 25881.0, "id": 1672}, {"x": 8293.0, "y": 25788.0, "id": 1644}, {"x": 7990.0, "y": 25867.0, "id": 1648}, {"x": 8497.0, "y": 25739.0, "id": 1625}, {"x": 7752.0, "y": 25756.0, "id": 1626}, {"x": 7660.0, "y": 25747.0, "id": 1630}, {"x": 8397.0, "y": 25762.0, "id": 1631}], "links": [{"weight": 1, "source": 1632, "target": 1638}, {"weight": 62, "source": 1632, "target": 1672}, {"weight": 16, "source": 1632, "target": 1644}, {"weight": 1, "source": 1665, "target": 1625}, {"weight": 17, "source": 1634, "target": 1631}, {"weight": 14, "source": 1634, "target": 1644}, {"weight": 1, "source": 1664, "target": 1626}, {"weight": 25, "source": 1664, "target": 1637}, {"weight": 2, "source": 1637, "target": 1648}, {"weight": 1, "source": 1637, "target": 1638}, {"weight": 48, "source": 1638, "target": 1672}, {"weight": 9, "source": 1638, "target": 1648}, {"weight": 6, "source": 1644, "target": 1631}, {"weight": 1, "source": 1625, "target": 1631}, {"weight": 4, "source": 1626, "target": 1630}], "similarity": "0.7544738360147217"}