{"directed": false, "multigraph": false, "graph": {}, "nodes": [{"x": 12729.0, "y": 26882.0, "id": 8295}, {"x": 12639.0, "y": 26941.0, "id": 8304}, {"x": 12741.0, "y": 26966.0, "id": 8312}, {"x": 12536.0, "y": 26967.0, "id": 8315}, {"x": 12821.0, "y": 26945.0, "id": 8318}, {"x": 12824.0, "y": 26890.0, "id": 8319}], "links": [{"weight": 12, "source": 8295, "target": 8318}, {"weight": 16, "source": 8295, "target": 8304}, {"weight": 10, "source": 8295, "target": 8312}, {"weight": 91, "source": 8304, "target": 8312}, {"weight": 68, "source": 8304, "target": 8315}, {"weight": 12, "source": 8312, "target": 8319}, {"weight": 1, "source": 8312, "target": 8318}], "similarity": "0.7235728659282992"}