{"directed": false, "multigraph": false, "graph": {}, "nodes": [{"x": 20434.0, "y": 23287.0, "id": 11232}, {"x": 20112.0, "y": 23289.0, "id": 11201}, {"x": 20546.0, "y": 23316.0, "id": 11234}, {"x": 20064.0, "y": 23381.0, "id": 11235}, {"x": 20519.0, "y": 23255.0, "id": 11207}, {"x": 20009.0, "y": 23309.0, "id": 11211}, {"x": 20492.0, "y": 23359.0, "id": 11247}, {"x": 20205.0, "y": 23220.0, "id": 11219}, {"x": 20165.0, "y": 23111.0, "id": 11252}, {"x": 20086.0, "y": 23043.0, "id": 11231}, {"x": 20320.0, "y": 23254.0, "id": 11229}, {"x": 20178.0, "y": 23008.0, "id": 11199}], "links": [{"weight": 3, "source": 11232, "target": 11207}, {"weight": 1, "source": 11232, "target": 11229}, {"weight": 5, "source": 11232, "target": 11234}, {"weight": 4, "source": 11232, "target": 11247}, {"weight": 4, "source": 11201, "target": 11235}, {"weight": 4, "source": 11201, "target": 11211}, {"weight": 1, "source": 11201, "target": 11219}, {"weight": 1, "source": 11234, "target": 11207}, {"weight": 11, "source": 11234, "target": 11247}, {"weight": 6, "source": 11235, "target": 11211}, {"weight": 4, "source": 11207, "target": 11247}, {"weight": 1, "source": 11219, "target": 11229}, {"weight": 4, "source": 11219, "target": 11252}, {"weight": 4, "source": 11252, "target": 11199}, {"weight": 1, "source": 11252, "target": 11231}], "similarity": "0.7752170911825529"}