{"directed": false, "multigraph": false, "graph": {}, "nodes": [{"x": 7258.0, "y": 24924.0, "id": 28453}, {"x": 7284.0, "y": 25023.0, "id": 28454}, {"x": 7425.0, "y": 24802.0, "id": 28458}, {"x": 7232.0, "y": 24836.0, "id": 28459}, {"x": 6957.0, "y": 24820.0, "id": 28460}, {"x": 7152.0, "y": 24904.0, "id": 28461}, {"x": 7097.0, "y": 24990.0, "id": 28462}, {"x": 7332.0, "y": 24849.0, "id": 28463}, {"x": 7191.0, "y": 24996.0, "id": 28443}, {"x": 7052.0, "y": 24858.0, "id": 28445}], "links": [{"weight": 2, "source": 28453, "target": 28443}, {"weight": 5, "source": 28453, "target": 28463}, {"weight": 1, "source": 28453, "target": 28454}, {"weight": 13, "source": 28453, "target": 28461}, {"weight": 11, "source": 28453, "target": 28459}, {"weight": 1, "source": 28454, "target": 28443}, {"weight": 3, "source": 28458, "target": 28463}, {"weight": 1, "source": 28459, "target": 28463}, {"weight": 5, "source": 28459, "target": 28461}, {"weight": 1, "source": 28460, "target": 28445}, {"weight": 1, "source": 28461, "target": 28443}, {"weight": 1, "source": 28461, "target": 28445}, {"weight": 1, "source": 28461, "target": 28462}, {"weight": 14, "source": 28462, "target": 28443}], "similarity": "0.7370296260553288"}