{"directed": false, "multigraph": false, "graph": {}, "nodes": [{"x": 21574.0, "y": 4875.0, "id": 35200}, {"x": 21319.0, "y": 5118.0, "id": 35202}, {"x": 21876.0, "y": 4984.0, "id": 35203}, {"x": 21794.0, "y": 4907.0, "id": 35205}, {"x": 21574.0, "y": 4754.0, "id": 35208}, {"x": 21547.0, "y": 4930.0, "id": 35219}, {"x": 21668.0, "y": 4908.0, "id": 35224}, {"x": 21361.0, "y": 5030.0, "id": 35229}, {"x": 21970.0, "y": 4995.0, "id": 35232}, {"x": 21937.0, "y": 5067.0, "id": 35235}, {"x": 21405.0, "y": 5099.0, "id": 35236}, {"x": 21412.0, "y": 4787.0, "id": 35237}, {"x": 21650.0, "y": 4807.0, "id": 35239}, {"x": 21884.0, "y": 4837.0, "id": 35242}, {"x": 22008.0, "y": 4690.0, "id": 35247}, {"x": 21460.0, "y": 5011.0, "id": 35249}, {"x": 22008.0, "y": 5125.0, "id": 35257}, {"x": 21502.0, "y": 4823.0, "id": 35268}, {"x": 21449.0, "y": 4739.0, "id": 35269}, {"x": 21474.0, "y": 4882.0, "id": 35271}, {"x": 21678.0, "y": 5003.0, "id": 35272}, {"x": 21968.0, "y": 4774.0, "id": 35273}, {"x": 22062.0, "y": 4770.0, "id": 35196}], "links": [{"weight": 1, "source": 35200, "target": 35271}, {"weight": 1, "source": 35200, "target": 35268}, {"weight": 3, "source": 35200, "target": 35224}, {"weight": 26, "source": 35202, "target": 35236}, {"weight": 2, "source": 35202, "target": 35229}, {"weight": 1, "source": 35203, "target": 35232}, {"weight": 3, "source": 35203, "target": 35235}, {"weight": 4, "source": 35203, "target": 35205}, {"weight": 1, "source": 35205, "target": 35242}, {"weight": 1, "source": 35205, "target": 35224}, {"weight": 1, "source": 35208, "target": 35268}, {"weight": 1, "source": 35208, "target": 35239}, {"weight": 1, "source": 35219, "target": 35249}, {"weight": 1, "source": 35219, "target": 35268}, {"weight": 3, "source": 35219, "target": 35224}, {"weight": 1, "source": 35224, "target": 35272}, {"weight": 1, "source": 35224, "target": 35239}, {"weight": 2, "source": 35229, "target": 35249}, {"weight": 7, "source": 35229, "target": 35236}, {"weight": 1, "source": 35235, "target": 35257}, {"weight": 1, "source": 35236, "target": 35249}, {"weight": 1, "source": 35237, "target": 35268}, {"weight": 1, "source": 35242, "target": 35273}, {"weight": 2, "source": 35247, "target": 35273}, {"weight": 1, "source": 35268, "target": 35269}, {"weight": 2, "source": 35273, "target": 35196}], "similarity": "0.7982824700322464"}