{"directed": false, "multigraph": false, "graph": {}, "nodes": [{"x": 10707.0, "y": 25334.0, "id": 5409}, {"x": 10605.0, "y": 25474.0, "id": 5412}, {"x": 10602.0, "y": 25302.0, "id": 5414}, {"x": 10635.0, "y": 25389.0, "id": 5416}, {"x": 10709.0, "y": 25444.0, "id": 5420}, {"x": 10539.0, "y": 25385.0, "id": 5430}, {"x": 10499.0, "y": 25290.0, "id": 5403}], "links": [{"weight": 42, "source": 5409, "target": 5416}, {"weight": 3, "source": 5409, "target": 5414}, {"weight": 3, "source": 5409, "target": 5420}, {"weight": 10, "source": 5412, "target": 5420}, {"weight": 1, "source": 5412, "target": 5430}, {"weight": 1, "source": 5412, "target": 5416}, {"weight": 1, "source": 5414, "target": 5403}, {"weight": 2, "source": 5414, "target": 5430}, {"weight": 1, "source": 5414, "target": 5416}, {"weight": 3, "source": 5416, "target": 5420}, {"weight": 6, "source": 5430, "target": 5403}], "similarity": "0.7045638767423834"}