{"directed": false, "multigraph": false, "graph": {}, "nodes": [{"x": 4206.0, "y": 24763.0, "id": 64}, {"x": 4321.0, "y": 24507.0, "id": 66}, {"x": 4137.0, "y": 24587.0, "id": 69}, {"x": 4231.0, "y": 24669.0, "id": 80}, {"x": 4058.0, "y": 24759.0, "id": 56}, {"x": 4240.0, "y": 24569.0, "id": 60}, {"x": 4135.0, "y": 24693.0, "id": 61}, {"x": 4067.0, "y": 24511.0, "id": 62}], "links": [{"weight": 1, "source": 64, "target": 61}, {"weight": 36, "source": 64, "target": 80}, {"weight": 5, "source": 66, "target": 60}, {"weight": 1, "source": 69, "target": 60}, {"weight": 1, "source": 69, "target": 61}, {"weight": 46, "source": 69, "target": 62}, {"weight": 7, "source": 80, "target": 60}, {"weight": 1, "source": 80, "target": 61}, {"weight": 39, "source": 56, "target": 61}], "similarity": "0.7526023228839096"}