{"directed": false, "multigraph": false, "graph": {}, "nodes": [{"x": 17982.0, "y": 25683.0, "id": 38818}, {"x": 18044.0, "y": 25603.0, "id": 38823}, {"x": 18091.0, "y": 25514.0, "id": 38828}, {"x": 17855.0, "y": 25679.0, "id": 38860}, {"x": 17939.0, "y": 25605.0, "id": 38803}, {"x": 17890.0, "y": 25510.0, "id": 38804}, {"x": 17910.0, "y": 25600.0, "id": 38805}, {"x": 17988.0, "y": 25525.0, "id": 38807}], "links": [{"weight": 14, "source": 38818, "target": 38803}, {"weight": 3, "source": 38818, "target": 38805}, {"weight": 5, "source": 38818, "target": 38823}, {"weight": 14, "source": 38823, "target": 38803}, {"weight": 1, "source": 38823, "target": 38807}, {"weight": 5, "source": 38823, "target": 38828}, {"weight": 1, "source": 38828, "target": 38807}, {"weight": 1, "source": 38860, "target": 38803}, {"weight": 13, "source": 38803, "target": 38804}, {"weight": 13, "source": 38803, "target": 38807}, {"weight": 15, "source": 38804, "target": 38807}, {"weight": 1, "source": 38804, "target": 38805}, {"weight": 1, "source": 38805, "target": 38807}], "similarity": "0.7698234895923903"}