{"directed": false, "multigraph": false, "graph": {}, "nodes": [{"x": 5519.0, "y": 25475.0, "id": 6817}, {"x": 5552.0, "y": 25379.0, "id": 6820}, {"x": 5439.0, "y": 25344.0, "id": 6821}, {"x": 5253.0, "y": 25447.0, "id": 6822}, {"x": 5627.0, "y": 25298.0, "id": 6828}, {"x": 5208.0, "y": 25395.0, "id": 6834}, {"x": 5435.0, "y": 25290.0, "id": 6835}, {"x": 5615.0, "y": 25468.0, "id": 6808}, {"x": 5663.0, "y": 25382.0, "id": 6841}, {"x": 5443.0, "y": 25403.0, "id": 6811}, {"x": 5244.0, "y": 25336.0, "id": 6814}, {"x": 5330.0, "y": 25383.0, "id": 6815}], "links": [{"weight": 2, "source": 6817, "target": 6808}, {"weight": 2, "source": 6817, "target": 6811}, {"weight": 45, "source": 6817, "target": 6820}, {"weight": 1, "source": 6820, "target": 6808}, {"weight": 1, "source": 6820, "target": 6811}, {"weight": 2, "source": 6820, "target": 6828}, {"weight": 1, "source": 6820, "target": 6841}, {"weight": 2, "source": 6820, "target": 6821}, {"weight": 10, "source": 6821, "target": 6811}, {"weight": 2, "source": 6821, "target": 6815}, {"weight": 2, "source": 6822, "target": 6814}, {"weight": 2, "source": 6822, "target": 6815}, {"weight": 2, "source": 6822, "target": 6834}, {"weight": 38, "source": 6828, "target": 6841}, {"weight": 2, "source": 6834, "target": 6814}, {"weight": 3, "source": 6834, "target": 6815}, {"weight": 1, "source": 6835, "target": 6811}, {"weight": 2, "source": 6811, "target": 6815}, {"weight": 8, "source": 6814, "target": 6815}], "similarity": "0.7246573018525413"}