{"directed": false, "multigraph": false, "graph": {}, "nodes": [{"x": 23049.0, "y": 24884.0, "id": 39521}, {"x": 23188.0, "y": 25020.0, "id": 39554}, {"x": 22655.0, "y": 24952.0, "id": 39525}, {"x": 22734.0, "y": 24895.0, "id": 39526}, {"x": 22941.0, "y": 24888.0, "id": 39527}, {"x": 23100.0, "y": 24974.0, "id": 39528}, {"x": 22913.0, "y": 24981.0, "id": 39535}, {"x": 23108.0, "y": 24805.0, "id": 39539}, {"x": 22840.0, "y": 24911.0, "id": 39542}, {"x": 23009.0, "y": 25017.0, "id": 39547}, {"x": 22660.0, "y": 24831.0, "id": 39519}], "links": [{"weight": 21, "source": 39521, "target": 39539}, {"weight": 1, "source": 39521, "target": 39528}, {"weight": 1, "source": 39521, "target": 39527}, {"weight": 15, "source": 39554, "target": 39528}, {"weight": 11, "source": 39525, "target": 39526}, {"weight": 1, "source": 39526, "target": 39519}, {"weight": 1, "source": 39526, "target": 39542}, {"weight": 7, "source": 39527, "target": 39542}, {"weight": 1, "source": 39527, "target": 39535}, {"weight": 44, "source": 39528, "target": 39547}, {"weight": 32, "source": 39535, "target": 39542}, {"weight": 12, "source": 39535, "target": 39547}], "similarity": "0.7249430365977986"}