{"directed": false, "multigraph": false, "graph": {}, "nodes": [{"x": 25205.0, "y": 10347.0, "id": 11361}, {"x": 25187.0, "y": 10244.0, "id": 11398}, {"x": 25290.0, "y": 10785.0, "id": 11403}, {"x": 25318.0, "y": 10495.0, "id": 11372}, {"x": 25248.0, "y": 10570.0, "id": 11407}, {"x": 25217.0, "y": 10803.0, "id": 11343}, {"x": 25228.0, "y": 10457.0, "id": 11344}, {"x": 25183.0, "y": 10750.0, "id": 11381}, {"x": 25249.0, "y": 10690.0, "id": 11384}, {"x": 25351.0, "y": 10874.0, "id": 11389}], "links": [{"weight": 1, "source": 11361, "target": 11344}, {"weight": 1, "source": 11361, "target": 11398}, {"weight": 5, "source": 11403, "target": 11343}, {"weight": 4, "source": 11403, "target": 11381}, {"weight": 4, "source": 11403, "target": 11384}, {"weight": 1, "source": 11403, "target": 11389}, {"weight": 3, "source": 11372, "target": 11344}, {"weight": 3, "source": 11372, "target": 11407}, {"weight": 3, "source": 11407, "target": 11344}, {"weight": 1, "source": 11407, "target": 11384}, {"weight": 11, "source": 11343, "target": 11381}, {"weight": 1, "source": 11343, "target": 11384}, {"weight": 4, "source": 11381, "target": 11384}], "similarity": "0.818182789432213"}