{"directed": false, "multigraph": false, "graph": {}, "nodes": [{"x": 21508.0, "y": 822.0, "id": 35328}, {"x": 22056.0, "y": 936.0, "id": 35336}, {"x": 21550.0, "y": 634.0, "id": 35347}, {"x": 21497.0, "y": 550.0, "id": 35348}, {"x": 21522.0, "y": 693.0, "id": 35350}, {"x": 21726.0, "y": 813.0, "id": 35351}, {"x": 22016.0, "y": 585.0, "id": 35352}, {"x": 22110.0, "y": 581.0, "id": 35275}, {"x": 21621.0, "y": 686.0, "id": 35279}, {"x": 21367.0, "y": 929.0, "id": 35281}, {"x": 21924.0, "y": 795.0, "id": 35282}, {"x": 21842.0, "y": 718.0, "id": 35284}, {"x": 21622.0, "y": 565.0, "id": 35287}, {"x": 21595.0, "y": 741.0, "id": 35298}, {"x": 21716.0, "y": 719.0, "id": 35303}, {"x": 21409.0, "y": 841.0, "id": 35308}, {"x": 22018.0, "y": 806.0, "id": 35311}, {"x": 21985.0, "y": 878.0, "id": 35314}, {"x": 21453.0, "y": 910.0, "id": 35315}, {"x": 21460.0, "y": 598.0, "id": 35316}, {"x": 21698.0, "y": 618.0, "id": 35318}, {"x": 21931.0, "y": 648.0, "id": 35321}, {"x": 22055.0, "y": 501.0, "id": 35326}], "links": [{"weight": 1, "source": 35328, "target": 35298}, {"weight": 2, "source": 35328, "target": 35308}, {"weight": 1, "source": 35328, "target": 35315}, {"weight": 1, "source": 35336, "target": 35314}, {"weight": 1, "source": 35347, "target": 35279}, {"weight": 1, "source": 35347, "target": 35287}, {"weight": 1, "source": 35347, "target": 35298}, {"weight": 1, "source": 35347, "target": 35316}, {"weight": 1, "source": 35347, "target": 35348}, {"weight": 1, "source": 35350, "target": 35279}, {"weight": 1, "source": 35351, "target": 35303}, {"weight": 2, "source": 35352, "target": 35275}, {"weight": 1, "source": 35352, "target": 35321}, {"weight": 2, "source": 35352, "target": 35326}, {"weight": 3, "source": 35279, "target": 35303}, {"weight": 21, "source": 35281, "target": 35315}, {"weight": 2, "source": 35281, "target": 35308}, {"weight": 1, "source": 35282, "target": 35311}, {"weight": 3, "source": 35282, "target": 35314}, {"weight": 4, "source": 35282, "target": 35284}, {"weight": 1, "source": 35284, "target": 35321}, {"weight": 1, "source": 35284, "target": 35303}, {"weight": 1, "source": 35287, "target": 35318}, {"weight": 3, "source": 35298, "target": 35303}, {"weight": 1, "source": 35303, "target": 35318}, {"weight": 7, "source": 35308, "target": 35315}], "similarity": "0.7982824700322464"}