{"directed": false, "multigraph": false, "graph": {}, "nodes": [{"x": 15974.0, "y": 24686.0, "id": 13920}, {"x": 16311.0, "y": 24588.0, "id": 13922}, {"x": 16545.0, "y": 24547.0, "id": 13925}, {"x": 16431.0, "y": 24569.0, "id": 13911}, {"x": 15943.0, "y": 24612.0, "id": 13929}, {"x": 15918.0, "y": 24513.0, "id": 13931}, {"x": 16022.0, "y": 24530.0, "id": 13934}, {"x": 16045.0, "y": 24610.0, "id": 13936}, {"x": 16055.0, "y": 24757.0, "id": 13937}, {"x": 15980.0, "y": 24588.0, "id": 13938}, {"x": 16120.0, "y": 24522.0, "id": 13941}, {"x": 16182.0, "y": 24607.0, "id": 13946}, {"x": 16134.0, "y": 24675.0, "id": 13943}, {"x": 16649.0, "y": 24527.0, "id": 13944}, {"x": 16053.0, "y": 24651.0, "id": 13945}, {"x": 16093.0, "y": 24587.0, "id": 13914}, {"x": 15982.0, "y": 24755.0, "id": 13949}], "links": [{"weight": 8, "source": 13920, "target": 13936}, {"weight": 3, "source": 13920, "target": 13938}, {"weight": 1, "source": 13920, "target": 13949}, {"weight": 1, "source": 13920, "target": 13937}, {"weight": 4, "source": 13922, "target": 13911}, {"weight": 1, "source": 13922, "target": 13946}, {"weight": 14, "source": 13925, "target": 13911}, {"weight": 7, "source": 13925, "target": 13944}, {"weight": 2, "source": 13929, "target": 13931}, {"weight": 2, "source": 13929, "target": 13936}, {"weight": 3, "source": 13929, "target": 13945}, {"weight": 4, "source": 13931, "target": 13938}, {"weight": 4, "source": 13931, "target": 13934}, {"weight": 1, "source": 13934, "target": 13914}, {"weight": 6, "source": 13934, "target": 13938}, {"weight": 1, "source": 13934, "target": 13941}, {"weight": 1, "source": 13934, "target": 13945}, {"weight": 4, "source": 13936, "target": 13914}, {"weight": 2, "source": 13936, "target": 13941}, {"weight": 1, "source": 13936, "target": 13943}, {"weight": 1, "source": 13937, "target": 13945}, {"weight": 2, "source": 13937, "target": 13949}, {"weight": 2, "source": 13938, "target": 13914}, {"weight": 1, "source": 13938, "target": 13945}, {"weight": 15, "source": 13941, "target": 13914}, {"weight": 1, "source": 13941, "target": 13946}, {"weight": 1, "source": 13946, "target": 13914}, {"weight": 4, "source": 13946, "target": 13945}, {"weight": 17, "source": 13943, "target": 13914}, {"weight": 14, "source": 13943, "target": 13945}, {"weight": 4, "source": 13945, "target": 13949}], "similarity": "0.7243592729269803"}