{"directed": false, "multigraph": false, "graph": {}, "nodes": [{"x": 115.0, "y": 26491.0, "id": 11150}, {"x": 274.0, "y": 26591.0, "id": 11151}, {"x": 219.0, "y": 26511.0, "id": 11185}, {"x": 425.0, "y": 26480.0, "id": 11126}, {"x": 15.0, "y": 26491.0, "id": 11192}, {"x": 523.0, "y": 26458.0, "id": 11134}, {"x": 323.0, "y": 26507.0, "id": 11167}], "links": [{"weight": 3, "source": 11150, "target": 11185}, {"weight": 1, "source": 11150, "target": 11192}, {"weight": 3, "source": 11151, "target": 11167}, {"weight": 3, "source": 11151, "target": 11185}, {"weight": 3, "source": 11185, "target": 11167}, {"weight": 1, "source": 11126, "target": 11167}, {"weight": 1, "source": 11126, "target": 11134}], "similarity": "0.7045638767423834"}