{"directed": false, "multigraph": false, "graph": {}, "nodes": [{"x": 8773.0, "y": 20651.0, "id": 10628}, {"x": 8899.0, "y": 20676.0, "id": 10630}, {"x": 8847.0, "y": 20604.0, "id": 10637}, {"x": 9235.0, "y": 20446.0, "id": 10639}, {"x": 8694.0, "y": 20713.0, "id": 10645}, {"x": 9005.0, "y": 20634.0, "id": 10653}, {"x": 8629.0, "y": 20777.0, "id": 10660}, {"x": 9234.0, "y": 20894.0, "id": 10669}, {"x": 9164.0, "y": 20974.0, "id": 10676}, {"x": 8348.0, "y": 20609.0, "id": 10680}, {"x": 8776.0, "y": 20548.0, "id": 10684}, {"x": 8994.0, "y": 20735.0, "id": 10687}, {"x": 9067.0, "y": 20818.0, "id": 10691}, {"x": 8438.0, "y": 20615.0, "id": 10696}, {"x": 8542.0, "y": 20603.0, "id": 10699}, {"x": 9089.0, "y": 20562.0, "id": 10700}, {"x": 8496.0, "y": 20517.0, "id": 10614}, {"x": 8656.0, "y": 20626.0, "id": 10618}, {"x": 9170.0, "y": 20500.0, "id": 10620}, {"x": 9140.0, "y": 20888.0, "id": 10622}], "links": [{"weight": 2, "source": 10628, "target": 10618}, {"weight": 1, "source": 10628, "target": 10637}, {"weight": 1, "source": 10628, "target": 10684}, {"weight": 2, "source": 10628, "target": 10645}, {"weight": 1, "source": 10628, "target": 10630}, {"weight": 5, "source": 10630, "target": 10687}, {"weight": 1, "source": 10630, "target": 10653}, {"weight": 1, "source": 10630, "target": 10637}, {"weight": 21, "source": 10637, "target": 10684}, {"weight": 3, "source": 10639, "target": 10620}, {"weight": 3, "source": 10645, "target": 10618}, {"weight": 2, "source": 10645, "target": 10660}, {"weight": 1, "source": 10653, "target": 10687}, {"weight": 1, "source": 10653, "target": 10700}, {"weight": 1, "source": 10669, "target": 10622}, {"weight": 1, "source": 10676, "target": 10622}, {"weight": 3, "source": 10680, "target": 10696}, {"weight": 1, "source": 10687, "target": 10691}, {"weight": 1, "source": 10691, "target": 10622}, {"weight": 1, "source": 10696, "target": 10699}, {"weight": 2, "source": 10699, "target": 10614}, {"weight": 1, "source": 10699, "target": 10618}, {"weight": 3, "source": 10700, "target": 10620}], "similarity": "0.8507059560744968"}