{"directed": false, "multigraph": false, "graph": {}, "nodes": [{"x": 1982.0, "y": 26509.0, "id": 29504}, {"x": 2085.0, "y": 26505.0, "id": 29509}, {"x": 2286.0, "y": 26460.0, "id": 29511}, {"x": 2187.0, "y": 26477.0, "id": 29516}, {"x": 1878.0, "y": 26491.0, "id": 29494}, {"x": 1778.0, "y": 26488.0, "id": 29497}, {"x": 2037.0, "y": 26589.0, "id": 29500}], "links": [{"weight": 1, "source": 29504, "target": 29494}, {"weight": 11, "source": 29504, "target": 29500}, {"weight": 1, "source": 29504, "target": 29509}, {"weight": 2, "source": 29509, "target": 29500}, {"weight": 6, "source": 29509, "target": 29516}, {"weight": 14, "source": 29511, "target": 29516}, {"weight": 22, "source": 29494, "target": 29497}], "similarity": "0.7045638767423834"}