{"directed": false, "multigraph": false, "graph": {}, "nodes": [{"x": 23483.0, "y": 15816.0, "id": 14112}, {"x": 23402.0, "y": 15893.0, "id": 14113}, {"x": 23310.0, "y": 15743.0, "id": 14098}, {"x": 23392.0, "y": 15791.0, "id": 14099}, {"x": 23193.0, "y": 15966.0, "id": 14100}, {"x": 23486.0, "y": 15965.0, "id": 14102}, {"x": 23316.0, "y": 15843.0, "id": 14103}, {"x": 23242.0, "y": 16036.0, "id": 14104}, {"x": 23145.0, "y": 16050.0, "id": 14105}, {"x": 23559.0, "y": 15745.0, "id": 14106}, {"x": 23298.0, "y": 15944.0, "id": 14107}, {"x": 23563.0, "y": 16031.0, "id": 14110}], "links": [{"weight": 2, "source": 14112, "target": 14099}, {"weight": 2, "source": 14112, "target": 14106}, {"weight": 1, "source": 14112, "target": 14113}, {"weight": 8, "source": 14113, "target": 14099}, {"weight": 2, "source": 14113, "target": 14102}, {"weight": 5, "source": 14113, "target": 14103}, {"weight": 1, "source": 14113, "target": 14107}, {"weight": 4, "source": 14098, "target": 14103}, {"weight": 4, "source": 14098, "target": 14099}, {"weight": 2, "source": 14099, "target": 14103}, {"weight": 1, "source": 14100, "target": 14107}, {"weight": 2, "source": 14100, "target": 14104}, {"weight": 1, "source": 14100, "target": 14105}, {"weight": 4, "source": 14102, "target": 14110}, {"weight": 4, "source": 14103, "target": 14107}, {"weight": 1, "source": 14104, "target": 14105}, {"weight": 1, "source": 14104, "target": 14107}], "similarity": "0.7370963551594172"}