{"directed": false, "multigraph": false, "graph": {}, "nodes": [{"x": 13434.0, "y": 23117.0, "id": 27042}, {"x": 13544.0, "y": 23272.0, "id": 27011}, {"x": 13469.0, "y": 23352.0, "id": 27012}, {"x": 13655.0, "y": 23301.0, "id": 27013}, {"x": 13588.0, "y": 23005.0, "id": 27047}, {"x": 13733.0, "y": 23010.0, "id": 26999}, {"x": 13660.0, "y": 23084.0, "id": 27000}, {"x": 13632.0, "y": 23197.0, "id": 27001}, {"x": 13486.0, "y": 23024.0, "id": 27066}, {"x": 13454.0, "y": 23226.0, "id": 27003}, {"x": 13348.0, "y": 23228.0, "id": 27004}, {"x": 13747.0, "y": 23354.0, "id": 27005}, {"x": 13543.0, "y": 23303.0, "id": 27006}, {"x": 13552.0, "y": 23384.0, "id": 27007}], "links": [{"weight": 1, "source": 27042, "target": 27003}, {"weight": 2, "source": 27042, "target": 27066}, {"weight": 3, "source": 27011, "target": 27001}, {"weight": 1, "source": 27011, "target": 27003}, {"weight": 1, "source": 27011, "target": 27006}, {"weight": 9, "source": 27011, "target": 27007}, {"weight": 4, "source": 27011, "target": 27012}, {"weight": 2, "source": 27012, "target": 27006}, {"weight": 6, "source": 27012, "target": 27007}, {"weight": 1, "source": 27013, "target": 27001}, {"weight": 3, "source": 27013, "target": 27005}, {"weight": 2, "source": 27013, "target": 27006}, {"weight": 1, "source": 27047, "target": 27000}, {"weight": 1, "source": 27047, "target": 27066}, {"weight": 3, "source": 26999, "target": 27000}, {"weight": 1, "source": 27000, "target": 27001}, {"weight": 1, "source": 27003, "target": 27006}, {"weight": 2, "source": 27003, "target": 27004}, {"weight": 5, "source": 27006, "target": 27007}], "similarity": "0.8295994781324582"}