{"directed": false, "multigraph": false, "graph": {}, "nodes": [{"x": 13247.0, "y": 24898.0, "id": 29505}, {"x": 13132.0, "y": 24910.0, "id": 29507}, {"x": 13118.0, "y": 24804.0, "id": 29510}, {"x": 13332.0, "y": 24838.0, "id": 29513}, {"x": 13416.0, "y": 24994.0, "id": 29514}, {"x": 13032.0, "y": 24950.0, "id": 29515}, {"x": 13224.0, "y": 24959.0, "id": 29517}, {"x": 13119.0, "y": 24994.0, "id": 29518}, {"x": 13167.0, "y": 25021.0, "id": 29519}, {"x": 13317.0, "y": 24980.0, "id": 29493}, {"x": 12931.0, "y": 24814.0, "id": 29495}, {"x": 13334.0, "y": 24934.0, "id": 29498}, {"x": 13029.0, "y": 24856.0, "id": 29499}], "links": [{"weight": 5, "source": 29505, "target": 29493}, {"weight": 3, "source": 29505, "target": 29507}, {"weight": 13, "source": 29505, "target": 29513}, {"weight": 1, "source": 29507, "target": 29499}, {"weight": 1, "source": 29507, "target": 29518}, {"weight": 1, "source": 29507, "target": 29517}, {"weight": 1, "source": 29507, "target": 29519}, {"weight": 3, "source": 29507, "target": 29510}, {"weight": 1, "source": 29507, "target": 29515}, {"weight": 2, "source": 29513, "target": 29498}, {"weight": 8, "source": 29514, "target": 29493}, {"weight": 1, "source": 29514, "target": 29498}, {"weight": 1, "source": 29517, "target": 29493}, {"weight": 6, "source": 29517, "target": 29498}, {"weight": 21, "source": 29517, "target": 29518}, {"weight": 14, "source": 29517, "target": 29519}, {"weight": 56, "source": 29518, "target": 29519}, {"weight": 2, "source": 29495, "target": 29499}], "similarity": "0.7454993164109749"}