{"directed": false, "multigraph": false, "graph": {}, "nodes": [{"x": 24246.0, "y": 15895.0, "id": 29344}, {"x": 24199.0, "y": 15795.0, "id": 29347}, {"x": 24450.0, "y": 15800.0, "id": 29323}, {"x": 24158.0, "y": 15928.0, "id": 29363}, {"x": 24181.0, "y": 15998.0, "id": 29364}, {"x": 24351.0, "y": 15846.0, "id": 29333}, {"x": 24257.0, "y": 15989.0, "id": 29365}], "links": [{"weight": 1, "source": 29344, "target": 29333}, {"weight": 1, "source": 29344, "target": 29364}, {"weight": 1, "source": 29344, "target": 29363}, {"weight": 1, "source": 29344, "target": 29365}, {"weight": 3, "source": 29344, "target": 29347}, {"weight": 2, "source": 29323, "target": 29333}, {"weight": 41, "source": 29363, "target": 29364}, {"weight": 7, "source": 29363, "target": 29365}, {"weight": 13, "source": 29364, "target": 29365}], "similarity": "0.7127180599416806"}