{"directed": false, "multigraph": false, "graph": {}, "nodes": [{"x": 22654.0, "y": 23828.0, "id": 1888}, {"x": 22872.0, "y": 24140.0, "id": 1892}, {"x": 22773.0, "y": 24106.0, "id": 1893}, {"x": 22719.0, "y": 23909.0, "id": 1884}, {"x": 22894.0, "y": 24036.0, "id": 1865}, {"x": 22791.0, "y": 23995.0, "id": 1872}, {"x": 22877.0, "y": 23924.0, "id": 1879}, {"x": 22848.0, "y": 24066.0, "id": 1880}, {"x": 22967.0, "y": 23960.0, "id": 1851}, {"x": 22677.0, "y": 24141.0, "id": 1852}, {"x": 22696.0, "y": 24044.0, "id": 1885}, {"x": 22960.0, "y": 23865.0, "id": 1887}], "links": [{"weight": 21, "source": 1888, "target": 1884}, {"weight": 9, "source": 1892, "target": 1865}, {"weight": 2, "source": 1892, "target": 1880}, {"weight": 1, "source": 1892, "target": 1893}, {"weight": 2, "source": 1893, "target": 1852}, {"weight": 27, "source": 1893, "target": 1872}, {"weight": 23, "source": 1893, "target": 1880}, {"weight": 86, "source": 1884, "target": 1872}, {"weight": 21, "source": 1865, "target": 1851}, {"weight": 8, "source": 1865, "target": 1872}, {"weight": 2, "source": 1872, "target": 1880}, {"weight": 3, "source": 1872, "target": 1885}, {"weight": 4, "source": 1872, "target": 1879}, {"weight": 17, "source": 1879, "target": 1851}, {"weight": 1, "source": 1879, "target": 1887}, {"weight": 1, "source": 1851, "target": 1887}, {"weight": 9, "source": 1852, "target": 1885}], "similarity": "0.761811750275055"}