{"directed": false, "multigraph": false, "graph": {}, "nodes": [{"x": 23962.0, "y": 15057.0, "id": 8258}, {"x": 23811.0, "y": 15016.0, "id": 8261}, {"x": 23902.0, "y": 14975.0, "id": 8233}, {"x": 23731.0, "y": 14951.0, "id": 8236}, {"x": 23760.0, "y": 15094.0, "id": 8238}, {"x": 24074.0, "y": 15049.0, "id": 8240}, {"x": 23849.0, "y": 15213.0, "id": 8244}, {"x": 24158.0, "y": 15103.0, "id": 8247}, {"x": 23862.0, "y": 15076.0, "id": 8248}, {"x": 24153.0, "y": 14985.0, "id": 8250}, {"x": 23871.0, "y": 15112.0, "id": 8254}], "links": [{"weight": 2, "source": 8258, "target": 8233}, {"weight": 1, "source": 8258, "target": 8240}, {"weight": 1, "source": 8258, "target": 8248}, {"weight": 1, "source": 8258, "target": 8254}, {"weight": 1, "source": 8261, "target": 8233}, {"weight": 45, "source": 8261, "target": 8236}, {"weight": 3, "source": 8261, "target": 8238}, {"weight": 2, "source": 8261, "target": 8248}, {"weight": 1, "source": 8261, "target": 8254}, {"weight": 22, "source": 8238, "target": 8248}, {"weight": 1, "source": 8240, "target": 8250}, {"weight": 27, "source": 8240, "target": 8247}, {"weight": 26, "source": 8244, "target": 8254}], "similarity": "0.7215767990471125"}