{"directed": false, "multigraph": false, "graph": {}, "nodes": [{"x": 16182.0, "y": 26472.0, "id": 34627}, {"x": 16083.0, "y": 26498.0, "id": 34628}, {"x": 15876.0, "y": 26484.0, "id": 34630}, {"x": 15777.0, "y": 26464.0, "id": 34635}, {"x": 15980.0, "y": 26507.0, "id": 34637}, {"x": 16040.0, "y": 26584.0, "id": 34638}], "links": [{"weight": 1, "source": 34627, "target": 34628}, {"weight": 1, "source": 34628, "target": 34638}, {"weight": 1, "source": 34628, "target": 34637}, {"weight": 8, "source": 34630, "target": 34635}, {"weight": 1, "source": 34630, "target": 34637}, {"weight": 23, "source": 34637, "target": 34638}], "similarity": "0.7648808633001188"}