{"directed": false, "multigraph": false, "graph": {}, "nodes": [{"x": 5929.0, "y": 25403.0, "id": 6848}, {"x": 5730.0, "y": 25336.0, "id": 6851}, {"x": 5816.0, "y": 25383.0, "id": 6852}, {"x": 6005.0, "y": 25475.0, "id": 6854}, {"x": 6038.0, "y": 25379.0, "id": 6856}, {"x": 5925.0, "y": 25344.0, "id": 6857}, {"x": 5740.0, "y": 25447.0, "id": 6858}, {"x": 6113.0, "y": 25298.0, "id": 6863}, {"x": 5694.0, "y": 25395.0, "id": 6869}, {"x": 5921.0, "y": 25290.0, "id": 6870}, {"x": 6150.0, "y": 25382.0, "id": 6876}, {"x": 6101.0, "y": 25468.0, "id": 6845}], "links": [{"weight": 2, "source": 6848, "target": 6854}, {"weight": 1, "source": 6848, "target": 6856}, {"weight": 11, "source": 6848, "target": 6857}, {"weight": 2, "source": 6848, "target": 6852}, {"weight": 1, "source": 6848, "target": 6870}, {"weight": 8, "source": 6851, "target": 6852}, {"weight": 2, "source": 6851, "target": 6858}, {"weight": 2, "source": 6851, "target": 6869}, {"weight": 1, "source": 6852, "target": 6869}, {"weight": 2, "source": 6852, "target": 6858}, {"weight": 2, "source": 6852, "target": 6857}, {"weight": 2, "source": 6854, "target": 6845}, {"weight": 45, "source": 6854, "target": 6856}, {"weight": 1, "source": 6856, "target": 6845}, {"weight": 2, "source": 6856, "target": 6863}, {"weight": 1, "source": 6856, "target": 6876}, {"weight": 2, "source": 6856, "target": 6857}, {"weight": 2, "source": 6858, "target": 6869}, {"weight": 34, "source": 6863, "target": 6876}], "similarity": "0.7246573018525413"}