{"directed": false, "multigraph": false, "graph": {}, "nodes": [{"x": 10641.0, "y": 23070.0, "id": 6977}, {"x": 10573.0, "y": 23386.0, "id": 6979}, {"x": 10810.0, "y": 23102.0, "id": 6980}, {"x": 10952.0, "y": 23211.0, "id": 6950}, {"x": 10785.0, "y": 23202.0, "id": 6954}, {"x": 10717.0, "y": 23027.0, "id": 6988}, {"x": 10972.0, "y": 23133.0, "id": 6989}, {"x": 10686.0, "y": 23237.0, "id": 6958}, {"x": 10592.0, "y": 23290.0, "id": 6957}, {"x": 10871.0, "y": 23245.0, "id": 6961}, {"x": 10865.0, "y": 23147.0, "id": 6963}, {"x": 10738.0, "y": 23130.0, "id": 6965}, {"x": 10658.0, "y": 23341.0, "id": 6966}, {"x": 10928.0, "y": 23060.0, "id": 6973}, {"x": 10562.0, "y": 23003.0, "id": 6975}], "links": [{"weight": 4, "source": 6977, "target": 6965}, {"weight": 1, "source": 6977, "target": 6975}, {"weight": 18, "source": 6977, "target": 6988}, {"weight": 2, "source": 6979, "target": 6957}, {"weight": 2, "source": 6979, "target": 6966}, {"weight": 1, "source": 6980, "target": 6954}, {"weight": 2, "source": 6950, "target": 6961}, {"weight": 1, "source": 6950, "target": 6963}, {"weight": 2, "source": 6954, "target": 6961}, {"weight": 1, "source": 6954, "target": 6963}, {"weight": 16, "source": 6954, "target": 6965}, {"weight": 2, "source": 6954, "target": 6958}, {"weight": 4, "source": 6988, "target": 6965}, {"weight": 1, "source": 6989, "target": 6963}, {"weight": 13, "source": 6989, "target": 6973}, {"weight": 8, "source": 6958, "target": 6957}, {"weight": 2, "source": 6958, "target": 6966}, {"weight": 2, "source": 6958, "target": 6965}, {"weight": 2, "source": 6957, "target": 6966}, {"weight": 44, "source": 6961, "target": 6963}, {"weight": 1, "source": 6963, "target": 6973}, {"weight": 2, "source": 6963, "target": 6965}], "similarity": "0.7337993857053428"}