{"directed": false, "multigraph": false, "graph": {}, "nodes": [{"x": 22982.0, "y": 7267.0, "id": 30176}, {"x": 23243.0, "y": 7276.0, "id": 30177}, {"x": 23289.0, "y": 7509.0, "id": 30184}, {"x": 23075.0, "y": 7309.0, "id": 30188}, {"x": 23309.0, "y": 7204.0, "id": 30190}, {"x": 23167.0, "y": 7547.0, "id": 30192}, {"x": 22902.0, "y": 7219.0, "id": 30193}, {"x": 23205.0, "y": 7453.0, "id": 30169}, {"x": 23171.0, "y": 7351.0, "id": 30170}], "links": [{"weight": 8, "source": 30176, "target": 30188}, {"weight": 1, "source": 30176, "target": 30193}, {"weight": 2, "source": 30177, "target": 30170}, {"weight": 3, "source": 30177, "target": 30190}, {"weight": 1, "source": 30184, "target": 30169}, {"weight": 1, "source": 30188, "target": 30170}, {"weight": 3, "source": 30192, "target": 30169}, {"weight": 3, "source": 30169, "target": 30170}], "similarity": "0.7037315505489967"}