{"directed": false, "multigraph": false, "graph": {}, "nodes": [{"x": 4533.0, "y": 24569.0, "id": 32}, {"x": 4429.0, "y": 24693.0, "id": 34}, {"x": 4361.0, "y": 24511.0, "id": 35}, {"x": 4499.0, "y": 24763.0, "id": 37}, {"x": 4614.0, "y": 24507.0, "id": 39}, {"x": 4431.0, "y": 24587.0, "id": 43}, {"x": 4525.0, "y": 24669.0, "id": 54}, {"x": 4352.0, "y": 24759.0, "id": 28}], "links": [{"weight": 1, "source": 32, "target": 43}, {"weight": 5, "source": 32, "target": 39}, {"weight": 7, "source": 32, "target": 54}, {"weight": 39, "source": 34, "target": 28}, {"weight": 1, "source": 34, "target": 54}, {"weight": 1, "source": 34, "target": 43}, {"weight": 1, "source": 34, "target": 37}, {"weight": 45, "source": 35, "target": 43}, {"weight": 30, "source": 37, "target": 54}], "similarity": "0.7526023228839096"}