{"directed": false, "multigraph": false, "graph": {}, "nodes": [{"x": 14277.0, "y": 21643.0, "id": 38400}, {"x": 13943.0, "y": 21950.0, "id": 38401}, {"x": 13999.0, "y": 21931.0, "id": 38405}, {"x": 13830.0, "y": 21918.0, "id": 38406}, {"x": 14058.0, "y": 21881.0, "id": 38408}, {"x": 14239.0, "y": 22010.0, "id": 38410}, {"x": 13867.0, "y": 21777.0, "id": 38412}, {"x": 13787.0, "y": 21642.0, "id": 38414}, {"x": 14282.0, "y": 21707.0, "id": 38415}, {"x": 13821.0, "y": 21890.0, "id": 38416}, {"x": 13938.0, "y": 21842.0, "id": 38421}, {"x": 13945.0, "y": 21733.0, "id": 38422}, {"x": 13810.0, "y": 22031.0, "id": 38424}, {"x": 14154.0, "y": 21951.0, "id": 38425}, {"x": 14228.0, "y": 21618.0, "id": 38427}, {"x": 14181.0, "y": 21707.0, "id": 38429}, {"x": 13724.0, "y": 21883.0, "id": 38431}, {"x": 14015.0, "y": 21805.0, "id": 38433}, {"x": 13787.0, "y": 21817.0, "id": 38365}, {"x": 13854.0, "y": 21740.0, "id": 38373}, {"x": 13722.0, "y": 21561.0, "id": 38381}, {"x": 13737.0, "y": 21957.0, "id": 38385}, {"x": 13768.0, "y": 21987.0, "id": 38386}, {"x": 14069.0, "y": 21780.0, "id": 38388}], "links": [{"weight": 1, "source": 38400, "target": 38415}, {"weight": 4, "source": 38400, "target": 38427}, {"weight": 1, "source": 38400, "target": 38429}, {"weight": 1, "source": 38401, "target": 38421}, {"weight": 1, "source": 38405, "target": 38421}, {"weight": 1, "source": 38406, "target": 38365}, {"weight": 3, "source": 38406, "target": 38385}, {"weight": 1, "source": 38406, "target": 38386}, {"weight": 10, "source": 38406, "target": 38421}, {"weight": 8, "source": 38406, "target": 38416}, {"weight": 1, "source": 38406, "target": 38431}, {"weight": 1, "source": 38406, "target": 38424}, {"weight": 5, "source": 38408, "target": 38388}, {"weight": 23, "source": 38408, "target": 38421}, {"weight": 5, "source": 38408, "target": 38433}, {"weight": 3, "source": 38408, "target": 38425}, {"weight": 2, "source": 38410, "target": 38425}, {"weight": 1, "source": 38412, "target": 38365}, {"weight": 1, "source": 38412, "target": 38422}, {"weight": 1, "source": 38412, "target": 38421}, {"weight": 1, "source": 38414, "target": 38373}, {"weight": 1, "source": 38414, "target": 38381}, {"weight": 27, "source": 38415, "target": 38427}, {"weight": 4, "source": 38415, "target": 38429}, {"weight": 3, "source": 38416, "target": 38385}, {"weight": 2, "source": 38416, "target": 38386}, {"weight": 12, "source": 38416, "target": 38421}, {"weight": 1, "source": 38416, "target": 38431}, {"weight": 1, "source": 38421, "target": 38373}, {"weight": 5, "source": 38421, "target": 38388}, {"weight": 3, "source": 38421, "target": 38422}, {"weight": 6, "source": 38421, "target": 38433}, {"weight": 1, "source": 38422, "target": 38373}, {"weight": 4, "source": 38427, "target": 38429}, {"weight": 3, "source": 38429, "target": 38388}, {"weight": 1, "source": 38431, "target": 38385}, {"weight": 3, "source": 38433, "target": 38388}, {"weight": 24, "source": 38365, "target": 38373}], "similarity": "0.8158755736627145"}