{"directed": false, "multigraph": false, "graph": {}, "nodes": [{"x": 8571.0, "y": 24360.0, "id": 13856}, {"x": 8508.0, "y": 24469.0, "id": 13889}, {"x": 8515.0, "y": 24278.0, "id": 13890}, {"x": 8543.0, "y": 24312.0, "id": 13888}, {"x": 8651.0, "y": 24334.0, "id": 13895}, {"x": 8463.0, "y": 24372.0, "id": 13864}, {"x": 8775.0, "y": 24413.0, "id": 13866}, {"x": 8457.0, "y": 24335.0, "id": 13899}, {"x": 8858.0, "y": 24240.0, "id": 13869}, {"x": 8739.0, "y": 24235.0, "id": 13901}, {"x": 8539.0, "y": 24369.0, "id": 13902}, {"x": 8655.0, "y": 24416.0, "id": 13904}, {"x": 8440.0, "y": 24442.0, "id": 13907}, {"x": 8865.0, "y": 24347.0, "id": 13846}, {"x": 8473.0, "y": 24265.0, "id": 13879}, {"x": 8541.0, "y": 24188.0, "id": 13882}, {"x": 8956.0, "y": 24193.0, "id": 13883}, {"x": 8615.0, "y": 24267.0, "id": 13886}], "links": [{"weight": 1, "source": 13856, "target": 13904}, {"weight": 15, "source": 13856, "target": 13895}, {"weight": 2, "source": 13856, "target": 13890}, {"weight": 1, "source": 13856, "target": 13886}, {"weight": 17, "source": 13856, "target": 13899}, {"weight": 4, "source": 13856, "target": 13888}, {"weight": 1, "source": 13889, "target": 13864}, {"weight": 1, "source": 13889, "target": 13902}, {"weight": 2, "source": 13889, "target": 13907}, {"weight": 3, "source": 13890, "target": 13864}, {"weight": 4, "source": 13890, "target": 13882}, {"weight": 6, "source": 13890, "target": 13886}, {"weight": 1, "source": 13890, "target": 13902}, {"weight": 8, "source": 13888, "target": 13864}, {"weight": 2, "source": 13888, "target": 13879}, {"weight": 2, "source": 13888, "target": 13895}, {"weight": 1, "source": 13888, "target": 13899}, {"weight": 1, "source": 13895, "target": 13886}, {"weight": 1, "source": 13895, "target": 13904}, {"weight": 1, "source": 13864, "target": 13907}, {"weight": 4, "source": 13866, "target": 13846}, {"weight": 1, "source": 13866, "target": 13904}, {"weight": 12, "source": 13899, "target": 13902}, {"weight": 19, "source": 13869, "target": 13846}, {"weight": 1, "source": 13869, "target": 13883}, {"weight": 9, "source": 13869, "target": 13901}, {"weight": 2, "source": 13901, "target": 13886}, {"weight": 3, "source": 13902, "target": 13879}, {"weight": 1, "source": 13902, "target": 13886}, {"weight": 4, "source": 13902, "target": 13904}, {"weight": 4, "source": 13902, "target": 13907}, {"weight": 2, "source": 13879, "target": 13882}, {"weight": 4, "source": 13882, "target": 13886}], "similarity": "0.7177115647040182"}