{"directed": false, "multigraph": false, "graph": {}, "nodes": [{"x": 25344.0, "y": 12371.0, "id": 29605}, {"x": 24943.0, "y": 12374.0, "id": 29612}, {"x": 25035.0, "y": 12419.0, "id": 29613}, {"x": 25078.0, "y": 12506.0, "id": 29614}, {"x": 25142.0, "y": 12426.0, "id": 29615}, {"x": 25246.0, "y": 12397.0, "id": 29618}, {"x": 24948.0, "y": 12469.0, "id": 29620}, {"x": 24992.0, "y": 12559.0, "id": 29624}], "links": [{"weight": 1, "source": 29605, "target": 29618}, {"weight": 1, "source": 29612, "target": 29620}, {"weight": 3, "source": 29612, "target": 29613}, {"weight": 24, "source": 29613, "target": 29620}, {"weight": 2, "source": 29613, "target": 29614}, {"weight": 2, "source": 29613, "target": 29615}, {"weight": 2, "source": 29614, "target": 29615}, {"weight": 5, "source": 29614, "target": 29624}, {"weight": 1, "source": 29615, "target": 29618}, {"weight": 1, "source": 29620, "target": 29624}], "similarity": "0.784627953644927"}