{"directed": false, "multigraph": false, "graph": {}, "nodes": [{"x": 14185.0, "y": 24397.0, "id": 38145}, {"x": 14247.0, "y": 24300.0, "id": 38149}, {"x": 14241.0, "y": 24191.0, "id": 38150}, {"x": 14133.0, "y": 24466.0, "id": 38118}, {"x": 14014.0, "y": 24361.0, "id": 38119}, {"x": 14341.0, "y": 24379.0, "id": 38121}, {"x": 14491.0, "y": 24248.0, "id": 38151}, {"x": 14075.0, "y": 24427.0, "id": 38155}, {"x": 14415.0, "y": 24461.0, "id": 38154}, {"x": 14330.0, "y": 24301.0, "id": 38157}, {"x": 14163.0, "y": 24218.0, "id": 38108}, {"x": 14070.0, "y": 24257.0, "id": 38100}, {"x": 14306.0, "y": 24206.0, "id": 38132}, {"x": 14126.0, "y": 24348.0, "id": 38136}, {"x": 14379.0, "y": 24283.0, "id": 38138}, {"x": 14592.0, "y": 24214.0, "id": 38140}, {"x": 14164.0, "y": 24249.0, "id": 38142}], "links": [{"weight": 3, "source": 38145, "target": 38118}, {"weight": 10, "source": 38145, "target": 38136}, {"weight": 12, "source": 38145, "target": 38149}, {"weight": 1, "source": 38145, "target": 38155}, {"weight": 1, "source": 38149, "target": 38108}, {"weight": 5, "source": 38149, "target": 38121}, {"weight": 1, "source": 38149, "target": 38132}, {"weight": 10, "source": 38149, "target": 38136}, {"weight": 23, "source": 38149, "target": 38138}, {"weight": 1, "source": 38149, "target": 38142}, {"weight": 3, "source": 38149, "target": 38150}, {"weight": 6, "source": 38149, "target": 38157}, {"weight": 1, "source": 38150, "target": 38108}, {"weight": 1, "source": 38150, "target": 38142}, {"weight": 3, "source": 38118, "target": 38136}, {"weight": 1, "source": 38118, "target": 38155}, {"weight": 1, "source": 38119, "target": 38136}, {"weight": 5, "source": 38121, "target": 38138}, {"weight": 3, "source": 38121, "target": 38157}, {"weight": 2, "source": 38121, "target": 38154}, {"weight": 3, "source": 38151, "target": 38138}, {"weight": 1, "source": 38151, "target": 38140}, {"weight": 1, "source": 38155, "target": 38136}, {"weight": 5, "source": 38157, "target": 38138}, {"weight": 22, "source": 38108, "target": 38100}, {"weight": 1, "source": 38100, "target": 38136}, {"weight": 1, "source": 38100, "target": 38142}], "similarity": "0.738154316435117"}