{"directed": false, "multigraph": false, "graph": {}, "nodes": [{"x": 26422.0, "y": 15062.0, "id": 12718}, {"x": 26317.0, "y": 15045.0, "id": 12691}, {"x": 26526.0, "y": 15047.0, "id": 12692}, {"x": 26352.0, "y": 15135.0, "id": 12694}, {"x": 26215.0, "y": 15029.0, "id": 12695}, {"x": 26252.0, "y": 15121.0, "id": 12700}], "links": [{"weight": 4, "source": 12718, "target": 12691}, {"weight": 1, "source": 12718, "target": 12692}, {"weight": 18, "source": 12718, "target": 12694}, {"weight": 178, "source": 12691, "target": 12700}, {"weight": 3, "source": 12691, "target": 12695}, {"weight": 2, "source": 12691, "target": 12694}, {"weight": 3, "source": 12694, "target": 12700}, {"weight": 1, "source": 12695, "target": 12700}], "similarity": "0.7648808633001188"}