{"directed": false, "multigraph": false, "graph": {}, "nodes": [{"x": 18050.0, "y": 22791.0, "id": 32410}, {"x": 18434.0, "y": 22958.0, "id": 32414}, {"x": 18156.0, "y": 22676.0, "id": 32415}, {"x": 18387.0, "y": 22868.0, "id": 32416}, {"x": 18519.0, "y": 22744.0, "id": 32422}, {"x": 18345.0, "y": 22958.0, "id": 32423}, {"x": 18386.0, "y": 22749.0, "id": 32424}, {"x": 18710.0, "y": 22839.0, "id": 32433}, {"x": 18142.0, "y": 22763.0, "id": 32434}, {"x": 18252.0, "y": 22735.0, "id": 32435}, {"x": 18795.0, "y": 22797.0, "id": 32439}, {"x": 18762.0, "y": 22580.0, "id": 32441}, {"x": 18630.0, "y": 22714.0, "id": 32443}, {"x": 18730.0, "y": 22722.0, "id": 32444}, {"x": 18259.0, "y": 22581.0, "id": 32445}, {"x": 18191.0, "y": 22817.0, "id": 32449}, {"x": 18319.0, "y": 22661.0, "id": 32456}, {"x": 18330.0, "y": 22758.0, "id": 32457}, {"x": 18317.0, "y": 22562.0, "id": 32462}, {"x": 18069.0, "y": 22632.0, "id": 32463}, {"x": 18431.0, "y": 22788.0, "id": 32464}, {"x": 18611.0, "y": 22812.0, "id": 32466}, {"x": 18691.0, "y": 22637.0, "id": 32471}, {"x": 18594.0, "y": 22663.0, "id": 32474}], "links": [{"weight": 6, "source": 32410, "target": 32434}, {"weight": 1, "source": 32414, "target": 32423}, {"weight": 2, "source": 32414, "target": 32416}, {"weight": 10, "source": 32415, "target": 32463}, {"weight": 1, "source": 32415, "target": 32435}, {"weight": 1, "source": 32415, "target": 32434}, {"weight": 3, "source": 32416, "target": 32424}, {"weight": 1, "source": 32416, "target": 32464}, {"weight": 3, "source": 32416, "target": 32423}, {"weight": 9, "source": 32422, "target": 32464}, {"weight": 15, "source": 32422, "target": 32424}, {"weight": 3, "source": 32422, "target": 32443}, {"weight": 2, "source": 32422, "target": 32466}, {"weight": 6, "source": 32422, "target": 32474}, {"weight": 10, "source": 32424, "target": 32457}, {"weight": 1, "source": 32424, "target": 32456}, {"weight": 5, "source": 32424, "target": 32435}, {"weight": 16, "source": 32433, "target": 32466}, {"weight": 1, "source": 32433, "target": 32439}, {"weight": 12, "source": 32434, "target": 32435}, {"weight": 18, "source": 32435, "target": 32457}, {"weight": 2, "source": 32435, "target": 32456}, {"weight": 1, "source": 32435, "target": 32449}, {"weight": 1, "source": 32439, "target": 32444}, {"weight": 1, "source": 32441, "target": 32471}, {"weight": 2, "source": 32443, "target": 32471}, {"weight": 1, "source": 32443, "target": 32444}, {"weight": 3, "source": 32444, "target": 32471}, {"weight": 1, "source": 32445, "target": 32456}, {"weight": 4, "source": 32456, "target": 32457}, {"weight": 9, "source": 32456, "target": 32462}, {"weight": 7, "source": 32457, "target": 32464}, {"weight": 1, "source": 32471, "target": 32474}], "similarity": "0.7714028584743319"}