{"directed": false, "multigraph": false, "graph": {}, "nodes": [{"x": 12137.0, "y": 24459.0, "id": 34276}, {"x": 12406.0, "y": 24268.0, "id": 34251}, {"x": 12427.0, "y": 24364.0, "id": 34252}, {"x": 12699.0, "y": 24284.0, "id": 34287}, {"x": 12727.0, "y": 24379.0, "id": 34320}, {"x": 12634.0, "y": 24425.0, "id": 34289}, {"x": 12604.0, "y": 24249.0, "id": 34290}, {"x": 12230.0, "y": 24447.0, "id": 34292}, {"x": 12535.0, "y": 24189.0, "id": 34294}, {"x": 12720.0, "y": 24467.0, "id": 34295}, {"x": 12530.0, "y": 24389.0, "id": 34330}, {"x": 12326.0, "y": 24410.0, "id": 34299}, {"x": 12504.0, "y": 24289.0, "id": 34301}], "links": [{"weight": 2, "source": 34276, "target": 34292}, {"weight": 3, "source": 34251, "target": 34301}, {"weight": 4, "source": 34251, "target": 34252}, {"weight": 7, "source": 34252, "target": 34330}, {"weight": 8, "source": 34252, "target": 34301}, {"weight": 3, "source": 34252, "target": 34299}, {"weight": 1, "source": 34287, "target": 34320}, {"weight": 1, "source": 34287, "target": 34290}, {"weight": 1, "source": 34320, "target": 34289}, {"weight": 4, "source": 34320, "target": 34295}, {"weight": 3, "source": 34289, "target": 34295}, {"weight": 1, "source": 34289, "target": 34330}, {"weight": 4, "source": 34290, "target": 34294}, {"weight": 6, "source": 34290, "target": 34301}, {"weight": 22, "source": 34292, "target": 34299}, {"weight": 46, "source": 34294, "target": 34301}, {"weight": 5, "source": 34330, "target": 34301}], "similarity": "0.7233165373381236"}