{"directed": false, "multigraph": false, "graph": {}, "nodes": [{"x": 13543.0, "y": 26475.0, "id": 22593}, {"x": 13342.0, "y": 26503.0, "id": 22596}, {"x": 13035.0, "y": 26464.0, "id": 22631}, {"x": 13237.0, "y": 26502.0, "id": 22608}, {"x": 13289.0, "y": 26585.0, "id": 22611}, {"x": 13134.0, "y": 26480.0, "id": 22645}, {"x": 13443.0, "y": 26480.0, "id": 22614}], "links": [{"weight": 1, "source": 22593, "target": 22614}, {"weight": 2, "source": 22596, "target": 22614}, {"weight": 4, "source": 22596, "target": 22611}, {"weight": 3, "source": 22596, "target": 22608}, {"weight": 2, "source": 22631, "target": 22645}, {"weight": 1, "source": 22608, "target": 22645}, {"weight": 3, "source": 22608, "target": 22611}], "similarity": "0.7045638767423834"}