{"directed": false, "multigraph": false, "graph": {}, "nodes": [{"x": 9883.0, "y": 25474.0, "id": 5505}, {"x": 9880.0, "y": 25302.0, "id": 5507}, {"x": 9914.0, "y": 25389.0, "id": 5509}, {"x": 9987.0, "y": 25444.0, "id": 5511}, {"x": 9817.0, "y": 25385.0, "id": 5521}, {"x": 9778.0, "y": 25290.0, "id": 5497}, {"x": 9986.0, "y": 25334.0, "id": 5501}], "links": [{"weight": 4, "source": 5505, "target": 5511}, {"weight": 1, "source": 5505, "target": 5521}, {"weight": 1, "source": 5505, "target": 5509}, {"weight": 1, "source": 5507, "target": 5497}, {"weight": 3, "source": 5507, "target": 5501}, {"weight": 2, "source": 5507, "target": 5521}, {"weight": 1, "source": 5507, "target": 5509}, {"weight": 18, "source": 5509, "target": 5501}, {"weight": 3, "source": 5509, "target": 5511}, {"weight": 3, "source": 5511, "target": 5501}, {"weight": 4, "source": 5521, "target": 5497}], "similarity": "0.7045638767423834"}