{"directed": false, "multigraph": false, "graph": {}, "nodes": [{"x": 3487.0, "y": 22566.0, "id": 6992}, {"x": 2985.0, "y": 22859.0, "id": 6993}, {"x": 3555.0, "y": 22738.0, "id": 6996}, {"x": 3615.0, "y": 22938.0, "id": 6999}, {"x": 3566.0, "y": 22839.0, "id": 7000}, {"x": 3332.0, "y": 22817.0, "id": 7001}, {"x": 3473.0, "y": 22662.0, "id": 7003}, {"x": 3533.0, "y": 22657.0, "id": 7005}, {"x": 3093.0, "y": 22848.0, "id": 7006}, {"x": 3463.0, "y": 22771.0, "id": 7007}, {"x": 3670.0, "y": 22878.0, "id": 7008}, {"x": 3626.0, "y": 22606.0, "id": 7015}, {"x": 3374.0, "y": 22751.0, "id": 7018}, {"x": 3190.0, "y": 22960.0, "id": 7020}, {"x": 3706.0, "y": 22967.0, "id": 7021}, {"x": 3659.0, "y": 22726.0, "id": 7022}, {"x": 2890.0, "y": 22876.0, "id": 7025}, {"x": 3125.0, "y": 22910.0, "id": 7026}, {"x": 3559.0, "y": 22553.0, "id": 7030}, {"x": 3407.0, "y": 22845.0, "id": 7031}, {"x": 3209.0, "y": 22858.0, "id": 7033}], "links": [{"weight": 2, "source": 6992, "target": 7003}, {"weight": 1, "source": 6992, "target": 7005}, {"weight": 2, "source": 6993, "target": 7006}, {"weight": 2, "source": 6993, "target": 7025}, {"weight": 2, "source": 6996, "target": 7003}, {"weight": 1, "source": 6996, "target": 7005}, {"weight": 16, "source": 6996, "target": 7007}, {"weight": 2, "source": 6996, "target": 7000}, {"weight": 1, "source": 6996, "target": 7022}, {"weight": 8, "source": 6999, "target": 7000}, {"weight": 2, "source": 6999, "target": 7008}, {"weight": 2, "source": 6999, "target": 7021}, {"weight": 2, "source": 7000, "target": 7008}, {"weight": 2, "source": 7000, "target": 7007}, {"weight": 1, "source": 7001, "target": 7033}, {"weight": 12, "source": 7001, "target": 7007}, {"weight": 2, "source": 7001, "target": 7031}, {"weight": 1, "source": 7001, "target": 7018}, {"weight": 34, "source": 7003, "target": 7005}, {"weight": 1, "source": 7005, "target": 7030}, {"weight": 1, "source": 7005, "target": 7015}, {"weight": 2, "source": 7005, "target": 7007}, {"weight": 2, "source": 7006, "target": 7033}, {"weight": 8, "source": 7007, "target": 7018}, {"weight": 6, "source": 7007, "target": 7031}, {"weight": 2, "source": 7008, "target": 7021}, {"weight": 11, "source": 7015, "target": 7030}, {"weight": 19, "source": 7018, "target": 7031}, {"weight": 2, "source": 7020, "target": 7033}, {"weight": 1, "source": 7026, "target": 7033}], "similarity": "0.7526023228839096"}