{"directed": false, "multigraph": false, "graph": {}, "nodes": [{"x": 12602.0, "y": 24804.0, "id": 29537}, {"x": 12817.0, "y": 24838.0, "id": 29540}, {"x": 12900.0, "y": 24994.0, "id": 29541}, {"x": 12517.0, "y": 24950.0, "id": 29542}, {"x": 12708.0, "y": 24959.0, "id": 29544}, {"x": 12603.0, "y": 24994.0, "id": 29545}, {"x": 12651.0, "y": 25021.0, "id": 29546}, {"x": 12802.0, "y": 24980.0, "id": 29520}, {"x": 12416.0, "y": 24814.0, "id": 29522}, {"x": 12819.0, "y": 24934.0, "id": 29525}, {"x": 12513.0, "y": 24856.0, "id": 29526}, {"x": 12731.0, "y": 24898.0, "id": 29532}, {"x": 12616.0, "y": 24910.0, "id": 29534}], "links": [{"weight": 3, "source": 29537, "target": 29534}, {"weight": 2, "source": 29540, "target": 29525}, {"weight": 13, "source": 29540, "target": 29532}, {"weight": 5, "source": 29541, "target": 29520}, {"weight": 1, "source": 29541, "target": 29525}, {"weight": 1, "source": 29542, "target": 29534}, {"weight": 1, "source": 29544, "target": 29520}, {"weight": 6, "source": 29544, "target": 29525}, {"weight": 1, "source": 29544, "target": 29534}, {"weight": 21, "source": 29544, "target": 29545}, {"weight": 14, "source": 29544, "target": 29546}, {"weight": 1, "source": 29545, "target": 29534}, {"weight": 74, "source": 29545, "target": 29546}, {"weight": 1, "source": 29546, "target": 29534}, {"weight": 5, "source": 29520, "target": 29532}, {"weight": 2, "source": 29522, "target": 29526}, {"weight": 1, "source": 29526, "target": 29534}, {"weight": 3, "source": 29532, "target": 29534}], "similarity": "0.7454993164109749"}