{"directed": false, "multigraph": false, "graph": {}, "nodes": [{"x": 21011.0, "y": 628.0, "id": 38656}, {"x": 20857.0, "y": 796.0, "id": 38669}, {"x": 20835.0, "y": 526.0, "id": 38670}, {"x": 20959.0, "y": 763.0, "id": 38671}, {"x": 21176.0, "y": 612.0, "id": 38677}, {"x": 20910.0, "y": 590.0, "id": 38680}, {"x": 21237.0, "y": 863.0, "id": 38681}, {"x": 21289.0, "y": 947.0, "id": 38682}, {"x": 21029.0, "y": 831.0, "id": 38683}, {"x": 21053.0, "y": 734.0, "id": 38694}, {"x": 20886.0, "y": 696.0, "id": 38696}, {"x": 21098.0, "y": 890.0, "id": 38698}, {"x": 21336.0, "y": 868.0, "id": 38699}, {"x": 20992.0, "y": 535.0, "id": 38703}, {"x": 20859.0, "y": 942.0, "id": 38704}, {"x": 21138.0, "y": 804.0, "id": 38712}, {"x": 20915.0, "y": 490.0, "id": 38714}, {"x": 21188.0, "y": 709.0, "id": 38650}, {"x": 21086.0, "y": 562.0, "id": 38651}, {"x": 20926.0, "y": 873.0, "id": 38654}], "links": [{"weight": 2, "source": 38656, "target": 38651}, {"weight": 18, "source": 38656, "target": 38703}, {"weight": 1, "source": 38656, "target": 38694}, {"weight": 4, "source": 38656, "target": 38680}, {"weight": 2, "source": 38669, "target": 38654}, {"weight": 1, "source": 38669, "target": 38696}, {"weight": 1, "source": 38670, "target": 38680}, {"weight": 12, "source": 38671, "target": 38694}, {"weight": 4, "source": 38671, "target": 38683}, {"weight": 1, "source": 38671, "target": 38696}, {"weight": 1, "source": 38677, "target": 38650}, {"weight": 1, "source": 38677, "target": 38651}, {"weight": 16, "source": 38680, "target": 38696}, {"weight": 1, "source": 38680, "target": 38714}, {"weight": 7, "source": 38680, "target": 38703}, {"weight": 1, "source": 38681, "target": 38712}, {"weight": 1, "source": 38681, "target": 38699}, {"weight": 9, "source": 38681, "target": 38682}, {"weight": 30, "source": 38682, "target": 38699}, {"weight": 1, "source": 38683, "target": 38654}, {"weight": 1, "source": 38683, "target": 38698}, {"weight": 8, "source": 38683, "target": 38694}, {"weight": 2, "source": 38683, "target": 38712}, {"weight": 2, "source": 38694, "target": 38712}, {"weight": 14, "source": 38698, "target": 38712}, {"weight": 25, "source": 38703, "target": 38651}, {"weight": 1, "source": 38703, "target": 38714}, {"weight": 7, "source": 38704, "target": 38654}, {"weight": 1, "source": 38712, "target": 38650}], "similarity": "0.7225864291148731"}