{"directed": false, "multigraph": false, "graph": {}, "nodes": [{"x": 21635.0, "y": 23826.0, "id": 28352}, {"x": 21498.0, "y": 23911.0, "id": 28353}, {"x": 21706.0, "y": 23888.0, "id": 28340}, {"x": 21425.0, "y": 23840.0, "id": 28342}, {"x": 21608.0, "y": 23920.0, "id": 28344}, {"x": 21412.0, "y": 23964.0, "id": 28347}, {"x": 21751.0, "y": 24072.0, "id": 28348}, {"x": 21816.0, "y": 24143.0, "id": 28349}, {"x": 21691.0, "y": 23986.0, "id": 28350}, {"x": 21789.0, "y": 23830.0, "id": 28351}], "links": [{"weight": 1, "source": 28352, "target": 28340}, {"weight": 1, "source": 28352, "target": 28344}, {"weight": 2, "source": 28353, "target": 28342}, {"weight": 5, "source": 28353, "target": 28344}, {"weight": 1, "source": 28353, "target": 28347}, {"weight": 12, "source": 28340, "target": 28351}, {"weight": 1, "source": 28340, "target": 28344}, {"weight": 1, "source": 28340, "target": 28350}, {"weight": 7, "source": 28344, "target": 28350}, {"weight": 1, "source": 28348, "target": 28349}, {"weight": 1, "source": 28348, "target": 28350}], "similarity": "0.7211102550927979"}