{"directed": false, "multigraph": false, "graph": {}, "nodes": [{"x": 20670.0, "y": 18231.0, "id": 34467}, {"x": 20567.0, "y": 18250.0, "id": 34471}, {"x": 20770.0, "y": 18218.0, "id": 34441}, {"x": 20516.0, "y": 18069.0, "id": 34474}, {"x": 20834.0, "y": 18368.0, "id": 34430}, {"x": 20418.0, "y": 18369.0, "id": 34452}, {"x": 20422.0, "y": 17900.0, "id": 34455}, {"x": 20749.0, "y": 18308.0, "id": 34488}, {"x": 20923.0, "y": 18393.0, "id": 34457}, {"x": 20489.0, "y": 18316.0, "id": 34490}, {"x": 20592.0, "y": 18150.0, "id": 34460}, {"x": 20631.0, "y": 18056.0, "id": 34493}, {"x": 20453.0, "y": 17988.0, "id": 34462}], "links": [{"weight": 44, "source": 34467, "target": 34441}, {"weight": 8, "source": 34467, "target": 34460}, {"weight": 5, "source": 34467, "target": 34471}, {"weight": 6, "source": 34467, "target": 34488}, {"weight": 7, "source": 34471, "target": 34460}, {"weight": 1, "source": 34471, "target": 34490}, {"weight": 4, "source": 34441, "target": 34488}, {"weight": 3, "source": 34474, "target": 34460}, {"weight": 25, "source": 34474, "target": 34462}, {"weight": 1, "source": 34430, "target": 34457}, {"weight": 1, "source": 34430, "target": 34488}, {"weight": 1, "source": 34452, "target": 34490}, {"weight": 2, "source": 34455, "target": 34462}, {"weight": 5, "source": 34460, "target": 34493}], "similarity": "0.7233165373381236"}