{"directed": false, "multigraph": false, "graph": {}, "nodes": [{"x": 661.0, "y": 25861.0, "id": 11296}, {"x": 120.0, "y": 25787.0, "id": 11266}, {"x": 277.0, "y": 25883.0, "id": 11290}, {"x": 563.0, "y": 25819.0, "id": 11301}, {"x": 513.0, "y": 25718.0, "id": 11302}, {"x": 230.0, "y": 25798.0, "id": 11305}, {"x": 15.0, "y": 25781.0, "id": 11274}, {"x": 463.0, "y": 25791.0, "id": 11276}, {"x": 570.0, "y": 25744.0, "id": 11315}, {"x": 345.0, "y": 25806.0, "id": 11322}], "links": [{"weight": 1, "source": 11296, "target": 11301}, {"weight": 1, "source": 11266, "target": 11305}, {"weight": 1, "source": 11266, "target": 11274}, {"weight": 3, "source": 11290, "target": 11305}, {"weight": 3, "source": 11290, "target": 11322}, {"weight": 3, "source": 11301, "target": 11276}, {"weight": 5, "source": 11301, "target": 11302}, {"weight": 4, "source": 11301, "target": 11315}, {"weight": 1, "source": 11302, "target": 11276}, {"weight": 11, "source": 11302, "target": 11315}, {"weight": 3, "source": 11305, "target": 11322}, {"weight": 4, "source": 11276, "target": 11315}, {"weight": 1, "source": 11276, "target": 11322}], "similarity": "0.818182789432213"}