{"directed": false, "multigraph": false, "graph": {}, "nodes": [{"x": 22003.0, "y": 25107.0, "id": 3076}, {"x": 22221.0, "y": 25128.0, "id": 3045}, {"x": 22332.0, "y": 25152.0, "id": 3046}, {"x": 22396.0, "y": 25072.0, "id": 3079}, {"x": 22438.0, "y": 25157.0, "id": 3047}, {"x": 22331.0, "y": 25255.0, "id": 3049}, {"x": 22111.0, "y": 25120.0, "id": 3056}, {"x": 22496.0, "y": 25077.0, "id": 3058}, {"x": 22298.0, "y": 25065.0, "id": 3059}, {"x": 22592.0, "y": 25071.0, "id": 3030}, {"x": 21913.0, "y": 25062.0, "id": 3031}, {"x": 21918.0, "y": 25154.0, "id": 3065}], "links": [{"weight": 3, "source": 3076, "target": 3031}, {"weight": 1, "source": 3076, "target": 3056}, {"weight": 8, "source": 3076, "target": 3065}, {"weight": 1, "source": 3045, "target": 3056}, {"weight": 1, "source": 3045, "target": 3046}, {"weight": 1, "source": 3045, "target": 3059}, {"weight": 4, "source": 3046, "target": 3047}, {"weight": 1, "source": 3046, "target": 3049}, {"weight": 1, "source": 3046, "target": 3059}, {"weight": 1, "source": 3046, "target": 3079}, {"weight": 1, "source": 3079, "target": 3058}, {"weight": 2, "source": 3079, "target": 3059}, {"weight": 1, "source": 3047, "target": 3058}, {"weight": 1, "source": 3058, "target": 3030}, {"weight": 1, "source": 3031, "target": 3065}], "similarity": "0.7797053588696977"}