{"directed": false, "multigraph": false, "graph": {}, "nodes": [{"x": 6172.0, "y": 24373.0, "id": 1667}, {"x": 6088.0, "y": 24433.0, "id": 1668}, {"x": 6217.0, "y": 24283.0, "id": 1640}, {"x": 6137.0, "y": 24350.0, "id": 1647}, {"x": 5990.0, "y": 24187.0, "id": 1663}, {"x": 6266.0, "y": 24194.0, "id": 1650}, {"x": 6254.0, "y": 24373.0, "id": 1654}, {"x": 6168.0, "y": 24457.0, "id": 1655}, {"x": 6062.0, "y": 24264.0, "id": 1659}, {"x": 6033.0, "y": 24379.0, "id": 1660}, {"x": 6001.0, "y": 24470.0, "id": 1629}, {"x": 6346.0, "y": 24427.0, "id": 1662}, {"x": 6314.0, "y": 24295.0, "id": 1628}], "links": [{"weight": 12, "source": 1667, "target": 1640}, {"weight": 2, "source": 1667, "target": 1655}, {"weight": 1, "source": 1667, "target": 1668}, {"weight": 4, "source": 1668, "target": 1629}, {"weight": 26, "source": 1668, "target": 1647}, {"weight": 17, "source": 1668, "target": 1655}, {"weight": 68, "source": 1640, "target": 1628}, {"weight": 3, "source": 1640, "target": 1647}, {"weight": 1, "source": 1640, "target": 1650}, {"weight": 126, "source": 1647, "target": 1659}, {"weight": 2, "source": 1647, "target": 1655}, {"weight": 3, "source": 1647, "target": 1660}, {"weight": 4, "source": 1647, "target": 1654}, {"weight": 12, "source": 1663, "target": 1659}, {"weight": 26, "source": 1654, "target": 1628}, {"weight": 7, "source": 1654, "target": 1662}, {"weight": 20, "source": 1660, "target": 1629}], "similarity": "0.7297563831157798"}