{"directed": false, "multigraph": false, "graph": {}, "nodes": [{"x": 1718.0, "y": 24857.0, "id": 6337}, {"x": 1313.0, "y": 24855.0, "id": 6401}, {"x": 1592.0, "y": 24998.0, "id": 6376}, {"x": 1334.0, "y": 24996.0, "id": 6350}, {"x": 1237.0, "y": 25027.0, "id": 6351}, {"x": 1620.0, "y": 24844.0, "id": 6355}, {"x": 1532.0, "y": 24912.0, "id": 6356}, {"x": 1399.0, "y": 24905.0, "id": 6359}, {"x": 1451.0, "y": 24815.0, "id": 6361}, {"x": 1372.0, "y": 24798.0, "id": 6394}, {"x": 1302.0, "y": 24952.0, "id": 6391}, {"x": 1291.0, "y": 24875.0, "id": 6365}, {"x": 1643.0, "y": 24921.0, "id": 6334}, {"x": 1428.0, "y": 25006.0, "id": 6367}], "links": [{"weight": 2, "source": 6337, "target": 6334}, {"weight": 3, "source": 6337, "target": 6355}, {"weight": 11, "source": 6401, "target": 6359}, {"weight": 9, "source": 6401, "target": 6391}, {"weight": 3, "source": 6401, "target": 6394}, {"weight": 23, "source": 6376, "target": 6356}, {"weight": 21, "source": 6350, "target": 6351}, {"weight": 1, "source": 6350, "target": 6359}, {"weight": 1, "source": 6351, "target": 6391}, {"weight": 2, "source": 6355, "target": 6334}, {"weight": 1, "source": 6355, "target": 6356}, {"weight": 3, "source": 6356, "target": 6334}, {"weight": 2, "source": 6356, "target": 6359}, {"weight": 2, "source": 6359, "target": 6361}, {"weight": 20, "source": 6359, "target": 6391}, {"weight": 1, "source": 6359, "target": 6394}, {"weight": 1, "source": 6359, "target": 6367}, {"weight": 15, "source": 6359, "target": 6365}, {"weight": 10, "source": 6361, "target": 6394}, {"weight": 3, "source": 6391, "target": 6365}], "similarity": "0.7233211411216135"}