{"directed": false, "multigraph": false, "graph": {}, "nodes": [{"x": 25028.0, "y": 24969.0, "id": 37286}, {"x": 25325.0, "y": 24932.0, "id": 37290}, {"x": 25115.0, "y": 24868.0, "id": 37260}, {"x": 24929.0, "y": 25006.0, "id": 37261}, {"x": 25183.0, "y": 24826.0, "id": 37262}, {"x": 25215.0, "y": 24918.0, "id": 37267}, {"x": 25134.0, "y": 24921.0, "id": 37299}, {"x": 25324.0, "y": 24819.0, "id": 37268}, {"x": 25268.0, "y": 24997.0, "id": 37302}, {"x": 25246.0, "y": 24894.0, "id": 37277}], "links": [{"weight": 1, "source": 37286, "target": 37261}, {"weight": 5, "source": 37286, "target": 37299}, {"weight": 3, "source": 37290, "target": 37267}, {"weight": 47, "source": 37290, "target": 37277}, {"weight": 1, "source": 37290, "target": 37302}, {"weight": 1, "source": 37260, "target": 37262}, {"weight": 2, "source": 37260, "target": 37267}, {"weight": 1, "source": 37262, "target": 37267}, {"weight": 1, "source": 37262, "target": 37299}, {"weight": 1, "source": 37262, "target": 37277}, {"weight": 32, "source": 37267, "target": 37302}, {"weight": 1, "source": 37299, "target": 37277}, {"weight": 1, "source": 37268, "target": 37277}, {"weight": 1, "source": 37302, "target": 37277}], "similarity": "0.7821538888750429"}