{"directed": false, "multigraph": false, "graph": {}, "nodes": [{"x": 23526.0, "y": 23570.0, "id": 1762}, {"x": 23426.0, "y": 23755.0, "id": 1795}, {"x": 23328.0, "y": 23720.0, "id": 1796}, {"x": 23232.0, "y": 23752.0, "id": 1763}, {"x": 23468.0, "y": 23658.0, "id": 1773}, {"x": 23358.0, "y": 23612.0, "id": 1778}, {"x": 23564.0, "y": 23704.0, "id": 1780}, {"x": 23438.0, "y": 23532.0, "id": 1783}, {"x": 23399.0, "y": 23684.0, "id": 1784}, {"x": 23283.0, "y": 23526.0, "id": 1787}, {"x": 23259.0, "y": 23657.0, "id": 1788}, {"x": 23524.0, "y": 23475.0, "id": 1790}, {"x": 23214.0, "y": 23450.0, "id": 1791}], "links": [{"weight": 18, "source": 1762, "target": 1783}, {"weight": 43, "source": 1762, "target": 1773}, {"weight": 1, "source": 1762, "target": 1790}, {"weight": 10, "source": 1795, "target": 1773}, {"weight": 2, "source": 1795, "target": 1784}, {"weight": 1, "source": 1795, "target": 1796}, {"weight": 5, "source": 1796, "target": 1763}, {"weight": 28, "source": 1796, "target": 1778}, {"weight": 21, "source": 1796, "target": 1784}, {"weight": 13, "source": 1763, "target": 1788}, {"weight": 1, "source": 1773, "target": 1780}, {"weight": 4, "source": 1773, "target": 1778}, {"weight": 111, "source": 1778, "target": 1787}, {"weight": 2, "source": 1778, "target": 1784}, {"weight": 3, "source": 1778, "target": 1788}, {"weight": 4, "source": 1778, "target": 1783}, {"weight": 1, "source": 1783, "target": 1790}, {"weight": 21, "source": 1787, "target": 1791}], "similarity": "0.7638558656420618"}