{"directed": false, "multigraph": false, "graph": {}, "nodes": [{"x": 23498.0, "y": 3614.0, "id": 1731}, {"x": 23389.0, "y": 3568.0, "id": 1736}, {"x": 23594.0, "y": 3661.0, "id": 1738}, {"x": 23469.0, "y": 3489.0, "id": 1741}, {"x": 23430.0, "y": 3641.0, "id": 1742}, {"x": 23557.0, "y": 3527.0, "id": 1720}, {"x": 23313.0, "y": 3483.0, "id": 1745}, {"x": 23290.0, "y": 3613.0, "id": 1746}, {"x": 23555.0, "y": 3432.0, "id": 1748}, {"x": 23244.0, "y": 3407.0, "id": 1749}, {"x": 23358.0, "y": 3676.0, "id": 1753}, {"x": 23457.0, "y": 3712.0, "id": 1752}, {"x": 23262.0, "y": 3708.0, "id": 1721}], "links": [{"weight": 49, "source": 1731, "target": 1720}, {"weight": 11, "source": 1731, "target": 1752}, {"weight": 1, "source": 1731, "target": 1738}, {"weight": 3, "source": 1731, "target": 1736}, {"weight": 31, "source": 1736, "target": 1753}, {"weight": 114, "source": 1736, "target": 1745}, {"weight": 2, "source": 1736, "target": 1742}, {"weight": 3, "source": 1736, "target": 1746}, {"weight": 4, "source": 1736, "target": 1741}, {"weight": 23, "source": 1741, "target": 1720}, {"weight": 1, "source": 1741, "target": 1748}, {"weight": 21, "source": 1742, "target": 1753}, {"weight": 2, "source": 1742, "target": 1752}, {"weight": 1, "source": 1720, "target": 1748}, {"weight": 18, "source": 1745, "target": 1749}, {"weight": 15, "source": 1746, "target": 1721}, {"weight": 5, "source": 1753, "target": 1721}, {"weight": 1, "source": 1753, "target": 1752}], "similarity": "0.7638558656420618"}