{"directed": false, "multigraph": false, "graph": {}, "nodes": [{"x": 16502.0, "y": 24847.0, "id": 23817}, {"x": 16317.0, "y": 24867.0, "id": 23818}, {"x": 16315.0, "y": 24962.0, "id": 23819}, {"x": 16234.0, "y": 24805.0, "id": 23820}, {"x": 16815.0, "y": 24838.0, "id": 23821}, {"x": 16415.0, "y": 24915.0, "id": 23822}, {"x": 16719.0, "y": 24855.0, "id": 23823}, {"x": 16525.0, "y": 24908.0, "id": 23824}, {"x": 16613.0, "y": 24865.0, "id": 23825}, {"x": 16425.0, "y": 25020.0, "id": 23826}, {"x": 16553.0, "y": 24805.0, "id": 23827}, {"x": 16228.0, "y": 25019.0, "id": 23828}], "links": [{"weight": 5, "source": 23817, "target": 23822}, {"weight": 3, "source": 23817, "target": 23825}, {"weight": 4, "source": 23817, "target": 23824}, {"weight": 1, "source": 23818, "target": 23820}, {"weight": 2, "source": 23818, "target": 23819}, {"weight": 1, "source": 23818, "target": 23822}, {"weight": 1, "source": 23819, "target": 23822}, {"weight": 8, "source": 23819, "target": 23828}, {"weight": 2, "source": 23821, "target": 23823}, {"weight": 8, "source": 23822, "target": 23826}, {"weight": 1, "source": 23822, "target": 23824}, {"weight": 1, "source": 23823, "target": 23825}, {"weight": 6, "source": 23824, "target": 23827}, {"weight": 9, "source": 23824, "target": 23825}, {"weight": 8, "source": 23825, "target": 23827}], "similarity": "0.7194014606174091"}