{"directed": false, "multigraph": false, "graph": {}, "nodes": [{"x": 22126.0, "y": 10585.0, "id": 7168}, {"x": 22099.0, "y": 10512.0, "id": 7169}, {"x": 22362.0, "y": 10667.0, "id": 7171}, {"x": 21905.0, "y": 10347.0, "id": 7172}, {"x": 22275.0, "y": 10671.0, "id": 7175}, {"x": 22567.0, "y": 10356.0, "id": 7176}, {"x": 22223.0, "y": 10403.0, "id": 7177}, {"x": 22407.0, "y": 10550.0, "id": 7179}, {"x": 22147.0, "y": 10422.0, "id": 7183}, {"x": 22315.0, "y": 10566.0, "id": 7184}, {"x": 22487.0, "y": 10411.0, "id": 7143}, {"x": 21986.0, "y": 10393.0, "id": 7146}, {"x": 22249.0, "y": 10771.0, "id": 7147}, {"x": 22194.0, "y": 10504.0, "id": 7150}, {"x": 22424.0, "y": 10749.0, "id": 7151}, {"x": 22397.0, "y": 10476.0, "id": 7155}, {"x": 22081.0, "y": 10444.0, "id": 7156}, {"x": 22416.0, "y": 10623.0, "id": 7157}, {"x": 22495.0, "y": 10693.0, "id": 7166}], "links": [{"weight": 1, "source": 7168, "target": 7150}, {"weight": 3, "source": 7169, "target": 7150}, {"weight": 8, "source": 7169, "target": 7156}, {"weight": 19, "source": 7169, "target": 7183}, {"weight": 3, "source": 7171, "target": 7151}, {"weight": 2, "source": 7171, "target": 7184}, {"weight": 1, "source": 7171, "target": 7175}, {"weight": 1, "source": 7172, "target": 7146}, {"weight": 72, "source": 7175, "target": 7147}, {"weight": 1, "source": 7175, "target": 7184}, {"weight": 2, "source": 7176, "target": 7143}, {"weight": 3, "source": 7177, "target": 7150}, {"weight": 1, "source": 7179, "target": 7155}, {"weight": 2, "source": 7179, "target": 7184}, {"weight": 5, "source": 7183, "target": 7150}, {"weight": 13, "source": 7183, "target": 7156}, {"weight": 1, "source": 7184, "target": 7150}, {"weight": 3, "source": 7184, "target": 7155}, {"weight": 1, "source": 7184, "target": 7157}, {"weight": 1, "source": 7143, "target": 7155}, {"weight": 12, "source": 7146, "target": 7156}, {"weight": 32, "source": 7150, "target": 7156}, {"weight": 1, "source": 7151, "target": 7166}, {"weight": 2, "source": 7157, "target": 7166}], "similarity": "0.7573249725569304"}