{"directed": false, "multigraph": false, "graph": {}, "nodes": [{"x": 22131.0, "y": 20572.0, "id": 35354}, {"x": 21643.0, "y": 20678.0, "id": 35358}, {"x": 21388.0, "y": 20921.0, "id": 35360}, {"x": 21946.0, "y": 20786.0, "id": 35361}, {"x": 21863.0, "y": 20709.0, "id": 35363}, {"x": 21644.0, "y": 20557.0, "id": 35366}, {"x": 21617.0, "y": 20732.0, "id": 35377}, {"x": 21738.0, "y": 20710.0, "id": 35382}, {"x": 21430.0, "y": 20832.0, "id": 35387}, {"x": 22040.0, "y": 20797.0, "id": 35390}, {"x": 22006.0, "y": 20869.0, "id": 35393}, {"x": 21475.0, "y": 20901.0, "id": 35394}, {"x": 21482.0, "y": 20590.0, "id": 35395}, {"x": 21720.0, "y": 20610.0, "id": 35397}, {"x": 21953.0, "y": 20639.0, "id": 35400}, {"x": 22077.0, "y": 20493.0, "id": 35405}, {"x": 21530.0, "y": 20814.0, "id": 35407}, {"x": 22077.0, "y": 20927.0, "id": 35415}, {"x": 21572.0, "y": 20625.0, "id": 35426}, {"x": 21518.0, "y": 20541.0, "id": 35427}, {"x": 21544.0, "y": 20684.0, "id": 35429}, {"x": 21747.0, "y": 20805.0, "id": 35430}, {"x": 22038.0, "y": 20577.0, "id": 35431}], "links": [{"weight": 2, "source": 35354, "target": 35431}, {"weight": 1, "source": 35358, "target": 35429}, {"weight": 1, "source": 35358, "target": 35426}, {"weight": 3, "source": 35358, "target": 35382}, {"weight": 18, "source": 35360, "target": 35394}, {"weight": 2, "source": 35360, "target": 35387}, {"weight": 1, "source": 35361, "target": 35390}, {"weight": 3, "source": 35361, "target": 35393}, {"weight": 4, "source": 35361, "target": 35363}, {"weight": 1, "source": 35363, "target": 35400}, {"weight": 1, "source": 35363, "target": 35382}, {"weight": 1, "source": 35366, "target": 35426}, {"weight": 1, "source": 35366, "target": 35397}, {"weight": 1, "source": 35377, "target": 35407}, {"weight": 1, "source": 35377, "target": 35426}, {"weight": 3, "source": 35377, "target": 35382}, {"weight": 1, "source": 35382, "target": 35430}, {"weight": 1, "source": 35382, "target": 35397}, {"weight": 2, "source": 35387, "target": 35407}, {"weight": 7, "source": 35387, "target": 35394}, {"weight": 1, "source": 35393, "target": 35415}, {"weight": 1, "source": 35394, "target": 35407}, {"weight": 1, "source": 35395, "target": 35426}, {"weight": 1, "source": 35400, "target": 35431}, {"weight": 2, "source": 35405, "target": 35431}, {"weight": 1, "source": 35426, "target": 35427}], "similarity": "0.7982824700322464"}