{"directed": false, "multigraph": false, "graph": {}, "nodes": [{"x": 12193.0, "y": 24959.0, "id": 29568}, {"x": 12088.0, "y": 24994.0, "id": 29569}, {"x": 12135.0, "y": 25021.0, "id": 29570}, {"x": 12286.0, "y": 24980.0, "id": 29547}, {"x": 11900.0, "y": 24814.0, "id": 29548}, {"x": 12303.0, "y": 24934.0, "id": 29550}, {"x": 11997.0, "y": 24856.0, "id": 29551}, {"x": 12216.0, "y": 24898.0, "id": 29556}, {"x": 12100.0, "y": 24910.0, "id": 29558}, {"x": 12086.0, "y": 24804.0, "id": 29561}, {"x": 12301.0, "y": 24838.0, "id": 29564}, {"x": 12385.0, "y": 24994.0, "id": 29565}, {"x": 12001.0, "y": 24950.0, "id": 29566}], "links": [{"weight": 1, "source": 29568, "target": 29547}, {"weight": 6, "source": 29568, "target": 29550}, {"weight": 1, "source": 29568, "target": 29558}, {"weight": 20, "source": 29568, "target": 29569}, {"weight": 14, "source": 29568, "target": 29570}, {"weight": 1, "source": 29569, "target": 29558}, {"weight": 88, "source": 29569, "target": 29570}, {"weight": 1, "source": 29570, "target": 29558}, {"weight": 5, "source": 29547, "target": 29556}, {"weight": 5, "source": 29547, "target": 29565}, {"weight": 2, "source": 29548, "target": 29551}, {"weight": 2, "source": 29550, "target": 29564}, {"weight": 1, "source": 29550, "target": 29565}, {"weight": 1, "source": 29551, "target": 29558}, {"weight": 3, "source": 29556, "target": 29558}, {"weight": 13, "source": 29556, "target": 29564}, {"weight": 3, "source": 29558, "target": 29561}, {"weight": 1, "source": 29558, "target": 29566}], "similarity": "0.7454993164109749"}