{"directed": false, "multigraph": false, "graph": {}, "nodes": [{"x": 21537.0, "y": 18167.0, "id": 38437}, {"x": 21609.0, "y": 18093.0, "id": 38445}, {"x": 21457.0, "y": 17930.0, "id": 38453}, {"x": 21538.0, "y": 18319.0, "id": 38457}, {"x": 21630.0, "y": 18362.0, "id": 38458}, {"x": 21834.0, "y": 18112.0, "id": 38460}, {"x": 21974.0, "y": 17941.0, "id": 38472}, {"x": 21758.0, "y": 18275.0, "id": 38473}, {"x": 21711.0, "y": 18071.0, "id": 38477}, {"x": 21596.0, "y": 18254.0, "id": 38478}, {"x": 21827.0, "y": 18214.0, "id": 38480}, {"x": 22001.0, "y": 18343.0, "id": 38482}, {"x": 21620.0, "y": 18138.0, "id": 38484}, {"x": 21530.0, "y": 18003.0, "id": 38487}, {"x": 22037.0, "y": 18024.0, "id": 38488}, {"x": 21646.0, "y": 18281.0, "id": 38489}, {"x": 21708.0, "y": 18179.0, "id": 38494}, {"x": 21484.0, "y": 18281.0, "id": 38496}, {"x": 21922.0, "y": 18280.0, "id": 38497}, {"x": 22032.0, "y": 17964.0, "id": 38499}, {"x": 21939.0, "y": 18033.0, "id": 38501}, {"x": 21591.0, "y": 18362.0, "id": 38503}, {"x": 21779.0, "y": 18138.0, "id": 38505}], "links": [{"weight": 1, "source": 38437, "target": 38478}, {"weight": 1, "source": 38437, "target": 38484}, {"weight": 30, "source": 38437, "target": 38445}, {"weight": 1, "source": 38445, "target": 38494}, {"weight": 1, "source": 38445, "target": 38487}, {"weight": 1, "source": 38453, "target": 38487}, {"weight": 3, "source": 38457, "target": 38489}, {"weight": 3, "source": 38457, "target": 38478}, {"weight": 1, "source": 38457, "target": 38503}, {"weight": 1, "source": 38458, "target": 38478}, {"weight": 2, "source": 38458, "target": 38489}, {"weight": 5, "source": 38460, "target": 38494}, {"weight": 5, "source": 38460, "target": 38480}, {"weight": 3, "source": 38460, "target": 38505}, {"weight": 3, "source": 38460, "target": 38501}, {"weight": 3, "source": 38472, "target": 38488}, {"weight": 17, "source": 38472, "target": 38499}, {"weight": 1, "source": 38472, "target": 38501}, {"weight": 1, "source": 38473, "target": 38494}, {"weight": 1, "source": 38477, "target": 38494}, {"weight": 9, "source": 38478, "target": 38494}, {"weight": 8, "source": 38478, "target": 38489}, {"weight": 1, "source": 38478, "target": 38503}, {"weight": 1, "source": 38478, "target": 38496}, {"weight": 23, "source": 38480, "target": 38494}, {"weight": 5, "source": 38480, "target": 38505}, {"weight": 3, "source": 38480, "target": 38497}, {"weight": 2, "source": 38482, "target": 38497}, {"weight": 1, "source": 38484, "target": 38494}, {"weight": 45, "source": 38488, "target": 38499}, {"weight": 4, "source": 38488, "target": 38501}, {"weight": 9, "source": 38489, "target": 38494}, {"weight": 1, "source": 38489, "target": 38503}, {"weight": 6, "source": 38494, "target": 38505}, {"weight": 4, "source": 38499, "target": 38501}], "similarity": "0.8394378300060965"}