{"directed": false, "multigraph": false, "graph": {}, "nodes": [{"x": 16041.0, "y": 21828.0, "id": 23043}, {"x": 15761.0, "y": 22014.0, "id": 23047}, {"x": 16083.0, "y": 21697.0, "id": 23048}, {"x": 15985.0, "y": 21587.0, "id": 23052}, {"x": 15826.0, "y": 22030.0, "id": 23057}, {"x": 15845.0, "y": 21820.0, "id": 23063}, {"x": 15494.0, "y": 21604.0, "id": 23065}, {"x": 15676.0, "y": 21679.0, "id": 23068}, {"x": 15879.0, "y": 21720.0, "id": 23069}, {"x": 15891.0, "y": 21912.0, "id": 23073}, {"x": 15985.0, "y": 21685.0, "id": 23075}, {"x": 15951.0, "y": 21785.0, "id": 23076}, {"x": 16141.0, "y": 21562.0, "id": 23077}, {"x": 15811.0, "y": 21931.0, "id": 23079}, {"x": 15420.0, "y": 21566.0, "id": 23081}, {"x": 15746.0, "y": 21814.0, "id": 23082}, {"x": 15776.0, "y": 21730.0, "id": 23083}, {"x": 15582.0, "y": 21637.0, "id": 23085}, {"x": 16068.0, "y": 21618.0, "id": 23086}], "links": [{"weight": 2, "source": 23043, "target": 23076}, {"weight": 1, "source": 23047, "target": 23079}, {"weight": 1, "source": 23048, "target": 23075}, {"weight": 2, "source": 23052, "target": 23075}, {"weight": 1, "source": 23052, "target": 23086}, {"weight": 1, "source": 23057, "target": 23079}, {"weight": 2, "source": 23063, "target": 23079}, {"weight": 2, "source": 23063, "target": 23069}, {"weight": 13, "source": 23063, "target": 23083}, {"weight": 2, "source": 23063, "target": 23076}, {"weight": 17, "source": 23063, "target": 23082}, {"weight": 32, "source": 23063, "target": 23073}, {"weight": 3, "source": 23065, "target": 23085}, {"weight": 5, "source": 23065, "target": 23081}, {"weight": 1, "source": 23068, "target": 23083}, {"weight": 1, "source": 23068, "target": 23085}, {"weight": 9, "source": 23069, "target": 23083}, {"weight": 3, "source": 23069, "target": 23075}, {"weight": 1, "source": 23075, "target": 23086}, {"weight": 2, "source": 23075, "target": 23076}, {"weight": 1, "source": 23077, "target": 23086}, {"weight": 1, "source": 23082, "target": 23083}], "similarity": "0.71673543055953"}