{"directed": false, "multigraph": false, "graph": {}, "nodes": [{"x": 3052.0, "y": 25686.0, "id": 8385}, {"x": 3415.0, "y": 25566.0, "id": 8418}, {"x": 3394.0, "y": 25653.0, "id": 8359}, {"x": 3316.0, "y": 25589.0, "id": 8392}, {"x": 3267.0, "y": 25507.0, "id": 8368}, {"x": 2997.0, "y": 25558.0, "id": 8400}, {"x": 3097.0, "y": 25596.0, "id": 8371}, {"x": 2901.0, "y": 25530.0, "id": 8379}, {"x": 3207.0, "y": 25584.0, "id": 8413}], "links": [{"weight": 37, "source": 8385, "target": 8371}, {"weight": 39, "source": 8418, "target": 8359}, {"weight": 17, "source": 8418, "target": 8392}, {"weight": 3, "source": 8359, "target": 8392}, {"weight": 19, "source": 8392, "target": 8368}, {"weight": 1, "source": 8392, "target": 8413}, {"weight": 8, "source": 8368, "target": 8413}, {"weight": 2, "source": 8400, "target": 8371}, {"weight": 29, "source": 8400, "target": 8379}, {"weight": 1, "source": 8371, "target": 8413}], "similarity": "0.7016464154456233"}