{"directed": false, "multigraph": false, "graph": {}, "nodes": [{"x": 2671.0, "y": 25290.0, "id": 37346}, {"x": 2576.0, "y": 25342.0, "id": 37348}, {"x": 2644.0, "y": 25380.0, "id": 37352}, {"x": 2512.0, "y": 25427.0, "id": 37384}, {"x": 2374.0, "y": 25300.0, "id": 37353}, {"x": 2552.0, "y": 25395.0, "id": 37387}, {"x": 2475.0, "y": 25332.0, "id": 37362}, {"x": 2603.0, "y": 25475.0, "id": 37371}, {"x": 2572.0, "y": 25300.0, "id": 37375}], "links": [{"weight": 1, "source": 37346, "target": 37348}, {"weight": 2, "source": 37346, "target": 37352}, {"weight": 1, "source": 37348, "target": 37384}, {"weight": 1, "source": 37348, "target": 37362}, {"weight": 2, "source": 37352, "target": 37375}, {"weight": 31, "source": 37352, "target": 37387}, {"weight": 3, "source": 37352, "target": 37371}, {"weight": 1, "source": 37384, "target": 37362}, {"weight": 5, "source": 37384, "target": 37371}, {"weight": 1, "source": 37353, "target": 37362}, {"weight": 1, "source": 37387, "target": 37362}, {"weight": 3, "source": 37387, "target": 37371}, {"weight": 1, "source": 37387, "target": 37375}, {"weight": 40, "source": 37362, "target": 37375}], "similarity": "0.7287040657115997"}