{"directed": false, "multigraph": false, "graph": {}, "nodes": [{"x": 21209.0, "y": 7493.0, "id": 36993}, {"x": 21416.0, "y": 7337.0, "id": 36997}, {"x": 21271.0, "y": 7563.0, "id": 37000}, {"x": 21100.0, "y": 7371.0, "id": 37003}, {"x": 21133.0, "y": 7463.0, "id": 37006}, {"x": 21509.0, "y": 7424.0, "id": 37008}, {"x": 21464.0, "y": 7520.0, "id": 37009}, {"x": 21780.0, "y": 7601.0, "id": 37010}, {"x": 21328.0, "y": 7252.0, "id": 37012}, {"x": 21305.0, "y": 7350.0, "id": 37013}, {"x": 21437.0, "y": 7228.0, "id": 37014}, {"x": 21198.0, "y": 7383.0, "id": 37017}, {"x": 21715.0, "y": 7534.0, "id": 37019}, {"x": 21410.0, "y": 7256.0, "id": 37020}, {"x": 21815.0, "y": 7541.0, "id": 37021}, {"x": 21374.0, "y": 7571.0, "id": 36969}, {"x": 21211.0, "y": 7272.0, "id": 36971}, {"x": 21269.0, "y": 7165.0, "id": 36972}, {"x": 21494.0, "y": 7154.0, "id": 36976}, {"x": 21616.0, "y": 7480.0, "id": 36977}, {"x": 21354.0, "y": 7150.0, "id": 36981}, {"x": 21119.0, "y": 7209.0, "id": 36983}, {"x": 21702.0, "y": 7445.0, "id": 36988}, {"x": 21045.0, "y": 7161.0, "id": 36991}], "links": [{"weight": 1, "source": 36993, "target": 37000}, {"weight": 12, "source": 36993, "target": 37017}, {"weight": 4, "source": 36993, "target": 37006}, {"weight": 7, "source": 36997, "target": 37020}, {"weight": 9, "source": 36997, "target": 37012}, {"weight": 1, "source": 36997, "target": 37013}, {"weight": 1, "source": 36997, "target": 37008}, {"weight": 10, "source": 36997, "target": 37014}, {"weight": 1, "source": 37000, "target": 36969}, {"weight": 16, "source": 37003, "target": 37017}, {"weight": 7, "source": 37006, "target": 37017}, {"weight": 2, "source": 37008, "target": 36977}, {"weight": 5, "source": 37008, "target": 37009}, {"weight": 1, "source": 37009, "target": 36969}, {"weight": 1, "source": 37010, "target": 37019}, {"weight": 1, "source": 37012, "target": 36971}, {"weight": 28, "source": 37012, "target": 36972}, {"weight": 38, "source": 37012, "target": 36981}, {"weight": 10, "source": 37012, "target": 37020}, {"weight": 2, "source": 37012, "target": 37014}, {"weight": 1, "source": 37012, "target": 37013}, {"weight": 12, "source": 37013, "target": 37017}, {"weight": 7, "source": 37014, "target": 36976}, {"weight": 3, "source": 37014, "target": 37020}, {"weight": 2, "source": 37017, "target": 36971}, {"weight": 1, "source": 37019, "target": 36977}, {"weight": 1, "source": 37019, "target": 36988}, {"weight": 6, "source": 37019, "target": 37021}, {"weight": 6, "source": 36971, "target": 36983}, {"weight": 40, "source": 36977, "target": 36988}, {"weight": 2, "source": 36983, "target": 36991}], "similarity": "0.8012946840780284"}