{"directed": false, "multigraph": false, "graph": {}, "nodes": [{"x": 4086.0, "y": 24966.0, "id": 29920}, {"x": 4104.0, "y": 24865.0, "id": 29921}, {"x": 4017.0, "y": 24800.0, "id": 29923}, {"x": 4193.0, "y": 24932.0, "id": 29895}, {"x": 4182.0, "y": 24818.0, "id": 29900}, {"x": 4260.0, "y": 24991.0, "id": 29901}, {"x": 3998.0, "y": 25025.0, "id": 29904}, {"x": 4428.0, "y": 24914.0, "id": 29910}, {"x": 4534.0, "y": 24905.0, "id": 29914}, {"x": 4220.0, "y": 24889.0, "id": 29915}, {"x": 4312.0, "y": 24920.0, "id": 29916}], "links": [{"weight": 2, "source": 29920, "target": 29895}, {"weight": 11, "source": 29920, "target": 29904}, {"weight": 12, "source": 29920, "target": 29921}, {"weight": 35, "source": 29921, "target": 29900}, {"weight": 4, "source": 29921, "target": 29915}, {"weight": 116, "source": 29921, "target": 29923}, {"weight": 2, "source": 29895, "target": 29900}, {"weight": 5, "source": 29895, "target": 29916}, {"weight": 2, "source": 29895, "target": 29901}, {"weight": 2, "source": 29895, "target": 29915}, {"weight": 1, "source": 29900, "target": 29915}, {"weight": 1, "source": 29901, "target": 29915}, {"weight": 2, "source": 29910, "target": 29916}, {"weight": 1, "source": 29910, "target": 29914}, {"weight": 4, "source": 29915, "target": 29916}], "similarity": "0.796754550514261"}