{"directed": false, "multigraph": false, "graph": {}, "nodes": [{"x": 3493.0, "y": 24228.0, "id": 6017}, {"x": 3320.0, "y": 24336.0, "id": 6018}, {"x": 3138.0, "y": 24253.0, "id": 6051}, {"x": 3208.0, "y": 24330.0, "id": 6020}, {"x": 3134.0, "y": 24404.0, "id": 6022}, {"x": 3063.0, "y": 24471.0, "id": 6054}, {"x": 3066.0, "y": 24186.0, "id": 6026}, {"x": 3421.0, "y": 24297.0, "id": 5998}, {"x": 3517.0, "y": 24317.0, "id": 6001}, {"x": 3364.0, "y": 24425.0, "id": 6036}], "links": [{"weight": 2, "source": 6017, "target": 5998}, {"weight": 3, "source": 6017, "target": 6001}, {"weight": 1, "source": 6018, "target": 5998}, {"weight": 14, "source": 6018, "target": 6036}, {"weight": 2, "source": 6018, "target": 6020}, {"weight": 3, "source": 6051, "target": 6020}, {"weight": 1, "source": 6051, "target": 6026}, {"weight": 2, "source": 6020, "target": 6022}, {"weight": 1, "source": 6022, "target": 6054}, {"weight": 1, "source": 5998, "target": 6001}], "similarity": "0.7540815958863059"}