{"directed": false, "multigraph": false, "graph": {}, "nodes": [{"x": 2684.0, "y": 25025.0, "id": 29667}, {"x": 3398.0, "y": 25000.0, "id": 29669}, {"x": 3320.0, "y": 24949.0, "id": 29670}, {"x": 2762.0, "y": 24826.0, "id": 29671}, {"x": 3114.0, "y": 24900.0, "id": 29672}, {"x": 3322.0, "y": 24849.0, "id": 29674}, {"x": 2879.0, "y": 24839.0, "id": 29675}, {"x": 2569.0, "y": 24863.0, "id": 29676}, {"x": 2755.0, "y": 24957.0, "id": 29678}, {"x": 2871.0, "y": 24946.0, "id": 29679}, {"x": 3216.0, "y": 24852.0, "id": 29680}, {"x": 2807.0, "y": 24879.0, "id": 29681}, {"x": 3216.0, "y": 24949.0, "id": 29683}, {"x": 3049.0, "y": 24953.0, "id": 29684}, {"x": 2980.0, "y": 24898.0, "id": 29685}, {"x": 2486.0, "y": 24823.0, "id": 29687}, {"x": 2672.0, "y": 24884.0, "id": 29690}, {"x": 3052.0, "y": 24846.0, "id": 29691}, {"x": 3401.0, "y": 24799.0, "id": 29694}], "links": [{"weight": 1, "source": 29667, "target": 29678}, {"weight": 1, "source": 29669, "target": 29670}, {"weight": 4, "source": 29670, "target": 29674}, {"weight": 2, "source": 29670, "target": 29683}, {"weight": 44, "source": 29671, "target": 29675}, {"weight": 4, "source": 29671, "target": 29681}, {"weight": 1, "source": 29671, "target": 29690}, {"weight": 21, "source": 29672, "target": 29683}, {"weight": 13, "source": 29672, "target": 29680}, {"weight": 1, "source": 29672, "target": 29684}, {"weight": 4, "source": 29672, "target": 29691}, {"weight": 1, "source": 29672, "target": 29685}, {"weight": 2, "source": 29674, "target": 29694}, {"weight": 1, "source": 29674, "target": 29680}, {"weight": 1, "source": 29675, "target": 29681}, {"weight": 1, "source": 29675, "target": 29685}, {"weight": 3, "source": 29676, "target": 29687}, {"weight": 1, "source": 29676, "target": 29690}, {"weight": 9, "source": 29678, "target": 29690}, {"weight": 1, "source": 29678, "target": 29679}, {"weight": 1, "source": 29679, "target": 29685}, {"weight": 15, "source": 29679, "target": 29681}, {"weight": 4, "source": 29684, "target": 29691}, {"weight": 1, "source": 29684, "target": 29685}, {"weight": 9, "source": 29685, "target": 29691}], "similarity": "0.8903274267533648"}