{"directed": false, "multigraph": false, "graph": {}, "nodes": [{"x": 3234.0, "y": 23979.0, "id": 16800}, {"x": 3178.0, "y": 24066.0, "id": 16832}, {"x": 3356.0, "y": 23818.0, "id": 16839}, {"x": 3135.0, "y": 23941.0, "id": 16799}, {"x": 3304.0, "y": 23900.0, "id": 16845}, {"x": 3278.0, "y": 24071.0, "id": 16850}, {"x": 3005.0, "y": 24151.0, "id": 16857}, {"x": 3075.0, "y": 24084.0, "id": 16826}, {"x": 3046.0, "y": 23988.0, "id": 16827}, {"x": 3351.0, "y": 24136.0, "id": 16831}], "links": [{"weight": 1, "source": 16800, "target": 16799}, {"weight": 1, "source": 16800, "target": 16832}, {"weight": 1, "source": 16800, "target": 16845}, {"weight": 1, "source": 16800, "target": 16850}, {"weight": 1, "source": 16832, "target": 16826}, {"weight": 1, "source": 16832, "target": 16850}, {"weight": 4, "source": 16839, "target": 16845}, {"weight": 1, "source": 16799, "target": 16827}, {"weight": 2, "source": 16850, "target": 16831}, {"weight": 1, "source": 16857, "target": 16826}, {"weight": 1, "source": 16826, "target": 16827}], "similarity": "0.76271276980969"}