{"directed": false, "multigraph": false, "graph": {}, "nodes": [{"x": 10327.0, "y": 26882.0, "id": 34126}, {"x": 10246.0, "y": 26884.0, "id": 34127}, {"x": 10334.0, "y": 26961.0, "id": 34128}, {"x": 10245.0, "y": 26967.0, "id": 34132}, {"x": 10539.0, "y": 26932.0, "id": 34135}, {"x": 10430.0, "y": 26919.0, "id": 34138}], "links": [{"weight": 5, "source": 34126, "target": 34128}, {"weight": 16, "source": 34126, "target": 34138}, {"weight": 2, "source": 34126, "target": 34132}, {"weight": 10, "source": 34127, "target": 34132}, {"weight": 1, "source": 34127, "target": 34128}, {"weight": 4, "source": 34128, "target": 34138}, {"weight": 4, "source": 34128, "target": 34132}, {"weight": 1, "source": 34135, "target": 34138}], "similarity": "0.7648808633001188"}