{"directed": false, "multigraph": false, "graph": {}, "nodes": [{"x": 18562.0, "y": 23342.0, "id": 29758}, {"x": 18409.0, "y": 23290.0, "id": 29759}, {"x": 19099.0, "y": 23051.0, "id": 29761}, {"x": 19008.0, "y": 23106.0, "id": 29762}, {"x": 18773.0, "y": 23124.0, "id": 29763}, {"x": 18931.0, "y": 23285.0, "id": 29764}, {"x": 18893.0, "y": 23100.0, "id": 29767}, {"x": 18805.0, "y": 23219.0, "id": 29768}, {"x": 18574.0, "y": 23074.0, "id": 29769}, {"x": 18608.0, "y": 23252.0, "id": 29771}, {"x": 18712.0, "y": 23299.0, "id": 29772}, {"x": 18499.0, "y": 23268.0, "id": 29773}, {"x": 18943.0, "y": 23186.0, "id": 29774}, {"x": 18716.0, "y": 23203.0, "id": 29775}, {"x": 19013.0, "y": 23214.0, "id": 29777}, {"x": 18931.0, "y": 23357.0, "id": 29778}, {"x": 18829.0, "y": 23316.0, "id": 29779}, {"x": 18507.0, "y": 23013.0, "id": 29781}, {"x": 18654.0, "y": 23145.0, "id": 29784}, {"x": 19178.0, "y": 23008.0, "id": 29785}, {"x": 18877.0, "y": 23381.0, "id": 29786}, {"x": 18918.0, "y": 23008.0, "id": 29789}], "links": [{"weight": 1, "source": 29758, "target": 29771}, {"weight": 1, "source": 29759, "target": 29773}, {"weight": 1, "source": 29761, "target": 29762}, {"weight": 1, "source": 29761, "target": 29785}, {"weight": 3, "source": 29762, "target": 29767}, {"weight": 2, "source": 29762, "target": 29777}, {"weight": 35, "source": 29763, "target": 29768}, {"weight": 3, "source": 29763, "target": 29775}, {"weight": 1, "source": 29763, "target": 29784}, {"weight": 4, "source": 29763, "target": 29767}, {"weight": 9, "source": 29764, "target": 29777}, {"weight": 13, "source": 29764, "target": 29774}, {"weight": 1, "source": 29764, "target": 29778}, {"weight": 4, "source": 29764, "target": 29786}, {"weight": 1, "source": 29764, "target": 29779}, {"weight": 2, "source": 29767, "target": 29789}, {"weight": 1, "source": 29767, "target": 29774}, {"weight": 1, "source": 29768, "target": 29775}, {"weight": 1, "source": 29768, "target": 29779}, {"weight": 1, "source": 29769, "target": 29784}, {"weight": 2, "source": 29769, "target": 29781}, {"weight": 9, "source": 29771, "target": 29784}, {"weight": 1, "source": 29771, "target": 29772}, {"weight": 1, "source": 29771, "target": 29773}, {"weight": 1, "source": 29772, "target": 29779}, {"weight": 15, "source": 29772, "target": 29775}, {"weight": 2, "source": 29778, "target": 29786}, {"weight": 1, "source": 29778, "target": 29779}, {"weight": 4, "source": 29779, "target": 29786}], "similarity": "0.9516371712019794"}