{"directed": false, "multigraph": false, "graph": {}, "nodes": [{"x": 21279.0, "y": 9660.0, "id": 39040}, {"x": 21475.0, "y": 9323.0, "id": 39041}, {"x": 21331.0, "y": 9570.0, "id": 39042}, {"x": 21067.0, "y": 9564.0, "id": 39044}, {"x": 21261.0, "y": 9589.0, "id": 39047}, {"x": 21237.0, "y": 9577.0, "id": 38994}, {"x": 21275.0, "y": 9482.0, "id": 38998}, {"x": 21211.0, "y": 9690.0, "id": 39011}, {"x": 21161.0, "y": 9534.0, "id": 39012}, {"x": 21355.0, "y": 9515.0, "id": 39016}, {"x": 21527.0, "y": 9777.0, "id": 39020}, {"x": 21034.0, "y": 9699.0, "id": 39021}, {"x": 21371.0, "y": 9630.0, "id": 39022}, {"x": 20974.0, "y": 9515.0, "id": 39024}, {"x": 21124.0, "y": 9636.0, "id": 39026}, {"x": 21438.0, "y": 9552.0, "id": 39028}, {"x": 21165.0, "y": 9628.0, "id": 39029}, {"x": 21436.0, "y": 9419.0, "id": 39034}, {"x": 21454.0, "y": 9709.0, "id": 39036}, {"x": 21129.0, "y": 9728.0, "id": 39037}, {"x": 21528.0, "y": 9365.0, "id": 39039}], "links": [{"weight": 2, "source": 39040, "target": 39011}, {"weight": 2, "source": 39040, "target": 39022}, {"weight": 1, "source": 39040, "target": 39029}, {"weight": 10, "source": 39040, "target": 39047}, {"weight": 1, "source": 39040, "target": 39042}, {"weight": 1, "source": 39041, "target": 39034}, {"weight": 1, "source": 39042, "target": 38994}, {"weight": 12, "source": 39042, "target": 38998}, {"weight": 36, "source": 39042, "target": 39016}, {"weight": 3, "source": 39042, "target": 39022}, {"weight": 54, "source": 39042, "target": 39028}, {"weight": 1, "source": 39044, "target": 39012}, {"weight": 1, "source": 39044, "target": 39024}, {"weight": 1, "source": 39044, "target": 39029}, {"weight": 5, "source": 39047, "target": 39012}, {"weight": 3, "source": 39047, "target": 39022}, {"weight": 1, "source": 39047, "target": 39029}, {"weight": 9, "source": 38994, "target": 38998}, {"weight": 5, "source": 38994, "target": 39016}, {"weight": 1, "source": 38994, "target": 39011}, {"weight": 1, "source": 38994, "target": 39029}, {"weight": 2, "source": 38994, "target": 39026}, {"weight": 2, "source": 38998, "target": 39016}, {"weight": 1, "source": 39011, "target": 39037}, {"weight": 6, "source": 39011, "target": 39029}, {"weight": 6, "source": 39016, "target": 39028}, {"weight": 1, "source": 39016, "target": 39034}, {"weight": 1, "source": 39016, "target": 39022}, {"weight": 1, "source": 39020, "target": 39036}, {"weight": 1, "source": 39021, "target": 39026}, {"weight": 1, "source": 39022, "target": 39036}, {"weight": 1, "source": 39026, "target": 39037}, {"weight": 1, "source": 39029, "target": 39037}, {"weight": 4, "source": 39034, "target": 39039}], "similarity": "0.7003220176332905"}