{"directed": false, "multigraph": false, "graph": {}, "nodes": [{"x": 22478.0, "y": 19674.0, "id": 7208}, {"x": 22613.0, "y": 19305.0, "id": 7210}, {"x": 22680.0, "y": 19289.0, "id": 7211}, {"x": 22508.0, "y": 19545.0, "id": 7213}, {"x": 22516.0, "y": 19455.0, "id": 7216}, {"x": 22766.0, "y": 19681.0, "id": 7185}, {"x": 22809.0, "y": 19772.0, "id": 7217}, {"x": 22785.0, "y": 19409.0, "id": 7218}, {"x": 22630.0, "y": 19598.0, "id": 7220}, {"x": 22426.0, "y": 19410.0, "id": 7189}, {"x": 22806.0, "y": 19207.0, "id": 7188}, {"x": 22418.0, "y": 19603.0, "id": 7193}, {"x": 22683.0, "y": 19386.0, "id": 7192}, {"x": 22616.0, "y": 19504.0, "id": 7225}, {"x": 22768.0, "y": 19342.0, "id": 7224}, {"x": 22706.0, "y": 19587.0, "id": 7197}, {"x": 22745.0, "y": 19283.0, "id": 7198}, {"x": 22552.0, "y": 19600.0, "id": 7199}], "links": [{"weight": 1, "source": 7208, "target": 7193}, {"weight": 2, "source": 7208, "target": 7199}, {"weight": 1, "source": 7210, "target": 7192}, {"weight": 3, "source": 7211, "target": 7192}, {"weight": 8, "source": 7211, "target": 7198}, {"weight": 19, "source": 7211, "target": 7224}, {"weight": 3, "source": 7213, "target": 7193}, {"weight": 2, "source": 7213, "target": 7225}, {"weight": 1, "source": 7213, "target": 7216}, {"weight": 70, "source": 7216, "target": 7189}, {"weight": 1, "source": 7216, "target": 7225}, {"weight": 2, "source": 7185, "target": 7217}, {"weight": 1, "source": 7185, "target": 7197}, {"weight": 3, "source": 7218, "target": 7192}, {"weight": 1, "source": 7220, "target": 7197}, {"weight": 2, "source": 7220, "target": 7225}, {"weight": 9, "source": 7188, "target": 7198}, {"weight": 1, "source": 7192, "target": 7225}, {"weight": 32, "source": 7192, "target": 7198}, {"weight": 5, "source": 7192, "target": 7224}, {"weight": 3, "source": 7225, "target": 7197}, {"weight": 1, "source": 7225, "target": 7199}, {"weight": 13, "source": 7224, "target": 7198}], "similarity": "0.7642068217210624"}