{"directed": false, "multigraph": false, "graph": {}, "nodes": [{"x": 26414.0, "y": 4887.0, "id": 12620}, {"x": 26309.0, "y": 4871.0, "id": 12593}, {"x": 26518.0, "y": 4872.0, "id": 12594}, {"x": 26345.0, "y": 4961.0, "id": 12596}, {"x": 26207.0, "y": 4855.0, "id": 12597}, {"x": 26244.0, "y": 4946.0, "id": 12602}], "links": [{"weight": 3, "source": 12620, "target": 12593}, {"weight": 8, "source": 12620, "target": 12594}, {"weight": 23, "source": 12620, "target": 12596}, {"weight": 173, "source": 12593, "target": 12602}, {"weight": 3, "source": 12593, "target": 12596}, {"weight": 3, "source": 12593, "target": 12597}, {"weight": 8, "source": 12596, "target": 12602}, {"weight": 1, "source": 12597, "target": 12602}], "similarity": "0.7648808633001188"}