{"directed": false, "multigraph": false, "graph": {}, "nodes": [{"x": 6164.0, "y": 24540.0, "id": 38273}, {"x": 6116.0, "y": 24683.0, "id": 38276}, {"x": 6217.0, "y": 24621.0, "id": 38280}, {"x": 6258.0, "y": 24520.0, "id": 38281}, {"x": 6014.0, "y": 24711.0, "id": 38248}, {"x": 6004.0, "y": 24674.0, "id": 38249}, {"x": 5979.0, "y": 24591.0, "id": 38283}, {"x": 6322.0, "y": 24686.0, "id": 38251}, {"x": 6460.0, "y": 24547.0, "id": 38284}, {"x": 6403.0, "y": 24762.0, "id": 38287}, {"x": 6076.0, "y": 24751.0, "id": 38289}, {"x": 6299.0, "y": 24605.0, "id": 38291}, {"x": 6073.0, "y": 24525.0, "id": 38228}, {"x": 6237.0, "y": 24728.0, "id": 38263}, {"x": 6086.0, "y": 24632.0, "id": 38267}, {"x": 6173.0, "y": 24512.0, "id": 38236}, {"x": 6349.0, "y": 24590.0, "id": 38269}, {"x": 6559.0, "y": 24508.0, "id": 38271}], "links": [{"weight": 1, "source": 38273, "target": 38228}, {"weight": 1, "source": 38273, "target": 38281}, {"weight": 1, "source": 38273, "target": 38280}, {"weight": 3, "source": 38276, "target": 38248}, {"weight": 2, "source": 38276, "target": 38249}, {"weight": 11, "source": 38276, "target": 38267}, {"weight": 12, "source": 38276, "target": 38280}, {"weight": 1, "source": 38276, "target": 38289}, {"weight": 1, "source": 38280, "target": 38236}, {"weight": 5, "source": 38280, "target": 38251}, {"weight": 1, "source": 38280, "target": 38263}, {"weight": 10, "source": 38280, "target": 38267}, {"weight": 23, "source": 38280, "target": 38269}, {"weight": 3, "source": 38280, "target": 38281}, {"weight": 6, "source": 38280, "target": 38291}, {"weight": 1, "source": 38281, "target": 38236}, {"weight": 3, "source": 38248, "target": 38267}, {"weight": 1, "source": 38248, "target": 38289}, {"weight": 1, "source": 38249, "target": 38267}, {"weight": 1, "source": 38283, "target": 38267}, {"weight": 5, "source": 38251, "target": 38269}, {"weight": 3, "source": 38251, "target": 38291}, {"weight": 2, "source": 38251, "target": 38287}, {"weight": 3, "source": 38284, "target": 38269}, {"weight": 1, "source": 38284, "target": 38271}, {"weight": 1, "source": 38289, "target": 38267}, {"weight": 5, "source": 38291, "target": 38269}, {"weight": 1, "source": 38228, "target": 38267}, {"weight": 24, "source": 38228, "target": 38236}], "similarity": "0.7728909901497107"}