{"directed": false, "multigraph": false, "graph": {}, "nodes": [{"x": 3506.0, "y": 21682.0, "id": 22794}, {"x": 3739.0, "y": 21863.0, "id": 22795}, {"x": 3719.0, "y": 21554.0, "id": 22798}, {"x": 4027.0, "y": 22008.0, "id": 22800}, {"x": 3602.0, "y": 21722.0, "id": 22802}, {"x": 3647.0, "y": 21898.0, "id": 22803}, {"x": 3839.0, "y": 21867.0, "id": 22808}, {"x": 3549.0, "y": 21935.0, "id": 22810}, {"x": 3618.0, "y": 21838.0, "id": 22811}, {"x": 3369.0, "y": 22024.0, "id": 22812}, {"x": 3841.0, "y": 21933.0, "id": 22814}, {"x": 3751.0, "y": 21642.0, "id": 22817}, {"x": 3781.0, "y": 21787.0, "id": 22818}, {"x": 3678.0, "y": 21798.0, "id": 22819}, {"x": 3755.0, "y": 21749.0, "id": 22820}, {"x": 3660.0, "y": 21631.0, "id": 22823}, {"x": 3442.0, "y": 21959.0, "id": 22824}, {"x": 3534.0, "y": 21779.0, "id": 22767}, {"x": 3567.0, "y": 21625.0, "id": 22771}, {"x": 3891.0, "y": 22015.0, "id": 22773}, {"x": 3551.0, "y": 22038.0, "id": 22774}, {"x": 3499.0, "y": 22016.0, "id": 22779}, {"x": 3945.0, "y": 21966.0, "id": 22783}], "links": [{"weight": 4, "source": 22794, "target": 22771}, {"weight": 4, "source": 22794, "target": 22802}, {"weight": 13, "source": 22795, "target": 22819}, {"weight": 9, "source": 22795, "target": 22803}, {"weight": 1, "source": 22795, "target": 22820}, {"weight": 2, "source": 22795, "target": 22814}, {"weight": 2, "source": 22795, "target": 22811}, {"weight": 17, "source": 22795, "target": 22818}, {"weight": 12, "source": 22795, "target": 22808}, {"weight": 13, "source": 22798, "target": 22823}, {"weight": 2, "source": 22798, "target": 22817}, {"weight": 1, "source": 22800, "target": 22783}, {"weight": 11, "source": 22802, "target": 22767}, {"weight": 1, "source": 22802, "target": 22771}, {"weight": 3, "source": 22802, "target": 22811}, {"weight": 1, "source": 22802, "target": 22819}, {"weight": 1, "source": 22802, "target": 22823}, {"weight": 15, "source": 22803, "target": 22819}, {"weight": 1, "source": 22803, "target": 22810}, {"weight": 1, "source": 22810, "target": 22774}, {"weight": 2, "source": 22810, "target": 22779}, {"weight": 1, "source": 22810, "target": 22824}, {"weight": 2, "source": 22810, "target": 22811}, {"weight": 2, "source": 22811, "target": 22767}, {"weight": 1, "source": 22812, "target": 22824}, {"weight": 1, "source": 22814, "target": 22773}, {"weight": 1, "source": 22814, "target": 22783}, {"weight": 2, "source": 22817, "target": 22820}, {"weight": 1, "source": 22817, "target": 22823}, {"weight": 1, "source": 22818, "target": 22819}, {"weight": 11, "source": 22819, "target": 22820}, {"weight": 1, "source": 22824, "target": 22779}], "similarity": "0.7966610342038848"}