{"directed": false, "multigraph": false, "graph": {}, "nodes": [{"x": 17761.0, "y": 23342.0, "id": 29791}, {"x": 17609.0, "y": 23290.0, "id": 29792}, {"x": 18298.0, "y": 23051.0, "id": 29794}, {"x": 18208.0, "y": 23106.0, "id": 29795}, {"x": 17972.0, "y": 23124.0, "id": 29796}, {"x": 18131.0, "y": 23285.0, "id": 29797}, {"x": 18093.0, "y": 23100.0, "id": 29800}, {"x": 18004.0, "y": 23219.0, "id": 29801}, {"x": 17774.0, "y": 23074.0, "id": 29802}, {"x": 17808.0, "y": 23252.0, "id": 29804}, {"x": 17911.0, "y": 23299.0, "id": 29805}, {"x": 17699.0, "y": 23268.0, "id": 29806}, {"x": 18143.0, "y": 23186.0, "id": 29807}, {"x": 17916.0, "y": 23203.0, "id": 29808}, {"x": 18213.0, "y": 23214.0, "id": 29810}, {"x": 18131.0, "y": 23357.0, "id": 29811}, {"x": 18028.0, "y": 23316.0, "id": 29812}, {"x": 17707.0, "y": 23013.0, "id": 29814}, {"x": 17854.0, "y": 23145.0, "id": 29817}, {"x": 18378.0, "y": 23008.0, "id": 29818}, {"x": 18077.0, "y": 23381.0, "id": 29819}, {"x": 18118.0, "y": 23008.0, "id": 29822}], "links": [{"weight": 1, "source": 29791, "target": 29804}, {"weight": 1, "source": 29792, "target": 29806}, {"weight": 1, "source": 29794, "target": 29795}, {"weight": 1, "source": 29794, "target": 29818}, {"weight": 3, "source": 29795, "target": 29800}, {"weight": 2, "source": 29795, "target": 29810}, {"weight": 3, "source": 29796, "target": 29808}, {"weight": 28, "source": 29796, "target": 29801}, {"weight": 1, "source": 29796, "target": 29817}, {"weight": 4, "source": 29796, "target": 29800}, {"weight": 8, "source": 29797, "target": 29810}, {"weight": 13, "source": 29797, "target": 29807}, {"weight": 1, "source": 29797, "target": 29811}, {"weight": 4, "source": 29797, "target": 29819}, {"weight": 1, "source": 29797, "target": 29812}, {"weight": 2, "source": 29800, "target": 29822}, {"weight": 1, "source": 29800, "target": 29807}, {"weight": 1, "source": 29801, "target": 29808}, {"weight": 1, "source": 29801, "target": 29812}, {"weight": 1, "source": 29802, "target": 29817}, {"weight": 2, "source": 29802, "target": 29814}, {"weight": 5, "source": 29804, "target": 29817}, {"weight": 1, "source": 29804, "target": 29805}, {"weight": 1, "source": 29804, "target": 29806}, {"weight": 1, "source": 29805, "target": 29812}, {"weight": 15, "source": 29805, "target": 29808}, {"weight": 2, "source": 29811, "target": 29819}, {"weight": 1, "source": 29811, "target": 29812}, {"weight": 4, "source": 29812, "target": 29819}], "similarity": "0.9516371712019794"}