{"directed": false, "multigraph": false, "graph": {}, "nodes": [{"x": 24975.0, "y": 22671.0, "id": 10049}, {"x": 24784.0, "y": 22760.0, "id": 10028}, {"x": 24673.0, "y": 22736.0, "id": 10035}, {"x": 24803.0, "y": 22861.0, "id": 10036}, {"x": 24608.0, "y": 22659.0, "id": 10037}, {"x": 24464.0, "y": 22749.0, "id": 10039}, {"x": 24881.0, "y": 22710.0, "id": 10040}, {"x": 24875.0, "y": 22803.0, "id": 10046}, {"x": 24565.0, "y": 22742.0, "id": 10047}], "links": [{"weight": 2, "source": 10049, "target": 10040}, {"weight": 10, "source": 10028, "target": 10036}, {"weight": 19, "source": 10028, "target": 10046}, {"weight": 1, "source": 10028, "target": 10035}, {"weight": 1, "source": 10028, "target": 10040}, {"weight": 19, "source": 10035, "target": 10037}, {"weight": 2, "source": 10035, "target": 10047}, {"weight": 1, "source": 10036, "target": 10046}, {"weight": 1, "source": 10037, "target": 10047}, {"weight": 50, "source": 10039, "target": 10047}, {"weight": 1, "source": 10040, "target": 10046}], "similarity": "0.7682990308530374"}