{"directed": false, "multigraph": false, "graph": {}, "nodes": [{"x": 22544.0, "y": 14108.0, "id": 21036}, {"x": 22440.0, "y": 14127.0, "id": 21041}, {"x": 22452.0, "y": 14353.0, "id": 21043}, {"x": 22494.0, "y": 14184.0, "id": 21044}, {"x": 22760.0, "y": 14095.0, "id": 21048}, {"x": 22654.0, "y": 14344.0, "id": 21049}, {"x": 22635.0, "y": 14162.0, "id": 21055}, {"x": 22194.0, "y": 14045.0, "id": 21056}, {"x": 22431.0, "y": 14323.0, "id": 21059}, {"x": 22356.0, "y": 14171.0, "id": 21063}, {"x": 22652.0, "y": 14368.0, "id": 21068}, {"x": 22626.0, "y": 14319.0, "id": 21072}, {"x": 22728.0, "y": 14440.0, "id": 21074}, {"x": 22552.0, "y": 14374.0, "id": 21077}, {"x": 22501.0, "y": 14285.0, "id": 21079}, {"x": 22695.0, "y": 14259.0, "id": 21084}, {"x": 22398.0, "y": 14436.0, "id": 21088}, {"x": 22460.0, "y": 14235.0, "id": 21089}, {"x": 22166.0, "y": 14102.0, "id": 21093}, {"x": 22688.0, "y": 14159.0, "id": 21097}, {"x": 22258.0, "y": 14117.0, "id": 21103}, {"x": 22537.0, "y": 14325.0, "id": 21104}, {"x": 22571.0, "y": 14182.0, "id": 21107}, {"x": 22794.0, "y": 14276.0, "id": 21111}], "links": [{"weight": 1, "source": 21036, "target": 21041}, {"weight": 1, "source": 21036, "target": 21044}, {"weight": 1, "source": 21036, "target": 21055}, {"weight": 1, "source": 21041, "target": 21063}, {"weight": 2, "source": 21041, "target": 21089}, {"weight": 6, "source": 21041, "target": 21044}, {"weight": 7, "source": 21043, "target": 21079}, {"weight": 5, "source": 21043, "target": 21088}, {"weight": 1, "source": 21043, "target": 21089}, {"weight": 2, "source": 21043, "target": 21077}, {"weight": 1, "source": 21043, "target": 21104}, {"weight": 1, "source": 21044, "target": 21079}, {"weight": 1, "source": 21048, "target": 21097}, {"weight": 1, "source": 21049, "target": 21077}, {"weight": 2, "source": 21049, "target": 21084}, {"weight": 2, "source": 21055, "target": 21084}, {"weight": 2, "source": 21055, "target": 21097}, {"weight": 10, "source": 21056, "target": 21103}, {"weight": 1, "source": 21059, "target": 21104}, {"weight": 1, "source": 21059, "target": 21089}, {"weight": 3, "source": 21063, "target": 21089}, {"weight": 1, "source": 21063, "target": 21103}, {"weight": 16, "source": 21068, "target": 21104}, {"weight": 3, "source": 21068, "target": 21074}, {"weight": 1, "source": 21068, "target": 21084}, {"weight": 1, "source": 21072, "target": 21104}, {"weight": 1, "source": 21072, "target": 21077}, {"weight": 1, "source": 21072, "target": 21084}, {"weight": 11, "source": 21077, "target": 21079}, {"weight": 4, "source": 21084, "target": 21097}, {"weight": 1, "source": 21084, "target": 21111}, {"weight": 2, "source": 21089, "target": 21107}, {"weight": 1, "source": 21089, "target": 21104}, {"weight": 1, "source": 21093, "target": 21103}, {"weight": 2, "source": 21097, "target": 21107}], "similarity": "0.806225774829855"}