{"directed": false, "multigraph": false, "graph": {}, "nodes": [{"x": 23005.0, "y": 610.0, "id": 30144}, {"x": 23266.0, "y": 619.0, "id": 30145}, {"x": 23312.0, "y": 852.0, "id": 30151}, {"x": 23097.0, "y": 652.0, "id": 30154}, {"x": 23332.0, "y": 547.0, "id": 30156}, {"x": 23189.0, "y": 890.0, "id": 30158}, {"x": 22925.0, "y": 562.0, "id": 30159}, {"x": 23227.0, "y": 796.0, "id": 30137}, {"x": 23194.0, "y": 694.0, "id": 30138}], "links": [{"weight": 8, "source": 30144, "target": 30154}, {"weight": 1, "source": 30144, "target": 30159}, {"weight": 2, "source": 30145, "target": 30138}, {"weight": 2, "source": 30145, "target": 30156}, {"weight": 1, "source": 30151, "target": 30137}, {"weight": 1, "source": 30154, "target": 30138}, {"weight": 3, "source": 30158, "target": 30137}, {"weight": 3, "source": 30137, "target": 30138}], "similarity": "0.7037315505489967"}