{"directed": false, "multigraph": false, "graph": {}, "nodes": [{"x": 21861.0, "y": 24274.0, "id": 12417}, {"x": 21549.0, "y": 24264.0, "id": 12420}, {"x": 22547.0, "y": 24317.0, "id": 12421}, {"x": 22095.0, "y": 24270.0, "id": 12423}, {"x": 22638.0, "y": 24361.0, "id": 12428}, {"x": 21638.0, "y": 24319.0, "id": 12372}, {"x": 21456.0, "y": 24242.0, "id": 12375}, {"x": 21553.0, "y": 24350.0, "id": 12380}, {"x": 21554.0, "y": 24388.0, "id": 12382}, {"x": 22088.0, "y": 24370.0, "id": 12388}, {"x": 21977.0, "y": 24265.0, "id": 12390}, {"x": 22445.0, "y": 24279.0, "id": 12391}, {"x": 21628.0, "y": 24414.0, "id": 12392}, {"x": 22496.0, "y": 24196.0, "id": 12393}, {"x": 22718.0, "y": 24412.0, "id": 12394}, {"x": 22784.0, "y": 24459.0, "id": 12395}, {"x": 22214.0, "y": 24264.0, "id": 12401}, {"x": 21748.0, "y": 24288.0, "id": 12402}, {"x": 22103.0, "y": 24461.0, "id": 12408}, {"x": 22279.0, "y": 24196.0, "id": 12412}, {"x": 22331.0, "y": 24272.0, "id": 12414}], "links": [{"weight": 30, "source": 12417, "target": 12390}, {"weight": 2, "source": 12417, "target": 12402}, {"weight": 1, "source": 12420, "target": 12372}, {"weight": 24, "source": 12420, "target": 12375}, {"weight": 32, "source": 12420, "target": 12380}, {"weight": 9, "source": 12421, "target": 12391}, {"weight": 1, "source": 12421, "target": 12428}, {"weight": 21, "source": 12423, "target": 12388}, {"weight": 1, "source": 12423, "target": 12390}, {"weight": 14, "source": 12423, "target": 12401}, {"weight": 1, "source": 12428, "target": 12394}, {"weight": 100, "source": 12372, "target": 12392}, {"weight": 1, "source": 12372, "target": 12402}, {"weight": 7, "source": 12372, "target": 12380}, {"weight": 1, "source": 12372, "target": 12382}, {"weight": 6, "source": 12380, "target": 12392}, {"weight": 1, "source": 12382, "target": 12392}, {"weight": 4, "source": 12388, "target": 12408}, {"weight": 4, "source": 12391, "target": 12393}, {"weight": 2, "source": 12391, "target": 12414}, {"weight": 40, "source": 12394, "target": 12395}, {"weight": 39, "source": 12401, "target": 12414}, {"weight": 1, "source": 12401, "target": 12412}, {"weight": 21, "source": 12412, "target": 12414}], "similarity": "0.788859334270275"}