{"directed": false, "multigraph": false, "graph": {}, "nodes": [{"x": 22999.0, "y": 21696.0, "id": 20956}, {"x": 22782.0, "y": 21876.0, "id": 20959}, {"x": 22933.0, "y": 21968.0, "id": 20961}, {"x": 22826.0, "y": 21701.0, "id": 20962}, {"x": 23004.0, "y": 21915.0, "id": 20965}, {"x": 23086.0, "y": 21903.0, "id": 20966}, {"x": 22826.0, "y": 21787.0, "id": 20967}, {"x": 23047.0, "y": 21707.0, "id": 20971}, {"x": 23085.0, "y": 21854.0, "id": 20974}, {"x": 22720.0, "y": 21715.0, "id": 20975}, {"x": 23154.0, "y": 21980.0, "id": 20976}, {"x": 23115.0, "y": 21877.0, "id": 20977}, {"x": 23130.0, "y": 21773.0, "id": 20978}, {"x": 23025.0, "y": 21798.0, "id": 20979}, {"x": 23088.0, "y": 21613.0, "id": 20980}, {"x": 22930.0, "y": 21751.0, "id": 20981}, {"x": 22917.0, "y": 21861.0, "id": 20982}, {"x": 22883.0, "y": 21921.0, "id": 20985}, {"x": 22693.0, "y": 21815.0, "id": 20986}, {"x": 23145.0, "y": 21683.0, "id": 20987}, {"x": 22733.0, "y": 21801.0, "id": 20988}], "links": [{"weight": 1, "source": 20956, "target": 20979}, {"weight": 1, "source": 20956, "target": 20981}, {"weight": 1, "source": 20959, "target": 20986}, {"weight": 1, "source": 20959, "target": 20967}, {"weight": 1, "source": 20959, "target": 20988}, {"weight": 1, "source": 20959, "target": 20985}, {"weight": 2, "source": 20961, "target": 20982}, {"weight": 4, "source": 20961, "target": 20965}, {"weight": 2, "source": 20961, "target": 20985}, {"weight": 1, "source": 20962, "target": 20967}, {"weight": 3, "source": 20962, "target": 20981}, {"weight": 1, "source": 20962, "target": 20975}, {"weight": 1, "source": 20965, "target": 20966}, {"weight": 2, "source": 20965, "target": 20977}, {"weight": 1, "source": 20965, "target": 20974}, {"weight": 2, "source": 20965, "target": 20985}, {"weight": 17, "source": 20966, "target": 20979}, {"weight": 3, "source": 20966, "target": 20976}, {"weight": 2, "source": 20967, "target": 20981}, {"weight": 5, "source": 20967, "target": 20988}, {"weight": 6, "source": 20971, "target": 20987}, {"weight": 5, "source": 20971, "target": 20980}, {"weight": 1, "source": 20971, "target": 20981}, {"weight": 1, "source": 20971, "target": 20978}, {"weight": 1, "source": 20971, "target": 20979}, {"weight": 1, "source": 20974, "target": 20979}, {"weight": 1, "source": 20974, "target": 20978}, {"weight": 26, "source": 20975, "target": 20986}, {"weight": 1, "source": 20977, "target": 20978}, {"weight": 11, "source": 20978, "target": 20987}, {"weight": 1, "source": 20979, "target": 20981}, {"weight": 2, "source": 20981, "target": 20982}], "similarity": "0.7365895075034008"}