{"directed": false, "multigraph": false, "graph": {}, "nodes": [{"x": 11355.0, "y": 26481.0, "id": 26177}, {"x": 11562.0, "y": 26503.0, "id": 26179}, {"x": 11514.0, "y": 26586.0, "id": 26187}, {"x": 11255.0, "y": 26463.0, "id": 26188}, {"x": 11662.0, "y": 26481.0, "id": 26190}, {"x": 11458.0, "y": 26506.0, "id": 26199}], "links": [{"weight": 1, "source": 26177, "target": 26188}, {"weight": 1, "source": 26177, "target": 26199}, {"weight": 1, "source": 26179, "target": 26187}, {"weight": 1, "source": 26179, "target": 26199}, {"weight": 1, "source": 26179, "target": 26190}, {"weight": 6, "source": 26187, "target": 26199}], "similarity": "0.7648808633001188"}