{"directed": false, "multigraph": false, "graph": {}, "nodes": [{"x": 3520.0, "y": 24966.0, "id": 29888}, {"x": 3538.0, "y": 24865.0, "id": 29889}, {"x": 3451.0, "y": 24800.0, "id": 29891}, {"x": 3627.0, "y": 24932.0, "id": 29861}, {"x": 3616.0, "y": 24818.0, "id": 29866}, {"x": 3694.0, "y": 24991.0, "id": 29867}, {"x": 3432.0, "y": 25025.0, "id": 29871}, {"x": 3862.0, "y": 24914.0, "id": 29877}, {"x": 3967.0, "y": 24905.0, "id": 29881}, {"x": 3654.0, "y": 24889.0, "id": 29883}, {"x": 3746.0, "y": 24920.0, "id": 29884}], "links": [{"weight": 1, "source": 29888, "target": 29861}, {"weight": 10, "source": 29888, "target": 29871}, {"weight": 12, "source": 29888, "target": 29889}, {"weight": 25, "source": 29889, "target": 29866}, {"weight": 4, "source": 29889, "target": 29883}, {"weight": 126, "source": 29889, "target": 29891}, {"weight": 1, "source": 29861, "target": 29866}, {"weight": 5, "source": 29861, "target": 29884}, {"weight": 1, "source": 29861, "target": 29867}, {"weight": 2, "source": 29861, "target": 29883}, {"weight": 1, "source": 29866, "target": 29883}, {"weight": 1, "source": 29867, "target": 29883}, {"weight": 2, "source": 29877, "target": 29884}, {"weight": 1, "source": 29877, "target": 29881}, {"weight": 4, "source": 29883, "target": 29884}], "similarity": "0.796754550514261"}