{"directed": false, "multigraph": false, "graph": {}, "nodes": [{"x": 26397.0, "y": 23582.0, "id": 12554}, {"x": 26293.0, "y": 23566.0, "id": 12527}, {"x": 26501.0, "y": 23567.0, "id": 12528}, {"x": 26328.0, "y": 23656.0, "id": 12530}, {"x": 26191.0, "y": 23550.0, "id": 12531}, {"x": 26228.0, "y": 23641.0, "id": 12536}], "links": [{"weight": 2, "source": 12554, "target": 12527}, {"weight": 13, "source": 12554, "target": 12528}, {"weight": 28, "source": 12554, "target": 12530}, {"weight": 163, "source": 12527, "target": 12536}, {"weight": 3, "source": 12527, "target": 12530}, {"weight": 3, "source": 12527, "target": 12531}, {"weight": 8, "source": 12530, "target": 12536}, {"weight": 1, "source": 12531, "target": 12536}], "similarity": "0.7648808633001188"}