{"directed": false, "multigraph": false, "graph": {}, "nodes": [{"x": 23579.0, "y": 21747.0, "id": 6786}, {"x": 23218.0, "y": 21950.0, "id": 6787}, {"x": 23426.0, "y": 21689.0, "id": 6789}, {"x": 23324.0, "y": 21703.0, "id": 6790}, {"x": 23357.0, "y": 21764.0, "id": 6792}, {"x": 23595.0, "y": 21842.0, "id": 6793}, {"x": 23488.0, "y": 21807.0, "id": 6796}, {"x": 23359.0, "y": 21643.0, "id": 6800}, {"x": 23246.0, "y": 21717.0, "id": 6801}, {"x": 23279.0, "y": 21689.0, "id": 6772}, {"x": 23285.0, "y": 21862.0, "id": 6806}, {"x": 23661.0, "y": 21919.0, "id": 6807}, {"x": 23260.0, "y": 21789.0, "id": 6779}, {"x": 23562.0, "y": 21893.0, "id": 6781}, {"x": 23185.0, "y": 21861.0, "id": 6782}], "links": [{"weight": 26, "source": 6786, "target": 6796}, {"weight": 2, "source": 6787, "target": 6782}, {"weight": 3, "source": 6787, "target": 6806}, {"weight": 2, "source": 6789, "target": 6792}, {"weight": 3, "source": 6789, "target": 6800}, {"weight": 9, "source": 6789, "target": 6790}, {"weight": 2, "source": 6790, "target": 6779}, {"weight": 13, "source": 6790, "target": 6800}, {"weight": 1, "source": 6790, "target": 6801}, {"weight": 1, "source": 6790, "target": 6792}, {"weight": 38, "source": 6792, "target": 6772}, {"weight": 20, "source": 6792, "target": 6779}, {"weight": 2, "source": 6792, "target": 6796}, {"weight": 11, "source": 6792, "target": 6800}, {"weight": 1, "source": 6792, "target": 6806}, {"weight": 15, "source": 6792, "target": 6801}, {"weight": 4, "source": 6793, "target": 6796}, {"weight": 1, "source": 6793, "target": 6807}, {"weight": 1, "source": 6796, "target": 6781}, {"weight": 4, "source": 6800, "target": 6772}, {"weight": 13, "source": 6801, "target": 6779}, {"weight": 33, "source": 6772, "target": 6779}, {"weight": 31, "source": 6806, "target": 6782}, {"weight": 2, "source": 6807, "target": 6781}, {"weight": 1, "source": 6779, "target": 6782}], "similarity": "0.7233165373381236"}