{"directed": false, "multigraph": false, "graph": {}, "nodes": [{"x": 13620.0, "y": 25828.0, "id": 26240}, {"x": 13666.0, "y": 25739.0, "id": 26241}, {"x": 13726.0, "y": 25817.0, "id": 26232}, {"x": 13807.0, "y": 25879.0, "id": 26235}, {"x": 13762.0, "y": 25721.0, "id": 26238}, {"x": 13525.0, "y": 25867.0, "id": 26239}], "links": [{"weight": 2, "source": 26240, "target": 26232}, {"weight": 64, "source": 26240, "target": 26239}, {"weight": 1, "source": 26240, "target": 26241}, {"weight": 10, "source": 26241, "target": 26232}, {"weight": 53, "source": 26241, "target": 26238}, {"weight": 38, "source": 26232, "target": 26238}, {"weight": 1, "source": 26232, "target": 26235}], "similarity": "0.7235728659282992"}