{"directed": false, "multigraph": false, "graph": {}, "nodes": [{"x": 20968.0, "y": 3569.0, "id": 35456}, {"x": 21088.0, "y": 3546.0, "id": 35461}, {"x": 20699.0, "y": 3718.0, "id": 35466}, {"x": 21389.0, "y": 3629.0, "id": 35469}, {"x": 21356.0, "y": 3700.0, "id": 35472}, {"x": 20795.0, "y": 3709.0, "id": 35473}, {"x": 20832.0, "y": 3432.0, "id": 35474}, {"x": 21069.0, "y": 3445.0, "id": 35476}, {"x": 21301.0, "y": 3474.0, "id": 35479}, {"x": 21423.0, "y": 3328.0, "id": 35484}, {"x": 20883.0, "y": 3649.0, "id": 35486}, {"x": 21427.0, "y": 3758.0, "id": 35494}, {"x": 20922.0, "y": 3464.0, "id": 35505}, {"x": 20868.0, "y": 3380.0, "id": 35506}, {"x": 20895.0, "y": 3527.0, "id": 35508}, {"x": 21097.0, "y": 3642.0, "id": 35509}, {"x": 21384.0, "y": 3411.0, "id": 35510}, {"x": 21478.0, "y": 3406.0, "id": 35433}, {"x": 20994.0, "y": 3516.0, "id": 35437}, {"x": 20753.0, "y": 3790.0, "id": 35439}, {"x": 21295.0, "y": 3620.0, "id": 35440}, {"x": 21212.0, "y": 3544.0, "id": 35442}, {"x": 20992.0, "y": 3394.0, "id": 35445}], "links": [{"weight": 1, "source": 35456, "target": 35486}, {"weight": 1, "source": 35456, "target": 35505}, {"weight": 3, "source": 35456, "target": 35461}, {"weight": 3, "source": 35461, "target": 35437}, {"weight": 1, "source": 35461, "target": 35442}, {"weight": 1, "source": 35461, "target": 35509}, {"weight": 1, "source": 35461, "target": 35476}, {"weight": 2, "source": 35466, "target": 35439}, {"weight": 7, "source": 35466, "target": 35473}, {"weight": 1, "source": 35469, "target": 35440}, {"weight": 3, "source": 35472, "target": 35440}, {"weight": 1, "source": 35472, "target": 35494}, {"weight": 11, "source": 35473, "target": 35439}, {"weight": 1, "source": 35473, "target": 35486}, {"weight": 1, "source": 35474, "target": 35505}, {"weight": 1, "source": 35476, "target": 35445}, {"weight": 1, "source": 35479, "target": 35442}, {"weight": 1, "source": 35479, "target": 35510}, {"weight": 2, "source": 35484, "target": 35510}, {"weight": 1, "source": 35505, "target": 35437}, {"weight": 1, "source": 35505, "target": 35445}, {"weight": 1, "source": 35505, "target": 35506}, {"weight": 1, "source": 35508, "target": 35437}, {"weight": 2, "source": 35510, "target": 35433}, {"weight": 4, "source": 35440, "target": 35442}], "similarity": "0.7442084075352507"}