{"directed": false, "multigraph": false, "graph": {}, "nodes": [{"x": 4645.0, "y": 24759.0, "id": 0}, {"x": 4827.0, "y": 24569.0, "id": 4}, {"x": 4723.0, "y": 24693.0, "id": 6}, {"x": 4655.0, "y": 24511.0, "id": 7}, {"x": 4793.0, "y": 24763.0, "id": 9}, {"x": 4908.0, "y": 24507.0, "id": 11}, {"x": 4725.0, "y": 24587.0, "id": 15}, {"x": 4819.0, "y": 24669.0, "id": 26}], "links": [{"weight": 39, "source": 0, "target": 6}, {"weight": 1, "source": 4, "target": 15}, {"weight": 5, "source": 4, "target": 11}, {"weight": 4, "source": 4, "target": 26}, {"weight": 1, "source": 6, "target": 26}, {"weight": 1, "source": 6, "target": 15}, {"weight": 1, "source": 6, "target": 9}, {"weight": 45, "source": 7, "target": 15}, {"weight": 30, "source": 9, "target": 26}], "similarity": "0.7526023228839096"}