{"directed": false, "multigraph": false, "graph": {}, "nodes": [{"x": 22328.0, "y": 23657.0, "id": 11256}, {"x": 22151.0, "y": 23599.0, "id": 11239}, {"x": 22077.0, "y": 23509.0, "id": 11210}, {"x": 22277.0, "y": 23580.0, "id": 11242}, {"x": 22046.0, "y": 23595.0, "id": 11212}, {"x": 22081.0, "y": 23693.0, "id": 11213}, {"x": 22319.0, "y": 23480.0, "id": 11246}, {"x": 22004.0, "y": 23429.0, "id": 11249}, {"x": 22014.0, "y": 23776.0, "id": 11221}, {"x": 22230.0, "y": 23664.0, "id": 11224}, {"x": 22389.0, "y": 23622.0, "id": 11257}, {"x": 22370.0, "y": 23556.0, "id": 11198}], "links": [{"weight": 23, "source": 11256, "target": 11198}, {"weight": 3, "source": 11256, "target": 11224}, {"weight": 3, "source": 11256, "target": 11242}, {"weight": 14, "source": 11256, "target": 11257}, {"weight": 3, "source": 11239, "target": 11210}, {"weight": 5, "source": 11239, "target": 11212}, {"weight": 1, "source": 11239, "target": 11213}, {"weight": 6, "source": 11239, "target": 11224}, {"weight": 1, "source": 11239, "target": 11242}, {"weight": 6, "source": 11210, "target": 11212}, {"weight": 16, "source": 11210, "target": 11249}, {"weight": 2, "source": 11242, "target": 11198}, {"weight": 30, "source": 11242, "target": 11224}, {"weight": 2, "source": 11242, "target": 11246}, {"weight": 6, "source": 11242, "target": 11257}, {"weight": 1, "source": 11213, "target": 11221}, {"weight": 10, "source": 11246, "target": 11198}, {"weight": 3, "source": 11257, "target": 11198}], "similarity": "0.7488452649040593"}