{"directed": false, "multigraph": false, "graph": {}, "nodes": [{"x": 7887.0, "y": 26484.0, "id": 29410}, {"x": 7987.0, "y": 26489.0, "id": 29414}, {"x": 8146.0, "y": 26588.0, "id": 29417}, {"x": 8091.0, "y": 26508.0, "id": 29421}, {"x": 8195.0, "y": 26505.0, "id": 29426}, {"x": 8397.0, "y": 26461.0, "id": 29428}, {"x": 8298.0, "y": 26479.0, "id": 29435}], "links": [{"weight": 13, "source": 29410, "target": 29414}, {"weight": 1, "source": 29414, "target": 29421}, {"weight": 13, "source": 29417, "target": 29421}, {"weight": 2, "source": 29417, "target": 29426}, {"weight": 1, "source": 29421, "target": 29426}, {"weight": 5, "source": 29426, "target": 29435}, {"weight": 14, "source": 29428, "target": 29435}], "similarity": "0.7045638767423834"}