{"directed": false, "multigraph": false, "graph": {}, "nodes": [{"x": 23124.0, "y": 3428.0, "id": 7392}, {"x": 22936.0, "y": 3629.0, "id": 7393}, {"x": 22692.0, "y": 3440.0, "id": 7394}, {"x": 22850.0, "y": 3494.0, "id": 7395}, {"x": 22843.0, "y": 3451.0, "id": 7397}, {"x": 22888.0, "y": 3643.0, "id": 7399}, {"x": 22853.0, "y": 3743.0, "id": 7402}, {"x": 22929.0, "y": 3534.0, "id": 7404}, {"x": 23213.0, "y": 3400.0, "id": 7405}, {"x": 22844.0, "y": 3579.0, "id": 7410}, {"x": 23137.0, "y": 3524.0, "id": 7379}, {"x": 22752.0, "y": 3423.0, "id": 7380}, {"x": 23041.0, "y": 3494.0, "id": 7382}, {"x": 22763.0, "y": 3512.0, "id": 7386}, {"x": 22979.0, "y": 3716.0, "id": 7387}, {"x": 22771.0, "y": 3375.0, "id": 7391}], "links": [{"weight": 1, "source": 7392, "target": 7382}, {"weight": 14, "source": 7392, "target": 7405}, {"weight": 7, "source": 7393, "target": 7387}, {"weight": 4, "source": 7393, "target": 7404}, {"weight": 2, "source": 7393, "target": 7410}, {"weight": 2, "source": 7394, "target": 7386}, {"weight": 2, "source": 7394, "target": 7391}, {"weight": 2, "source": 7395, "target": 7386}, {"weight": 3, "source": 7395, "target": 7404}, {"weight": 1, "source": 7397, "target": 7380}, {"weight": 1, "source": 7397, "target": 7386}, {"weight": 1, "source": 7397, "target": 7391}, {"weight": 1, "source": 7397, "target": 7404}, {"weight": 1, "source": 7399, "target": 7402}, {"weight": 1, "source": 7399, "target": 7404}, {"weight": 1, "source": 7404, "target": 7382}, {"weight": 1, "source": 7404, "target": 7410}, {"weight": 2, "source": 7410, "target": 7386}, {"weight": 1, "source": 7379, "target": 7382}, {"weight": 2, "source": 7380, "target": 7386}], "similarity": "0.736850539762792"}