{"directed": false, "multigraph": false, "graph": {}, "nodes": [{"x": 13160.0, "y": 24467.0, "id": 6656}, {"x": 13237.0, "y": 24389.0, "id": 6659}, {"x": 13398.0, "y": 24232.0, "id": 6661}, {"x": 13297.0, "y": 24267.0, "id": 6662}, {"x": 13674.0, "y": 24340.0, "id": 6695}, {"x": 13253.0, "y": 24232.0, "id": 6632}, {"x": 13339.0, "y": 24310.0, "id": 6665}, {"x": 13578.0, "y": 24301.0, "id": 6669}, {"x": 13472.0, "y": 24346.0, "id": 6672}, {"x": 13222.0, "y": 24318.0, "id": 6643}, {"x": 13581.0, "y": 24384.0, "id": 6645}, {"x": 13136.0, "y": 24377.0, "id": 6648}, {"x": 13330.0, "y": 24190.0, "id": 6682}, {"x": 13293.0, "y": 24376.0, "id": 6686}, {"x": 13514.0, "y": 24447.0, "id": 6655}], "links": [{"weight": 2, "source": 6656, "target": 6648}, {"weight": 2, "source": 6656, "target": 6659}, {"weight": 27, "source": 6659, "target": 6648}, {"weight": 1, "source": 6659, "target": 6665}, {"weight": 1, "source": 6661, "target": 6665}, {"weight": 1, "source": 6661, "target": 6682}, {"weight": 1, "source": 6661, "target": 6662}, {"weight": 2, "source": 6662, "target": 6643}, {"weight": 2, "source": 6662, "target": 6665}, {"weight": 13, "source": 6662, "target": 6682}, {"weight": 1, "source": 6662, "target": 6686}, {"weight": 3, "source": 6695, "target": 6645}, {"weight": 2, "source": 6695, "target": 6669}, {"weight": 26, "source": 6632, "target": 6643}, {"weight": 30, "source": 6632, "target": 6665}, {"weight": 4, "source": 6632, "target": 6682}, {"weight": 20, "source": 6665, "target": 6643}, {"weight": 2, "source": 6665, "target": 6672}, {"weight": 2, "source": 6665, "target": 6682}, {"weight": 15, "source": 6665, "target": 6686}, {"weight": 2, "source": 6669, "target": 6645}, {"weight": 4, "source": 6669, "target": 6672}, {"weight": 1, "source": 6672, "target": 6645}, {"weight": 32, "source": 6672, "target": 6655}, {"weight": 9, "source": 6643, "target": 6686}, {"weight": 1, "source": 6643, "target": 6648}], "similarity": "0.7559895148215658"}