{"directed": false, "multigraph": false, "graph": {}, "nodes": [{"x": 22533.0, "y": 8318.0, "id": 35520}, {"x": 22161.0, "y": 8624.0, "id": 35521}, {"x": 22590.0, "y": 8695.0, "id": 35523}, {"x": 22087.0, "y": 8489.0, "id": 35524}, {"x": 22415.0, "y": 8462.0, "id": 35530}, {"x": 22110.0, "y": 8524.0, "id": 35537}, {"x": 22204.0, "y": 8530.0, "id": 35540}, {"x": 22590.0, "y": 8394.0, "id": 35548}, {"x": 21868.0, "y": 8277.0, "id": 35549}, {"x": 22420.0, "y": 8604.0, "id": 35552}, {"x": 22027.0, "y": 8578.0, "id": 35554}, {"x": 21981.0, "y": 8665.0, "id": 35556}, {"x": 22331.0, "y": 8532.0, "id": 35557}, {"x": 21815.0, "y": 8350.0, "id": 35559}, {"x": 22077.0, "y": 8663.0, "id": 35560}, {"x": 22433.0, "y": 8702.0, "id": 35564}, {"x": 21999.0, "y": 8415.0, "id": 35567}, {"x": 22128.0, "y": 8427.0, "id": 35568}, {"x": 22516.0, "y": 8647.0, "id": 35573}, {"x": 21909.0, "y": 8362.0, "id": 35574}, {"x": 22241.0, "y": 8620.0, "id": 35576}, {"x": 22497.0, "y": 8404.0, "id": 35577}, {"x": 21933.0, "y": 8589.0, "id": 35579}], "links": [{"weight": 2, "source": 35520, "target": 35577}, {"weight": 1, "source": 35521, "target": 35540}, {"weight": 1, "source": 35521, "target": 35560}, {"weight": 1, "source": 35523, "target": 35573}, {"weight": 1, "source": 35524, "target": 35567}, {"weight": 1, "source": 35524, "target": 35554}, {"weight": 3, "source": 35524, "target": 35540}, {"weight": 1, "source": 35530, "target": 35557}, {"weight": 1, "source": 35530, "target": 35577}, {"weight": 1, "source": 35537, "target": 35568}, {"weight": 1, "source": 35537, "target": 35554}, {"weight": 3, "source": 35537, "target": 35540}, {"weight": 1, "source": 35540, "target": 35576}, {"weight": 1, "source": 35540, "target": 35557}, {"weight": 2, "source": 35548, "target": 35577}, {"weight": 3, "source": 35549, "target": 35574}, {"weight": 2, "source": 35549, "target": 35559}, {"weight": 1, "source": 35552, "target": 35564}, {"weight": 3, "source": 35552, "target": 35573}, {"weight": 4, "source": 35552, "target": 35557}, {"weight": 1, "source": 35554, "target": 35560}, {"weight": 1, "source": 35554, "target": 35556}, {"weight": 1, "source": 35554, "target": 35579}, {"weight": 5, "source": 35559, "target": 35574}, {"weight": 1, "source": 35567, "target": 35574}], "similarity": "0.7442084075352507"}