{"directed": false, "multigraph": false, "graph": {}, "nodes": [{"x": 13591.0, "y": 23578.0, "id": 32384}, {"x": 12880.0, "y": 23747.0, "id": 32388}, {"x": 12835.0, "y": 23492.0, "id": 32390}, {"x": 13252.0, "y": 23586.0, "id": 32391}, {"x": 13061.0, "y": 23637.0, "id": 32395}, {"x": 12899.0, "y": 23652.0, "id": 32398}, {"x": 12795.0, "y": 23685.0, "id": 32399}, {"x": 13127.0, "y": 23490.0, "id": 32400}, {"x": 13362.0, "y": 23489.0, "id": 32401}, {"x": 13667.0, "y": 23528.0, "id": 32404}, {"x": 12924.0, "y": 23519.0, "id": 32406}, {"x": 13458.0, "y": 23500.0, "id": 32407}, {"x": 13632.0, "y": 23436.0, "id": 32408}, {"x": 13552.0, "y": 23475.0, "id": 32409}, {"x": 12903.0, "y": 23427.0, "id": 32341}, {"x": 13407.0, "y": 23780.0, "id": 32343}, {"x": 12710.0, "y": 23722.0, "id": 32351}, {"x": 13379.0, "y": 23583.0, "id": 32362}, {"x": 13416.0, "y": 23687.0, "id": 32366}, {"x": 13530.0, "y": 23425.0, "id": 32367}, {"x": 12630.0, "y": 23757.0, "id": 32368}, {"x": 13493.0, "y": 23746.0, "id": 32372}, {"x": 12999.0, "y": 23591.0, "id": 32378}, {"x": 13126.0, "y": 23584.0, "id": 32380}, {"x": 13489.0, "y": 23598.0, "id": 32381}], "links": [{"weight": 1, "source": 32384, "target": 32381}, {"weight": 1, "source": 32384, "target": 32404}, {"weight": 1, "source": 32388, "target": 32398}, {"weight": 87, "source": 32390, "target": 32406}, {"weight": 17, "source": 32391, "target": 32362}, {"weight": 1, "source": 32391, "target": 32380}, {"weight": 8, "source": 32395, "target": 32378}, {"weight": 9, "source": 32395, "target": 32380}, {"weight": 1, "source": 32398, "target": 32378}, {"weight": 11, "source": 32398, "target": 32399}, {"weight": 2, "source": 32399, "target": 32351}, {"weight": 68, "source": 32400, "target": 32380}, {"weight": 1, "source": 32401, "target": 32362}, {"weight": 7, "source": 32404, "target": 32408}, {"weight": 2, "source": 32406, "target": 32341}, {"weight": 52, "source": 32406, "target": 32378}, {"weight": 1, "source": 32407, "target": 32362}, {"weight": 1, "source": 32407, "target": 32367}, {"weight": 4, "source": 32407, "target": 32409}, {"weight": 2, "source": 32408, "target": 32367}, {"weight": 109, "source": 32408, "target": 32409}, {"weight": 1, "source": 32343, "target": 32366}, {"weight": 2, "source": 32351, "target": 32368}, {"weight": 9, "source": 32362, "target": 32366}, {"weight": 1, "source": 32362, "target": 32381}, {"weight": 1, "source": 32366, "target": 32372}, {"weight": 3, "source": 32378, "target": 32380}], "similarity": "0.7207911175679367"}