{"directed": false, "multigraph": false, "graph": {}, "nodes": [{"x": 12301.0, "y": 20665.0, "id": 35840}, {"x": 12229.0, "y": 20728.0, "id": 35841}, {"x": 12153.0, "y": 20639.0, "id": 35842}, {"x": 12363.0, "y": 20972.0, "id": 35843}, {"x": 11658.0, "y": 20877.0, "id": 35844}, {"x": 12429.0, "y": 20914.0, "id": 35845}, {"x": 12511.0, "y": 20956.0, "id": 35846}, {"x": 12325.0, "y": 20890.0, "id": 35847}, {"x": 11883.0, "y": 20815.0, "id": 35848}, {"x": 11553.0, "y": 20760.0, "id": 35849}, {"x": 12175.0, "y": 20534.0, "id": 35850}, {"x": 11756.0, "y": 20829.0, "id": 35851}, {"x": 11592.0, "y": 20948.0, "id": 35852}, {"x": 11815.0, "y": 20765.0, "id": 35853}, {"x": 11596.0, "y": 20694.0, "id": 35854}, {"x": 12130.0, "y": 20753.0, "id": 35855}, {"x": 12229.0, "y": 20822.0, "id": 35856}, {"x": 12065.0, "y": 20682.0, "id": 35857}, {"x": 11773.0, "y": 20925.0, "id": 35858}, {"x": 12208.0, "y": 20448.0, "id": 35835}, {"x": 12006.0, "y": 20788.0, "id": 35836}, {"x": 11717.0, "y": 20917.0, "id": 35837}, {"x": 11654.0, "y": 20773.0, "id": 35838}, {"x": 12320.0, "y": 20809.0, "id": 35839}], "links": [{"weight": 1, "source": 35840, "target": 35841}, {"weight": 1, "source": 35841, "target": 35856}, {"weight": 1, "source": 35841, "target": 35855}, {"weight": 1, "source": 35842, "target": 35855}, {"weight": 2, "source": 35842, "target": 35850}, {"weight": 6, "source": 35843, "target": 35845}, {"weight": 1, "source": 35843, "target": 35847}, {"weight": 1, "source": 35844, "target": 35852}, {"weight": 1, "source": 35844, "target": 35851}, {"weight": 4, "source": 35845, "target": 35846}, {"weight": 3, "source": 35845, "target": 35847}, {"weight": 1, "source": 35847, "target": 35839}, {"weight": 3, "source": 35847, "target": 35856}, {"weight": 1, "source": 35848, "target": 35836}, {"weight": 3, "source": 35848, "target": 35853}, {"weight": 2, "source": 35848, "target": 35851}, {"weight": 1, "source": 35849, "target": 35838}, {"weight": 1, "source": 35849, "target": 35854}, {"weight": 1, "source": 35850, "target": 35835}, {"weight": 1, "source": 35851, "target": 35837}, {"weight": 1, "source": 35851, "target": 35838}, {"weight": 4, "source": 35851, "target": 35853}, {"weight": 1, "source": 35851, "target": 35858}, {"weight": 1, "source": 35854, "target": 35838}, {"weight": 2, "source": 35855, "target": 35836}, {"weight": 1, "source": 35855, "target": 35857}, {"weight": 2, "source": 35855, "target": 35856}, {"weight": 1, "source": 35856, "target": 35839}], "similarity": "0.7009682538955643"}