{"directed": false, "multigraph": false, "graph": {}, "nodes": [{"x": 21758.0, "y": 23124.0, "id": 22452}, {"x": 21684.0, "y": 23085.0, "id": 22466}, {"x": 21235.0, "y": 23076.0, "id": 22467}, {"x": 21527.0, "y": 23170.0, "id": 22485}, {"x": 21853.0, "y": 23163.0, "id": 22489}, {"x": 21711.0, "y": 23378.0, "id": 22490}, {"x": 21936.0, "y": 23009.0, "id": 22492}, {"x": 21422.0, "y": 23166.0, "id": 22498}, {"x": 21857.0, "y": 23068.0, "id": 22504}, {"x": 21500.0, "y": 23280.0, "id": 22505}, {"x": 21314.0, "y": 23137.0, "id": 22507}, {"x": 21528.0, "y": 23379.0, "id": 22511}, {"x": 21668.0, "y": 23288.0, "id": 22514}, {"x": 21581.0, "y": 23095.0, "id": 22515}, {"x": 21527.0, "y": 23210.0, "id": 22516}, {"x": 21640.0, "y": 23175.0, "id": 22518}, {"x": 21756.0, "y": 23021.0, "id": 22519}, {"x": 21623.0, "y": 23381.0, "id": 22522}, {"x": 21225.0, "y": 23176.0, "id": 22523}], "links": [{"weight": 3, "source": 22452, "target": 22466}, {"weight": 1, "source": 22452, "target": 22518}, {"weight": 1, "source": 22452, "target": 22504}, {"weight": 6, "source": 22452, "target": 22489}, {"weight": 4, "source": 22452, "target": 22519}, {"weight": 1, "source": 22466, "target": 22519}, {"weight": 18, "source": 22466, "target": 22518}, {"weight": 2, "source": 22467, "target": 22507}, {"weight": 15, "source": 22485, "target": 22516}, {"weight": 8, "source": 22485, "target": 22498}, {"weight": 2, "source": 22485, "target": 22505}, {"weight": 10, "source": 22485, "target": 22518}, {"weight": 1, "source": 22485, "target": 22515}, {"weight": 13, "source": 22490, "target": 22514}, {"weight": 10, "source": 22490, "target": 22522}, {"weight": 2, "source": 22492, "target": 22504}, {"weight": 15, "source": 22498, "target": 22516}, {"weight": 1, "source": 22498, "target": 22507}, {"weight": 1, "source": 22505, "target": 22511}, {"weight": 1, "source": 22507, "target": 22523}, {"weight": 1, "source": 22511, "target": 22522}, {"weight": 2, "source": 22514, "target": 22518}, {"weight": 1, "source": 22514, "target": 22522}, {"weight": 2, "source": 22515, "target": 22518}, {"weight": 26, "source": 22516, "target": 22518}], "similarity": "0.8050112948805689"}