{"directed": false, "multigraph": false, "graph": {}, "nodes": [{"x": 20790.0, "y": 8429.0, "id": 15048}, {"x": 20595.0, "y": 8454.0, "id": 15050}, {"x": 21094.0, "y": 8665.0, "id": 15053}, {"x": 20579.0, "y": 8540.0, "id": 15054}, {"x": 20933.0, "y": 8519.0, "id": 15055}, {"x": 20669.0, "y": 8539.0, "id": 15057}, {"x": 20725.0, "y": 8483.0, "id": 15060}, {"x": 21124.0, "y": 8371.0, "id": 15065}, {"x": 21147.0, "y": 8498.0, "id": 15066}, {"x": 20397.0, "y": 8679.0, "id": 15067}, {"x": 20635.0, "y": 8622.0, "id": 15068}, {"x": 21006.0, "y": 8708.0, "id": 15069}, {"x": 21029.0, "y": 8362.0, "id": 15071}, {"x": 20802.0, "y": 8526.0, "id": 15072}, {"x": 21154.0, "y": 8737.0, "id": 15073}, {"x": 21201.0, "y": 8300.0, "id": 15074}, {"x": 20522.0, "y": 8388.0, "id": 15075}, {"x": 20471.0, "y": 8642.0, "id": 15076}, {"x": 21270.0, "y": 8242.0, "id": 15078}, {"x": 21244.0, "y": 8494.0, "id": 15079}, {"x": 21045.0, "y": 8456.0, "id": 15080}, {"x": 20561.0, "y": 8592.0, "id": 15081}, {"x": 21164.0, "y": 8597.0, "id": 15083}, {"x": 21001.0, "y": 8612.0, "id": 15084}], "links": [{"weight": 10, "source": 15048, "target": 15060}, {"weight": 8, "source": 15048, "target": 15072}, {"weight": 82, "source": 15050, "target": 15057}, {"weight": 3, "source": 15050, "target": 15075}, {"weight": 35, "source": 15053, "target": 15073}, {"weight": 1, "source": 15053, "target": 15083}, {"weight": 2, "source": 15053, "target": 15084}, {"weight": 3, "source": 15054, "target": 15057}, {"weight": 2, "source": 15054, "target": 15068}, {"weight": 3, "source": 15055, "target": 15072}, {"weight": 1, "source": 15055, "target": 15084}, {"weight": 1, "source": 15055, "target": 15080}, {"weight": 1, "source": 15057, "target": 15060}, {"weight": 1, "source": 15057, "target": 15072}, {"weight": 2, "source": 15057, "target": 15068}, {"weight": 1, "source": 15057, "target": 15081}, {"weight": 5, "source": 15060, "target": 15072}, {"weight": 10, "source": 15065, "target": 15080}, {"weight": 26, "source": 15065, "target": 15074}, {"weight": 1, "source": 15066, "target": 15079}, {"weight": 3, "source": 15066, "target": 15083}, {"weight": 2, "source": 15066, "target": 15080}, {"weight": 9, "source": 15067, "target": 15076}, {"weight": 1, "source": 15068, "target": 15081}, {"weight": 1, "source": 15069, "target": 15084}, {"weight": 12, "source": 15071, "target": 15080}, {"weight": 4, "source": 15074, "target": 15078}, {"weight": 1, "source": 15076, "target": 15081}], "similarity": "0.8208073442387533"}