{"directed": false, "multigraph": false, "graph": {}, "nodes": [{"x": 20918.0, "y": 9301.0, "id": 35881}, {"x": 20625.0, "y": 9539.0, "id": 35882}, {"x": 20306.0, "y": 9571.0, "id": 35883}, {"x": 20261.0, "y": 9502.0, "id": 35884}, {"x": 20926.0, "y": 9669.0, "id": 35885}, {"x": 20940.0, "y": 9524.0, "id": 35886}, {"x": 20850.0, "y": 9546.0, "id": 35887}, {"x": 20798.0, "y": 9449.0, "id": 35888}, {"x": 20330.0, "y": 9407.0, "id": 35889}, {"x": 20943.0, "y": 9799.0, "id": 35890}, {"x": 20873.0, "y": 9731.0, "id": 35891}, {"x": 20501.0, "y": 9530.0, "id": 35892}, {"x": 20170.0, "y": 9461.0, "id": 35893}, {"x": 20859.0, "y": 9367.0, "id": 35894}, {"x": 20377.0, "y": 9506.0, "id": 35895}, {"x": 20278.0, "y": 9327.0, "id": 35896}, {"x": 20456.0, "y": 9463.0, "id": 35897}, {"x": 20173.0, "y": 9550.0, "id": 35898}, {"x": 20749.0, "y": 9550.0, "id": 35899}, {"x": 20829.0, "y": 9635.0, "id": 35900}, {"x": 20707.0, "y": 9635.0, "id": 35901}, {"x": 20357.0, "y": 9601.0, "id": 35902}], "links": [{"weight": 1, "source": 35881, "target": 35894}, {"weight": 2, "source": 35882, "target": 35899}, {"weight": 1, "source": 35882, "target": 35892}, {"weight": 1, "source": 35883, "target": 35895}, {"weight": 1, "source": 35884, "target": 35895}, {"weight": 1, "source": 35884, "target": 35898}, {"weight": 1, "source": 35884, "target": 35893}, {"weight": 1, "source": 35885, "target": 35891}, {"weight": 1, "source": 35885, "target": 35900}, {"weight": 1, "source": 35886, "target": 35887}, {"weight": 1, "source": 35887, "target": 35900}, {"weight": 1, "source": 35887, "target": 35899}, {"weight": 1, "source": 35888, "target": 35899}, {"weight": 2, "source": 35888, "target": 35894}, {"weight": 1, "source": 35889, "target": 35896}, {"weight": 1, "source": 35889, "target": 35895}, {"weight": 3, "source": 35890, "target": 35891}, {"weight": 3, "source": 35891, "target": 35900}, {"weight": 3, "source": 35892, "target": 35897}, {"weight": 2, "source": 35892, "target": 35895}, {"weight": 1, "source": 35893, "target": 35898}, {"weight": 4, "source": 35895, "target": 35897}, {"weight": 1, "source": 35895, "target": 35902}, {"weight": 1, "source": 35899, "target": 35901}, {"weight": 2, "source": 35899, "target": 35900}], "similarity": "0.7054132688892045"}