{"directed": false, "multigraph": false, "graph": {}, "nodes": [{"x": 559.0, "y": 526.0, "id": 320}, {"x": 581.0, "y": 518.0, "id": 739}, {"x": 578.0, "y": 507.0, "id": 869}, {"x": 532.0, "y": 467.0, "id": 423}, {"x": 546.0, "y": 474.0, "id": 425}, {"x": 548.0, "y": 512.0, "id": 394}, {"x": 581.0, "y": 528.0, "id": 395}, {"x": 539.0, "y": 482.0, "id": 428}, {"x": 558.0, "y": 481.0, "id": 430}, {"x": 568.0, "y": 487.0, "id": 431}, {"x": 574.0, "y": 497.0, "id": 434}, {"x": 544.0, "y": 496.0, "id": 730}], "links": [{"source": 320, "target": 394}, {"source": 320, "target": 395}, {"source": 739, "target": 395}, {"source": 739, "target": 869}, {"source": 869, "target": 434}, {"source": 423, "target": 425}, {"source": 423, "target": 428}, {"source": 425, "target": 430}, {"source": 394, "target": 730}, {"source": 428, "target": 730}, {"source": 430, "target": 431}, {"source": 431, "target": 434}]}