{"directed": false, "multigraph": false, "graph": {}, "nodes": [{"x": 418.0, "y": 468.0, "id": 614}, {"x": 442.0, "y": 504.0, "id": 235}, {"x": 429.0, "y": 478.0, "id": 850}, {"x": 437.0, "y": 491.0, "id": 851}, {"x": 403.0, "y": 471.0, "id": 277}, {"x": 415.0, "y": 475.0, "id": 278}, {"x": 406.0, "y": 459.0, "id": 279}, {"x": 424.0, "y": 483.0, "id": 280}, {"x": 432.0, "y": 495.0, "id": 281}, {"x": 437.0, "y": 507.0, "id": 282}], "links": [{"source": 614, "target": 279}, {"source": 614, "target": 850}, {"source": 235, "target": 282}, {"source": 235, "target": 851}, {"source": 850, "target": 851}, {"source": 277, "target": 278}, {"source": 277, "target": 279}, {"source": 278, "target": 280}, {"source": 280, "target": 281}, {"source": 281, "target": 282}], "similarity": "1.0"}