{"directed": false, "multigraph": false, "graph": {}, "nodes": [{"x": 488.0, "y": 441.0, "id": 418}, {"x": 502.0, "y": 447.0, "id": 419}, {"x": 481.0, "y": 452.0, "id": 420}, {"x": 517.0, "y": 454.0, "id": 422}, {"x": 532.0, "y": 467.0, "id": 423}, {"x": 537.0, "y": 474.0, "id": 426}, {"x": 514.0, "y": 480.0, "id": 683}, {"x": 495.0, "y": 468.0, "id": 686}, {"x": 524.0, "y": 483.0, "id": 687}, {"x": 505.0, "y": 474.0, "id": 688}, {"x": 531.0, "y": 484.0, "id": 690}, {"x": 536.0, "y": 481.0, "id": 692}], "links": [{"source": 418, "target": 419}, {"source": 418, "target": 420}, {"source": 419, "target": 422}, {"source": 420, "target": 686}, {"source": 422, "target": 423}, {"source": 423, "target": 426}, {"source": 426, "target": 692}, {"source": 683, "target": 687}, {"source": 683, "target": 688}, {"source": 686, "target": 688}, {"source": 687, "target": 690}, {"source": 690, "target": 692}], "similarity": "1.0"}