{"directed": false, "multigraph": false, "graph": {}, "nodes": [{"x": 251.0, "y": 6407.0, "id": 4227}, {"x": 243.0, "y": 6333.0, "id": 4324}, {"x": 145.0, "y": 6424.0, "id": 4228}, {"x": 168.0, "y": 6318.0, "id": 4325}, {"x": 232.0, "y": 6509.0, "id": 4229}, {"x": 15.0, "y": 6434.0, "id": 4238}, {"x": 41.0, "y": 6503.0, "id": 4239}, {"x": 100.0, "y": 6505.0, "id": 4240}, {"x": 58.0, "y": 6394.0, "id": 4241}], "links": [{"source": 4227, "target": 4228}, {"source": 4227, "target": 4229}, {"source": 4227, "target": 4324}, {"source": 4227, "target": 4325}, {"source": 4324, "target": 4228}, {"source": 4324, "target": 4325}, {"source": 4228, "target": 4229}, {"source": 4228, "target": 4238}, {"source": 4228, "target": 4239}, {"source": 4228, "target": 4240}, {"source": 4228, "target": 4241}, {"source": 4228, "target": 4325}, {"source": 4238, "target": 4239}, {"source": 4238, "target": 4240}, {"source": 4238, "target": 4241}, {"source": 4239, "target": 4240}, {"source": 4239, "target": 4241}, {"source": 4240, "target": 4241}], "similarity": "0.7804881763180784"}