{"directed": false, "multigraph": false, "graph": {}, "nodes": [{"id": 0}, {"id": 1}, {"id": 2}, {"id": 3}, {"id": 4}, {"id": 5}, {"id": 6}, {"id": 7}, {"id": 8}, {"id": 9}, {"id": 10}, {"id": 11}, {"id": 12}, {"id": 13}, {"id": 14}, {"id": 15}, {"id": 16}, {"id": 17}, {"id": 18}, {"id": 19}, {"id": 20}, {"id": 21}, {"id": 22}, {"id": 23}, {"id": 24}, {"id": 25}, {"id": 26}, {"id": 27}, {"id": 28}, {"id": 29}, {"id": 30}, {"id": 31}, {"id": 32}, {"id": 33}, {"id": 34}, {"id": 35}, {"id": 36}, {"id": 37}, {"id": 38}, {"id": 39}, {"id": 40}, {"id": 41}, {"id": 42}, {"id": 43}, {"id": 44}, {"id": 45}, {"id": 46}, {"id": 47}, {"id": 48}, {"id": 49}, {"id": 50}, {"id": 51}, {"id": 52}, {"id": 53}, {"id": 54}, {"id": 55}, {"id": 56}, {"id": 57}, {"id": 58}, {"id": 59}, {"id": 60}, {"id": 61}, {"id": 62}, {"id": 63}, {"id": 64}, {"id": 65}, {"id": 66}, {"id": 67}, {"id": 68}, {"id": 69}, {"id": 70}, {"id": 71}, {"id": 72}, {"id": 73}, {"id": 74}, {"id": 75}, {"id": 76}, {"id": 77}, {"id": 78}, {"id": 79}, {"id": 80}, {"id": 81}, {"id": 82}, {"id": 83}, {"id": 84}, {"id": 85}, {"id": 86}, {"id": 87}, {"id": 88}, {"id": 89}, {"id": 90}, {"id": 91}, {"id": 92}, {"id": 93}, {"id": 94}, {"id": 95}, {"id": 96}, {"id": 97}, {"id": 98}, {"id": 99}, {"id": 100}, {"id": 101}, {"id": 102}, {"id": 103}, {"id": 104}, {"id": 105}, {"id": 106}, {"id": 107}, {"id": 108}, {"id": 109}, {"id": 110}, {"id": 111}, {"id": 112}, {"id": 113}, {"id": 114}, {"id": 115}, {"id": 116}, {"id": 117}, {"id": 118}, {"id": 119}, {"id": 120}, {"id": 121}, {"id": 122}, {"id": 123}, {"id": 124}, {"id": 125}, {"id": 126}, {"id": 127}, {"id": 128}, {"id": 129}, {"id": 130}, {"id": 131}, {"id": 132}, {"id": 133}, {"id": 134}, {"id": 135}, {"id": 136}, {"id": 137}, {"id": 138}, {"id": 139}, {"id": 140}, {"id": 141}, {"id": 142}, {"id": 143}, {"id": 144}, {"id": 145}, {"id": 146}, {"id": 147}, {"id": 148}, {"id": 149}, {"id": 150}, {"id": 151}, {"id": 152}, {"id": 153}, {"id": 154}, {"id": 155}, {"id": 156}, {"id": 157}, {"id": 158}, {"id": 159}, {"id": 160}, {"id": 161}, {"id": 162}, {"id": 163}, {"id": 164}, {"id": 165}, {"id": 166}, {"id": 167}, {"id": 168}, {"id": 169}, {"id": 170}, {"id": 171}, {"id": 172}, {"id": 173}, {"id": 174}, {"id": 175}, {"id": 176}, {"id": 177}, {"id": 178}, {"id": 179}, {"id": 180}, {"id": 181}, {"id": 182}, {"id": 183}, {"id": 184}, {"id": 185}, {"id": 186}, {"id": 187}, {"id": 188}, {"id": 189}, {"id": 190}, {"id": 191}, {"id": 192}, {"id": 193}, {"id": 194}, {"id": 195}, {"id": 196}, {"id": 197}, {"id": 198}, {"id": 199}, {"id": 200}, {"id": 201}, {"id": 202}, {"id": 203}, {"id": 204}, {"id": 205}, {"id": 206}, {"id": 207}, {"id": 208}, {"id": 209}, {"id": 210}, {"id": 211}, {"id": 212}, {"id": 213}, {"id": 214}, {"id": 215}, {"id": 216}, {"id": 217}, {"id": 218}, {"id": 219}, {"id": 220}, {"id": 221}, {"id": 222}, {"id": 223}, {"id": 224}, {"id": 225}, {"id": 226}, {"id": 227}, {"id": 228}, {"id": 229}, {"id": 230}, {"id": 231}, {"id": 232}, {"id": 233}, {"id": 234}, {"id": 235}, {"id": 236}, {"id": 237}, {"id": 238}, {"id": 239}, {"id": 240}, {"id": 241}, {"id": 242}, {"id": 243}, {"id": 244}, {"id": 245}, {"id": 246}, {"id": 247}, {"id": 248}, {"id": 249}, {"id": 250}, {"id": 251}, {"id": 252}, {"id": 253}, {"id": 254}, {"id": 255}, {"id": 256}, {"id": 257}, {"id": 258}, {"id": 259}, {"id": 260}, {"id": 261}, {"id": 262}, {"id": 263}, {"id": 264}, {"id": 265}, {"id": 266}, {"id": 267}, {"id": 268}, {"id": 269}, {"id": 270}, {"id": 271}, {"id": 272}, {"id": 273}, {"id": 274}, {"id": 275}, {"id": 276}, {"id": 277}, {"id": 278}, {"id": 279}, {"id": 280}, {"id": 281}, {"id": 282}, {"id": 283}, {"id": 284}, {"id": 285}, {"id": 286}, {"id": 287}, {"id": 288}, {"id": 289}, {"id": 290}, {"id": 291}, {"id": 292}, {"id": 293}, {"id": 294}, {"id": 295}, {"id": 296}, {"id": 297}, {"id": 298}, {"id": 299}, {"id": 300}, {"id": 301}, {"id": 302}, {"id": 303}, {"id": 304}, {"id": 305}, {"id": 306}, {"id": 307}, {"id": 308}, {"id": 309}, {"id": 310}, {"id": 311}, {"id": 312}, {"id": 313}, {"id": 314}, {"id": 315}, {"id": 316}, {"id": 317}, {"id": 318}, {"id": 319}, {"id": 320}, {"id": 321}, {"id": 322}, {"id": 323}, {"id": 324}, {"id": 325}, {"id": 326}, {"id": 327}, {"id": 328}, {"id": 329}, {"id": 330}, {"id": 331}, {"id": 332}, {"id": 333}, {"id": 334}, {"id": 335}, {"id": 336}, {"id": 337}, {"id": 338}, {"id": 339}, {"id": 340}, {"id": 341}, {"id": 342}, {"id": 343}, {"id": 344}, {"id": 345}, {"id": 346}, {"id": 347}, {"id": 348}, {"id": 349}, {"id": 350}, {"id": 351}, {"id": 352}, {"id": 353}, {"id": 354}, {"id": 355}, {"id": 356}, {"id": 357}, {"id": 358}, {"id": 359}, {"id": 360}, {"id": 361}, {"id": 362}, {"id": 363}, {"id": 364}, {"id": 365}, {"id": 366}, {"id": 367}, {"id": 368}, {"id": 369}, {"id": 370}, {"id": 371}, {"id": 372}, {"id": 373}, {"id": 374}, {"id": 375}, {"id": 376}, {"id": 377}, {"id": 378}, {"id": 379}, {"id": 380}, {"id": 381}, {"id": 382}, {"id": 383}, {"id": 384}, {"id": 385}, {"id": 386}, {"id": 387}, {"id": 388}, {"id": 389}, {"id": 390}, {"id": 391}, {"id": 392}, {"id": 393}, {"id": 394}, {"id": 395}, {"id": 396}, {"id": 397}, {"id": 398}, {"id": 399}, {"id": 400}, {"id": 401}, {"id": 402}, {"id": 403}, {"id": 404}, {"id": 405}, {"id": 406}, {"id": 407}, {"id": 408}, {"id": 409}, {"id": 410}, {"id": 411}, {"id": 412}, {"id": 413}, {"id": 414}, {"id": 415}, {"id": 416}, {"id": 417}, {"id": 418}, {"id": 419}, {"id": 420}, {"id": 421}, {"id": 422}, {"id": 423}, {"id": 424}, {"id": 425}, {"id": 426}, {"id": 427}, {"id": 428}, {"id": 429}, {"id": 430}, {"id": 431}, {"id": 432}, {"id": 433}, {"id": 434}, {"id": 435}, {"id": 436}, {"id": 437}, {"id": 438}, {"id": 439}, {"id": 440}, {"id": 441}, {"id": 442}, {"id": 443}, {"id": 444}, {"id": 445}, {"id": 446}, {"id": 447}, {"id": 448}, {"id": 449}, {"id": 450}, {"id": 451}, {"id": 452}, {"id": 453}, {"id": 454}, {"id": 455}, {"id": 456}, {"id": 457}, {"id": 458}, {"id": 459}, {"id": 460}, {"id": 461}, {"id": 462}, {"id": 463}, {"id": 464}, {"id": 465}, {"id": 466}, {"id": 467}, {"id": 468}, {"id": 469}, {"id": 470}, {"id": 471}, {"id": 472}, {"id": 473}, {"id": 474}, {"id": 475}, {"id": 476}, {"id": 477}, {"id": 478}, {"id": 479}, {"id": 480}, {"id": 481}, {"id": 482}, {"id": 483}, {"id": 484}, {"id": 485}, {"id": 486}, {"id": 487}, {"id": 488}, {"id": 489}, {"id": 490}, {"id": 491}, {"id": 492}, {"id": 493}, {"id": 494}, {"id": 495}, {"id": 496}, {"id": 497}, {"id": 498}, {"id": 499}, {"id": 500}, {"id": 501}, {"id": 502}, {"id": 503}, {"id": 504}, {"id": 505}, {"id": 506}, {"id": 507}, {"id": 508}, {"id": 509}, {"id": 510}, {"id": 511}, {"id": 512}, {"id": 513}, {"id": 514}, {"id": 515}, {"id": 516}, {"id": 517}, {"id": 518}, {"id": 519}, {"id": 520}, {"id": 521}, {"id": 522}, {"id": 523}, {"id": 524}, {"id": 525}, {"id": 526}, {"id": 527}, {"id": 528}, {"id": 529}, {"id": 530}, {"id": 531}, {"id": 532}, {"id": 533}, {"id": 534}, {"id": 535}, {"id": 536}, {"id": 537}, {"id": 538}, {"id": 539}, {"id": 540}, {"id": 541}, {"id": 542}, {"id": 543}, {"id": 544}, {"id": 545}, {"id": 546}, {"id": 547}, {"id": 548}, {"id": 549}, {"id": 550}, {"id": 551}, {"id": 552}, {"id": 553}, {"id": 554}, {"id": 555}, {"id": 556}, {"id": 557}, {"id": 558}, {"id": 559}, {"id": 560}, {"id": 561}, {"id": 562}, {"id": 563}, {"id": 564}, {"id": 565}, {"id": 566}, {"id": 567}, {"id": 568}, {"id": 569}, {"id": 570}, {"id": 571}, {"id": 572}, {"id": 573}, {"id": 574}, {"id": 575}, {"id": 576}, {"id": 577}, {"id": 578}, {"id": 579}, {"id": 580}, {"id": 581}, {"id": 582}, {"id": 583}, {"id": 584}, {"id": 585}, {"id": 586}, {"id": 587}, {"id": 588}, {"id": 589}, {"id": 590}, {"id": 591}, {"id": 592}, {"id": 593}, {"id": 594}, {"id": 595}, {"id": 596}, {"id": 597}, {"id": 598}, {"id": 599}, {"id": 600}, {"id": 601}, {"id": 602}, {"id": 603}, {"id": 604}, {"id": 605}, {"id": 606}, {"id": 607}, {"id": 608}, {"id": 609}, {"id": 610}, {"id": 611}, {"id": 612}, {"id": 613}, {"id": 614}, {"id": 615}, {"id": 616}, {"id": 617}, {"id": 618}, {"id": 619}, {"id": 620}, {"id": 621}, {"id": 622}, {"id": 623}, {"id": 624}, {"id": 625}, {"id": 626}, {"id": 627}, {"id": 628}, {"id": 629}, {"id": 630}, {"id": 631}, {"id": 632}, {"id": 633}, {"id": 634}, {"id": 635}, {"id": 636}, {"id": 637}, {"id": 638}, {"id": 639}, {"id": 640}, {"id": 641}, {"id": 642}, {"id": 643}, {"id": 644}, {"id": 645}, {"id": 646}, {"id": 647}, {"id": 648}, {"id": 649}, {"id": 650}, {"id": 651}, {"id": 652}, {"id": 653}, {"id": 654}, {"id": 655}, {"id": 656}, {"id": 657}, {"id": 658}, {"id": 659}, {"id": 660}, {"id": 661}], "links": [{"weight": -2.86533, "source": 0, "target": 1}, {"weight": -11.36364, "source": 0, "target": 2}, {"weight": -2.949853, "source": 1, "target": 4}, {"weight": -3.90625, "source": 1, "target": 294}, {"weight": -5.0, "source": 2, "target": 97}, {"weight": -2.590673, "source": 3, "target": 4}, {"weight": -100.0, "source": 3, "target": 5}, {"weight": -3.619254, "source": 3, "target": 6}, {"weight": -2.392917, "source": 5, "target": 13}, {"weight": -5.122951, "source": 5, "target": 82}, {"weight": -3.789314, "source": 5, "target": 284}, {"weight": -416.6667, "source": 6, "target": 353}, {"weight": -294.1176, "source": 6, "target": 354}, {"weight": -18.72659, "source": 6, "target": 332}, {"weight": -31.44654, "source": 7, "target": 8}, {"weight": -29.49853, "source": 7, "target": 9}, {"weight": -4.464285, "source": 8, "target": 216}, {"weight": -16.6113, "source": 9, "target": 71}, {"weight": -2.763194, "source": 10, "target": 11}, {"weight": -3.425831, "source": 10, "target": 12}, {"weight": -4.308488, "source": 11, "target": 136}, {"weight": -10.23541, "source": 12, "target": 271}, {"weight": -6.410256, "source": 13, "target": 14}, {"weight": -4.409171, "source": 14, "target": 35}, {"weight": -5.277045, "source": 15, "target": 16}, {"weight": -9.29368, "source": 15, "target": 17}, {"weight": -4.027386, "source": 16, "target": 96}, {"weight": -9.090909, "source": 17, "target": 148}, {"weight": -2.977963, "source": 17, "target": 55}, {"weight": -4.361099, "source": 18, "target": 19}, {"weight": -3.0012, "source": 18, "target": 20}, {"weight": -3.096934, "source": 19, "target": 125}, {"weight": -2.471577, "source": 19, "target": 126}, {"weight": -2.588662, "source": 20, "target": 169}, {"weight": -41.15226, "source": 21, "target": 22}, {"weight": -6.090134, "source": 21, "target": 23}, {"weight": -22.37136, "source": 21, "target": 24}, {"weight": -12.13592, "source": 21, "target": 25}, {"weight": -16.89189, "source": 21, "target": 26}, {"weight": -42.01681, "source": 21, "target": 27}, {"weight": -38.75969, "source": 22, "target": 109}, {"weight": -11.24859, "source": 23, "target": 180}, {"weight": -19.23077, "source": 24, "target": 248}, {"weight": -15.15152, "source": 24, "target": 25}, {"weight": -50.0, "source": 25, "target": 26}, {"weight": -2.777006, "source": 25, "target": 154}, {"weight": -11.93804, "source": 25, "target": 310}, {"weight": -19.72387, "source": 27, "target": 110}, {"weight": -4.083299, "source": 28, "target": 29}, {"weight": -21.36752, "source": 28, "target": 30}, {"weight": -1.904762, "source": 28, "target": 31}, {"weight": -5.555555, "source": 28, "target": 32}, {"weight": -3.81971, "source": 29, "target": 131}, {"weight": -4.184101, "source": 30, "target": 228}, {"weight": -3.546099, "source": 31, "target": 213}, {"weight": -24.09639, "source": 31, "target": 317}, {"weight": -9.708738, "source": 32, "target": 49}, {"weight": -11.8624, "source": 32, "target": 344}, {"weight": -2.087247, "source": 33, "target": 34}, {"weight": -4.490346, "source": 33, "target": 35}, {"weight": -7.022472, "source": 34, "target": 62}, {"weight": -3.892565, "source": 34, "target": 162}, {"weight": -5.875441, "source": 34, "target": 249}, {"weight": -7.276699, "source": 34, "target": 250}, {"weight": -3.231018, "source": 35, "target": 112}, {"weight": -2.994012, "source": 35, "target": 252}, {"weight": -5.892752, "source": 36, "target": 37}, {"weight": -13.86963, "source": 36, "target": 38}, {"weight": -6.578948, "source": 37, "target": 74}, {"weight": -15.06024, "source": 37, "target": 75}, {"weight": -24.39024, "source": 37, "target": 58}, {"weight": -15.72948, "source": 37, "target": 76}, {"weight": -12.40695, "source": 38, "target": 42}, {"weight": -2.915452, "source": 39, "target": 40}, {"weight": -3.154574, "source": 39, "target": 41}, {"weight": -4.291846, "source": 40, "target": 98}, {"weight": -4.144219, "source": 41, "target": 196}, {"weight": -4.142502, "source": 41, "target": 89}, {"weight": -2.261932, "source": 41, "target": 113}, {"weight": -2.385496, "source": 41, "target": 329}, {"weight": -12.51565, "source": 42, "target": 43}, {"weight": -10.31992, "source": 43, "target": 283}, {"weight": -5.882353, "source": 43, "target": 299}, {"weight": -26.73797, "source": 43, "target": 198}, {"weight": -11.76471, "source": 43, "target": 282}, {"weight": -11.17985, "source": 43, "target": 332}, {"weight": -2.70636, "source": 44, "target": 45}, {"weight": -1.981375, "source": 44, "target": 46}, {"weight": -2.129472, "source": 44, "target": 47}, {"weight": -1.180777, "source": 44, "target": 48}, {"weight": -3.67647, "source": 44, "target": 49}, {"weight": -2.109704, "source": 45, "target": 73}, {"weight": -3.474635, "source": 46, "target": 60}, {"weight": -2.605524, "source": 47, "target": 260}, {"weight": -2.220249, "source": 48, "target": 287}, {"weight": -1.394895, "source": 48, "target": 191}, {"weight": -3.463803, "source": 48, "target": 288}, {"weight": -9.208103, "source": 49, "target": 288}, {"weight": -5.988024, "source": 50, "target": 51}, {"weight": -5.0, "source": 50, "target": 52}, {"weight": -3.868472, "source": 51, "target": 150}, {"weight": -8.0, "source": 52, "target": 107}, {"weight": -6.361323, "source": 52, "target": 127}, {"weight": -27.02703, "source": 52, "target": 158}, {"weight": -3.67647, "source": 52, "target": 258}, {"weight": -13.68551, "source": 52, "target": 230}, {"weight": -13.33333, "source": 52, "target": 281}, {"weight": -17.07014, "source": 52, "target": 348}, {"weight": -2.712968, "source": 53, "target": 54}, {"weight": -2.380952, "source": 53, "target": 55}, {"weight": -6.711409, "source": 54, "target": 63}, {"weight": -2.675943, "source": 55, "target": 279}, {"weight": -3.601008, "source": 55, "target": 325}, {"weight": -1.250688, "source": 56, "target": 57}, {"weight": -19.96008, "source": 56, "target": 58}, {"weight": -26.04167, "source": 57, "target": 229}, {"weight": -18.15211, "source": 57, "target": 230}, {"weight": -3.684598, "source": 59, "target": 60}, {"weight": -2.359604, "source": 59, "target": 61}, {"weight": -2.695418, "source": 60, "target": 129}, {"weight": -10.6383, "source": 60, "target": 306}, {"weight": -2.754821, "source": 61, "target": 317}, {"weight": -22.32143, "source": 62, "target": 63}, {"weight": -7.352941, "source": 64, "target": 65}, {"weight": -8.196721, "source": 64, "target": 66}, {"weight": -2.418965, "source": 65, "target": 121}, {"weight": -10.0, "source": 65, "target": 176}, {"weight": -8.976661, "source": 65, "target": 178}, {"weight": -3.08642, "source": 65, "target": 188}, {"weight": -5.711022, "source": 65, "target": 189}, {"weight": -15.625, "source": 66, "target": 223}, {"weight": -2.971768, "source": 67, "target": 68}, {"weight": -11.60093, "source": 67, "target": 69}, {"weight": -2.140869, "source": 68, "target": 80}, {"weight": -8.643043, "source": 69, "target": 91}, {"weight": -1.594388, "source": 70, "target": 71}, {"weight": -3.998401, "source": 70, "target": 72}, {"weight": -6.21118, "source": 71, "target": 97}, {"weight": -4.132231, "source": 71, "target": 98}, {"weight": -16.12903, "source": 71, "target": 99}, {"weight": -2.28833, "source": 71, "target": 100}, {"weight": -11.55436, "source": 71, "target": 101}, {"weight": -7.256895, "source": 72, "target": 113}, {"weight": -3.002102, "source": 73, "target": 308}, {"weight": -10.20408, "source": 74, "target": 259}, {"weight": -18.21494, "source": 75, "target": 229}, {"weight": -18.20499, "source": 75, "target": 281}, {"weight": -33.38898, "source": 76, "target": 240}, {"weight": -62.1118, "source": 76, "target": 363}, {"weight": -42.76245, "source": 76, "target": 364}, {"weight": -38.91051, "source": 76, "target": 332}, {"weight": -31.84714, "source": 76, "target": 365}, {"weight": -30.30303, "source": 76, "target": 348}, {"weight": -97.46589, "source": 76, "target": 366}, {"weight": -2.161227, "source": 77, "target": 78}, {"weight": -2.72257, "source": 77, "target": 79}, {"weight": -2.346316, "source": 78, "target": 142}, {"weight": -3.601008, "source": 78, "target": 238}, {"weight": -4.782401, "source": 78, "target": 262}, {"weight": -2.697599, "source": 79, "target": 157}, {"weight": -1.786991, "source": 80, "target": 116}, {"weight": -9.803922, "source": 80, "target": 174}, {"weight": -10.72386, "source": 80, "target": 175}, {"weight": -6.527415, "source": 81, "target": 82}, {"weight": -4.618937, "source": 81, "target": 83}, {"weight": -10.43841, "source": 83, "target": 150}, {"weight": -5.54939, "source": 84, "target": 85}, {"weight": -16.33987, "source": 84, "target": 86}, {"weight": -5.807201, "source": 85, "target": 142}, {"weight": -2.643405, "source": 86, "target": 151}, {"weight": -2.33209, "source": 87, "target": 88}, {"weight": -3.165559, "source": 87, "target": 89}, {"weight": -3.746722, "source": 88, "target": 146}, {"weight": -5.605381, "source": 90, "target": 91}, {"weight": -6.042296, "source": 90, "target": 92}, {"weight": -11.5702, "source": 90, "target": 93}, {"weight": -11.69591, "source": 92, "target": 217}, {"weight": -30.39514, "source": 93, "target": 367}, {"weight": -39.52569, "source": 93, "target": 341}, {"weight": -205.655, "source": 93, "target": 374}, {"weight": -6.188119, "source": 94, "target": 95}, {"weight": -2.808989, "source": 94, "target": 96}, {"weight": -18.31502, "source": 95, "target": 279}, {"weight": -2.640613, "source": 96, "target": 237}, {"weight": -17.85714, "source": 99, "target": 214}, {"weight": -5.988024, "source": 100, "target": 203}, {"weight": -40.0, "source": 101, "target": 380}, {"weight": -11.36364, "source": 101, "target": 353}, {"weight": -9.689922, "source": 101, "target": 103}, {"weight": -16.66667, "source": 101, "target": 381}, {"weight": -80.0, "source": 101, "target": 382}, {"weight": -7.018001, "source": 102, "target": 103}, {"weight": -9.67118, "source": 103, "target": 426}, {"weight": -17.0068, "source": 103, "target": 381}, {"weight": -39.84064, "source": 103, "target": 347}, {"weight": -4.668534, "source": 104, "target": 105}, {"weight": -13.10616, "source": 104, "target": 106}, {"weight": -4.291846, "source": 105, "target": 165}, {"weight": -7.64526, "source": 106, "target": 108}, {"weight": -66.66667, "source": 106, "target": 258}, {"weight": -7.581501, "source": 106, "target": 295}, {"weight": -7.92393, "source": 106, "target": 314}, {"weight": -16.39344, "source": 107, "target": 108}, {"weight": -14.12429, "source": 109, "target": 227}, {"weight": -26.17801, "source": 110, "target": 111}, {"weight": -5.747127, "source": 111, "target": 172}, {"weight": -3.723008, "source": 112, "target": 113}, {"weight": -9.606149, "source": 114, "target": 115}, {"weight": -3.42818, "source": 114, "target": 116}, {"weight": -3.987241, "source": 115, "target": 218}, {"weight": -5.94884, "source": 115, "target": 217}, {"weight": -35.71428, "source": 117, "target": 118}, {"weight": -5.425936, "source": 118, "target": 119}, {"weight": -2.624672, "source": 118, "target": 213}, {"weight": -6.816633, "source": 118, "target": 236}, {"weight": -3.759398, "source": 118, "target": 344}, {"weight": -2.384359, "source": 119, "target": 120}, {"weight": -8.547009, "source": 120, "target": 147}, {"weight": -6.365372, "source": 120, "target": 131}, {"weight": -1.888574, "source": 120, "target": 308}, {"weight": -3.759398, "source": 121, "target": 122}, {"weight": -2.769316, "source": 121, "target": 123}, {"weight": -12.15067, "source": 121, "target": 124}, {"weight": -19.68504, "source": 122, "target": 173}, {"weight": -4.0, "source": 123, "target": 159}, {"weight": -3.584229, "source": 123, "target": 124}, {"weight": -2.912904, "source": 123, "target": 160}, {"weight": -3.060912, "source": 123, "target": 268}, {"weight": -2.640613, "source": 125, "target": 219}, {"weight": -2.010859, "source": 126, "target": 190}, {"weight": -3.142678, "source": 126, "target": 326}, {"weight": -4.273504, "source": 126, "target": 327}, {"weight": -3.777862, "source": 126, "target": 328}, {"weight": -3.699593, "source": 127, "target": 128}, {"weight": -14.66276, "source": 128, "target": 198}, {"weight": -2.398082, "source": 129, "target": 130}, {"weight": -2.012072, "source": 130, "target": 260}, {"weight": -8.77193, "source": 132, "target": 133}, {"weight": -5.050505, "source": 132, "target": 134}, {"weight": -3.318951, "source": 133, "target": 241}, {"weight": -4.355401, "source": 133, "target": 291}, {"weight": -5.050505, "source": 133, "target": 292}, {"weight": -16.82213, "source": 133, "target": 293}, {"weight": -7.092198, "source": 134, "target": 304}, {"weight": -5.07872, "source": 135, "target": 136}, {"weight": -4.302926, "source": 135, "target": 137}, {"weight": -5.181347, "source": 137, "target": 138}, {"weight": -9.259259, "source": 137, "target": 294}, {"weight": -24.09639, "source": 137, "target": 290}, {"weight": -5.534034, "source": 137, "target": 345}, {"weight": -11.36364, "source": 138, "target": 139}, {"weight": -2.777006, "source": 139, "target": 269}, {"weight": -15.79859, "source": 140, "target": 141}, {"weight": -116.2791, "source": 141, "target": 267}, {"weight": -29.94909, "source": 141, "target": 393}, {"weight": -39.52569, "source": 141, "target": 319}, {"weight": -34.9406, "source": 141, "target": 343}, {"weight": -1.821162, "source": 142, "target": 156}, {"weight": -11.52074, "source": 142, "target": 231}, {"weight": -5.555555, "source": 142, "target": 232}, {"weight": -6.024096, "source": 143, "target": 144}, {"weight": -2.66809, "source": 143, "target": 145}, {"weight": -1.70068, "source": 144, "target": 253}, {"weight": -48.78049, "source": 144, "target": 314}, {"weight": -3.584229, "source": 144, "target": 307}, {"weight": -4.05515, "source": 144, "target": 315}, {"weight": -5.724098, "source": 144, "target": 316}, {"weight": -2.350176, "source": 145, "target": 150}, {"weight": -3.052503, "source": 146, "target": 147}, {"weight": -2.398657, "source": 146, "target": 148}, {"weight": -3.067485, "source": 146, "target": 149}, {"weight": -2.649709, "source": 149, "target": 252}, {"weight": -24.39024, "source": 150, "target": 256}, {"weight": -6.25, "source": 150, "target": 235}, {"weight": -3.664346, "source": 151, "target": 152}, {"weight": -4.070004, "source": 151, "target": 153}, {"weight": -2.730003, "source": 151, "target": 154}, {"weight": -7.352941, "source": 151, "target": 155}, {"weight": -4.748338, "source": 152, "target": 253}, {"weight": -5.299417, "source": 154, "target": 238}, {"weight": -62.5, "source": 155, "target": 394}, {"weight": -34.8432, "source": 155, "target": 395}, {"weight": -5.197505, "source": 156, "target": 157}, {"weight": -8.196721, "source": 159, "target": 160}, {"weight": -8.333334, "source": 160, "target": 251}, {"weight": -4.545455, "source": 160, "target": 274}, {"weight": -2.065689, "source": 161, "target": 162}, {"weight": -4.627487, "source": 161, "target": 163}, {"weight": -4.44247, "source": 163, "target": 279}, {"weight": -5.434783, "source": 164, "target": 165}, {"weight": -5.181347, "source": 164, "target": 166}, {"weight": -5.186722, "source": 165, "target": 184}, {"weight": -9.29368, "source": 165, "target": 239}, {"weight": -11.13286, "source": 165, "target": 240}, {"weight": -25.0, "source": 166, "target": 307}, {"weight": -21.68307, "source": 167, "target": 168}, {"weight": -149.2537, "source": 168, "target": 385}, {"weight": -217.3913, "source": 168, "target": 391}, {"weight": -90.7441, "source": 168, "target": 387}, {"weight": -80.0, "source": 168, "target": 397}, {"weight": -4.083299, "source": 169, "target": 197}, {"weight": -4.739336, "source": 169, "target": 263}, {"weight": -3.619254, "source": 169, "target": 265}, {"weight": -5.813953, "source": 170, "target": 171}, {"weight": -13.33333, "source": 170, "target": 172}, {"weight": -5.882353, "source": 171, "target": 280}, {"weight": -9.182736, "source": 171, "target": 312}, {"weight": -58.82352, "source": 171, "target": 311}, {"weight": -5.624297, "source": 171, "target": 313}, {"weight": -7.369196, "source": 172, "target": 208}, {"weight": -7.153076, "source": 172, "target": 312}, {"weight": -27.70083, "source": 172, "target": 227}, {"weight": -10.88341, "source": 172, "target": 337}, {"weight": -4.568296, "source": 173, "target": 222}, {"weight": -5.952381, "source": 174, "target": 251}, {"weight": -11.06317, "source": 175, "target": 369}, {"weight": -19.15709, "source": 175, "target": 376}, {"weight": -21.31287, "source": 175, "target": 402}, {"weight": -23.80952, "source": 176, "target": 177}, {"weight": -11.36364, "source": 177, "target": 309}, {"weight": -8.333334, "source": 178, "target": 179}, {"weight": -13.21004, "source": 179, "target": 207}, {"weight": -29.76191, "source": 180, "target": 181}, {"weight": -14.70588, "source": 181, "target": 182}, {"weight": -5.485464, "source": 181, "target": 194}, {"weight": -5.509642, "source": 181, "target": 248}, {"weight": -13.7931, "source": 181, "target": 261}, {"weight": -3.846154, "source": 181, "target": 264}, {"weight": -19.23077, "source": 182, "target": 183}, {"weight": -22.72727, "source": 183, "target": 245}, {"weight": -11.62791, "source": 184, "target": 185}, {"weight": -7.8125, "source": 184, "target": 186}, {"weight": -16.39344, "source": 184, "target": 187}, {"weight": -12.04819, "source": 186, "target": 259}, {"weight": -6.25, "source": 187, "target": 199}, {"weight": -3.521127, "source": 188, "target": 274}, {"weight": -25.43882, "source": 189, "target": 369}, {"weight": -261.0966, "source": 189, "target": 405}, {"weight": -2.135839, "source": 190, "target": 191}, {"weight": -24.09639, "source": 192, "target": 193}, {"weight": -13.69863, "source": 193, "target": 201}, {"weight": -14.46524, "source": 193, "target": 247}, {"weight": -5.144033, "source": 194, "target": 195}, {"weight": -4.401408, "source": 195, "target": 257}, {"weight": -6.896552, "source": 196, "target": 197}, {"weight": -7.092198, "source": 199, "target": 200}, {"weight": -11.11751, "source": 200, "target": 336}, {"weight": -34.36426, "source": 201, "target": 202}, {"weight": -17.54386, "source": 202, "target": 304}, {"weight": -6.578948, "source": 203, "target": 204}, {"weight": -5.235602, "source": 204, "target": 263}, {"weight": -15.74803, "source": 205, "target": 206}, {"weight": -54.94505, "source": 206, "target": 401}, {"weight": -73.52941, "source": 206, "target": 339}, {"weight": -13.08045, "source": 206, "target": 409}, {"weight": -12.21001, "source": 207, "target": 208}, {"weight": -15.36699, "source": 209, "target": 210}, {"weight": -57.04507, "source": 210, "target": 410}, {"weight": -57.04507, "source": 210, "target": 411}, {"weight": -76.04562, "source": 210, "target": 276}, {"weight": -23.62205, "source": 211, "target": 212}, {"weight": -17.14678, "source": 212, "target": 302}, {"weight": -117.019, "source": 212, "target": 350}, {"weight": -62.89308, "source": 212, "target": 352}, {"weight": -4.739336, "source": 214, "target": 215}, {"weight": -13.33333, "source": 215, "target": 320}, {"weight": -3.565063, "source": 216, "target": 271}, {"weight": -6.85401, "source": 218, "target": 224}, {"weight": -6.285355, "source": 220, "target": 221}, {"weight": -3.081664, "source": 220, "target": 222}, {"weight": -5.592841, "source": 221, "target": 257}, {"weight": -41.66667, "source": 222, "target": 280}, {"weight": -14.26534, "source": 222, "target": 296}, {"weight": -4.032258, "source": 222, "target": 246}, {"weight": -6.666667, "source": 223, "target": 224}, {"weight": -15.47988, "source": 224, "target": 241}, {"weight": -4.149378, "source": 224, "target": 309}, {"weight": -7.861635, "source": 224, "target": 324}, {"weight": -22.24589, "source": 225, "target": 226}, {"weight": -232.5581, "source": 226, "target": 355}, {"weight": -151.5152, "source": 226, "target": 385}, {"weight": -877.193, "source": 226, "target": 391}, {"weight": -64.68305, "source": 226, "target": 392}, {"weight": -3.034901, "source": 228, "target": 306}, {"weight": -59.88024, "source": 229, "target": 230}, {"weight": -3.246753, "source": 231, "target": 243}, {"weight": -26.31579, "source": 232, "target": 415}, {"weight": -9.090909, "source": 233, "target": 234}, {"weight": -4.132231, "source": 233, "target": 235}, {"weight": -45.45454, "source": 234, "target": 282}, {"weight": -2.475247, "source": 236, "target": 237}, {"weight": -2.518892, "source": 239, "target": 253}, {"weight": -31.54574, "source": 240, "target": 331}, {"weight": -37.59399, "source": 240, "target": 336}, {"weight": -66.66667, "source": 240, "target": 395}, {"weight": -6.105006, "source": 242, "target": 243}, {"weight": -3.903201, "source": 242, "target": 244}, {"weight": -6.19195, "source": 244, "target": 253}, {"weight": -9.708738, "source": 245, "target": 246}, {"weight": -7.8125, "source": 246, "target": 311}, {"weight": -40.22526, "source": 247, "target": 293}, {"weight": -8.025682, "source": 247, "target": 416}, {"weight": -122.2494, "source": 247, "target": 352}, {"weight": -2.589332, "source": 249, "target": 256}, {"weight": -24.93765, "source": 250, "target": 417}, {"weight": -40.0, "source": 250, "target": 418}, {"weight": -18.56321, "source": 250, "target": 364}, {"weight": -9.458948, "source": 250, "target": 419}, {"weight": -3.909304, "source": 253, "target": 277}, {"weight": -4.784689, "source": 253, "target": 278}, {"weight": -20.46457, "source": 254, "target": 255}, {"weight": -61.34969, "source": 255, "target": 420}, {"weight": -305.5038, "source": 255, "target": 421}, {"weight": -1.203804, "source": 260, "target": 287}, {"weight": -3.012956, "source": 261, "target": 262}, {"weight": -85.47009, "source": 264, "target": 403}, {"weight": -12.19512, "source": 264, "target": 428}, {"weight": -19.68504, "source": 264, "target": 310}, {"weight": -19.30502, "source": 265, "target": 427}, {"weight": -7.806402, "source": 265, "target": 328}, {"weight": -16.64732, "source": 266, "target": 267}, {"weight": -64.93507, "source": 267, "target": 429}, {"weight": -29.76191, "source": 267, "target": 298}, {"weight": -46.08295, "source": 267, "target": 343}, {"weight": -8.467401, "source": 268, "target": 376}, {"weight": -3.060912, "source": 268, "target": 434}, {"weight": -10.13582, "source": 268, "target": 435}, {"weight": -15.81052, "source": 269, "target": 270}, {"weight": -13.09758, "source": 270, "target": 436}, {"weight": -37.73585, "source": 270, "target": 334}, {"weight": -6.944445, "source": 271, "target": 272}, {"weight": -2.935133, "source": 271, "target": 273}, {"weight": -19.23077, "source": 272, "target": 320}, {"weight": -5.9988, "source": 272, "target": 321}, {"weight": -4.547522, "source": 273, "target": 289}, {"weight": -5.589715, "source": 275, "target": 276}, {"weight": -30.21148, "source": 276, "target": 334}, {"weight": -3.748126, "source": 277, "target": 315}, {"weight": -21.32196, "source": 277, "target": 278}, {"weight": -3.620565, "source": 283, "target": 284}, {"weight": -20.24836, "source": 285, "target": 286}, {"weight": -73.52941, "source": 286, "target": 420}, {"weight": -86.95652, "source": 286, "target": 360}, {"weight": -39.37008, "source": 286, "target": 373}, {"weight": -69.44444, "source": 286, "target": 421}, {"weight": -21.64502, "source": 286, "target": 341}, {"weight": -25.24615, "source": 286, "target": 444}, {"weight": -3.996803, "source": 288, "target": 328}, {"weight": -5.26593, "source": 289, "target": 290}, {"weight": -8.928571, "source": 291, "target": 304}, {"weight": -26.95418, "source": 293, "target": 324}, {"weight": -290.0988, "source": 293, "target": 409}, {"weight": -22.36496, "source": 297, "target": 298}, {"weight": -126.5823, "source": 298, "target": 410}, {"weight": -126.5823, "source": 298, "target": 411}, {"weight": -52.63158, "source": 298, "target": 429}, {"weight": -26.73797, "source": 298, "target": 431}, {"weight": -20.0, "source": 298, "target": 387}, {"weight": -4.147656, "source": 298, "target": 445}, {"weight": -39.52569, "source": 298, "target": 319}, {"weight": -5.405406, "source": 299, "target": 300}, {"weight": -16.7688, "source": 300, "target": 335}, {"weight": -21.72478, "source": 301, "target": 302}, {"weight": -43.10345, "source": 302, "target": 429}, {"weight": -35.71428, "source": 302, "target": 331}, {"weight": -11.64144, "source": 302, "target": 395}, {"weight": -38.46154, "source": 303, "target": 304}, {"weight": -18.41621, "source": 304, "target": 305}, {"weight": -3.787879, "source": 308, "target": 327}, {"weight": -23.52941, "source": 310, "target": 394}, {"weight": -53.82131, "source": 313, "target": 435}, {"weight": -8.445946, "source": 316, "target": 395}, {"weight": -17.10009, "source": 318, "target": 319}, {"weight": -4.672897, "source": 319, "target": 436}, {"weight": -35.46099, "source": 319, "target": 334}, {"weight": -208.3333, "source": 321, "target": 381}, {"weight": -12.85016, "source": 322, "target": 323}, {"weight": -56.81818, "source": 323, "target": 420}, {"weight": -87.95074, "source": 323, "target": 422}, {"weight": -24.57002, "source": 323, "target": 421}, {"weight": -34.72222, "source": 323, "target": 374}, {"weight": -13.42282, "source": 324, "target": 379}, {"weight": -10.66098, "source": 325, "target": 418}, {"weight": -11.94743, "source": 325, "target": 344}, {"weight": -4.070004, "source": 326, "target": 329}, {"weight": -15.73564, "source": 330, "target": 331}, {"weight": -25.90673, "source": 331, "target": 336}, {"weight": -16.55773, "source": 333, "target": 334}, {"weight": -106.6098, "source": 334, "target": 410}, {"weight": -106.6098, "source": 334, "target": 411}, {"weight": -4.749691, "source": 334, "target": 381}, {"weight": -46.14674, "source": 334, "target": 386}, {"weight": -7.751938, "source": 334, "target": 345}, {"weight": -79.36508, "source": 335, "target": 393}, {"weight": -78.74016, "source": 335, "target": 431}, {"weight": -44.24779, "source": 335, "target": 452}, {"weight": -34.0136, "source": 336, "target": 395}, {"weight": -65.35947, "source": 337, "target": 394}, {"weight": -15.57632, "source": 337, "target": 428}, {"weight": -53.96654, "source": 337, "target": 435}, {"weight": -18.08318, "source": 337, "target": 409}, {"weight": -44.84305, "source": 337, "target": 405}, {"weight": -28.90173, "source": 337, "target": 453}, {"weight": -1.666667, "source": 338, "target": 339}, {"weight": -769.2308, "source": 339, "target": 375}, {"weight": -1.666667, "source": 340, "target": 341}, {"weight": -16.12045, "source": 342, "target": 343}, {"weight": -43.29004, "source": 343, "target": 433}, {"weight": -43.29004, "source": 343, "target": 363}, {"weight": -18.65672, "source": 344, "target": 424}, {"weight": -5.583473, "source": 346, "target": 347}, {"weight": -21.59827, "source": 347, "target": 427}, {"weight": -80.0, "source": 347, "target": 382}, {"weight": -142.8571, "source": 348, "target": 389}, {"weight": -120.5119, "source": 348, "target": 364}, {"weight": -30.47639, "source": 349, "target": 350}, {"weight": -212.766, "source": 350, "target": 401}, {"weight": -142.8571, "source": 350, "target": 406}, {"weight": -75.75114, "source": 350, "target": 437}, {"weight": -8.547009, "source": 350, "target": 397}, {"weight": -5.844535, "source": 351, "target": 352}, {"weight": -6.666667, "source": 355, "target": 356}, {"weight": -104.1667, "source": 355, "target": 357}, {"weight": -55.1572, "source": 355, "target": 358}, {"weight": -25.41277, "source": 357, "target": 396}, {"weight": -64.10257, "source": 357, "target": 387}, {"weight": -8.130081, "source": 358, "target": 413}, {"weight": -109.8901, "source": 358, "target": 414}, {"weight": -311.5265, "source": 359, "target": 360}, {"weight": -311.5265, "source": 361, "target": 362}, {"weight": -80.0, "source": 362, "target": 437}, {"weight": -92.03866, "source": 364, "target": 399}, {"weight": -149.2537, "source": 365, "target": 388}, {"weight": -86.20689, "source": 366, "target": 433}, {"weight": -98.03922, "source": 367, "target": 368}, {"weight": -32.15434, "source": 367, "target": 369}, {"weight": -112.3596, "source": 367, "target": 370}, {"weight": -112.3596, "source": 367, "target": 371}, {"weight": -181.8182, "source": 367, "target": 372}, {"weight": -51.28205, "source": 368, "target": 373}, {"weight": -74.07407, "source": 369, "target": 375}, {"weight": -11.06195, "source": 369, "target": 376}, {"weight": -202.8398, "source": 369, "target": 377}, {"weight": -202.8398, "source": 369, "target": 378}, {"weight": -89.0472, "source": 369, "target": 379}, {"weight": -50.25126, "source": 370, "target": 372}, {"weight": -81.90008, "source": 370, "target": 440}, {"weight": -37.09199, "source": 371, "target": 441}, {"weight": -57.14286, "source": 371, "target": 442}, {"weight": -91.86954, "source": 372, "target": 409}, {"weight": -31.0559, "source": 372, "target": 455}, {"weight": -169.4915, "source": 373, "target": 443}, {"weight": -54.94505, "source": 374, "target": 422}, {"weight": -62.1118, "source": 374, "target": 438}, {"weight": -60.97561, "source": 374, "target": 439}, {"weight": -11.21257, "source": 374, "target": 449}, {"weight": -20.67236, "source": 374, "target": 379}, {"weight": -71.94245, "source": 374, "target": 444}, {"weight": -84.74576, "source": 379, "target": 416}, {"weight": -277.7778, "source": 380, "target": 383}, {"weight": -20.04016, "source": 381, "target": 436}, {"weight": -14.26534, "source": 381, "target": 452}, {"weight": -8.156607, "source": 382, "target": 417}, {"weight": -153.8461, "source": 383, "target": 612}, {"weight": -76.92307, "source": 383, "target": 615}, {"weight": -22.04829, "source": 383, "target": 613}, {"weight": -40.0, "source": 384, "target": 385}, {"weight": -555.5555, "source": 384, "target": 386}, {"weight": -172.4138, "source": 385, "target": 387}, {"weight": -57.80347, "source": 386, "target": 399}, {"weight": -49.26108, "source": 386, "target": 446}, {"weight": -384.6154, "source": 388, "target": 389}, {"weight": -149.2537, "source": 390, "target": 391}, {"weight": -109.8901, "source": 390, "target": 392}, {"weight": -165.0165, "source": 392, "target": 412}, {"weight": -17.82531, "source": 392, "target": 421}, {"weight": -40.0, "source": 392, "target": 443}, {"weight": -17.07736, "source": 392, "target": 408}, {"weight": -1.758396, "source": 393, "target": 430}, {"weight": -45.45454, "source": 395, "target": 441}, {"weight": -33.33334, "source": 397, "target": 414}, {"weight": -50.76142, "source": 398, "target": 399}, {"weight": -15.67398, "source": 398, "target": 400}, {"weight": -46.99248, "source": 399, "target": 446}, {"weight": -82.50825, "source": 399, "target": 441}, {"weight": -49.23683, "source": 399, "target": 447}, {"weight": -108.6956, "source": 400, "target": 482}, {"weight": -28.24859, "source": 400, "target": 483}, {"weight": -80.97166, "source": 400, "target": 484}, {"weight": -35.33569, "source": 400, "target": 485}, {"weight": -27.3224, "source": 400, "target": 455}, {"weight": -29.67359, "source": 402, "target": 492}, {"weight": -10.23541, "source": 403, "target": 404}, {"weight": -13.67989, "source": 404, "target": 523}, {"weight": -46.94836, "source": 405, "target": 456}, {"weight": -39.60396, "source": 407, "target": 408}, {"weight": -57.14286, "source": 409, "target": 453}, {"weight": -8.333334, "source": 412, "target": 413}, {"weight": -108.1081, "source": 412, "target": 414}, {"weight": -20.0, "source": 414, "target": 448}, {"weight": -22.32143, "source": 415, "target": 560}, {"weight": -116.2791, "source": 416, "target": 459}, {"weight": -64.51613, "source": 419, "target": 564}, {"weight": -20.0, "source": 421, "target": 448}, {"weight": -2.092926, "source": 422, "target": 423}, {"weight": -2.060581, "source": 423, "target": 438}, {"weight": -2.043318, "source": 423, "target": 439}, {"weight": -17.45201, "source": 424, "target": 425}, {"weight": -17.45201, "source": 425, "target": 545}, {"weight": -11.6117, "source": 425, "target": 565}, {"weight": -1.758396, "source": 431, "target": 432}, {"weight": -20.0, "source": 437, "target": 448}, {"weight": -33.33334, "source": 440, "target": 654}, {"weight": -47.61905, "source": 440, "target": 655}, {"weight": -81.30082, "source": 442, "target": 655}, {"weight": -400.0, "source": 443, "target": 454}, {"weight": -1.685488, "source": 444, "target": 458}, {"weight": -35.97123, "source": 446, "target": 450}, {"weight": -25.18892, "source": 446, "target": 447}, {"weight": -555.5555, "source": 446, "target": 451}, {"weight": -27.93296, "source": 447, "target": 483}, {"weight": -108.6956, "source": 447, "target": 565}, {"weight": -27.3224, "source": 447, "target": 591}, {"weight": -41.32232, "source": 451, "target": 612}, {"weight": -34.24657, "source": 453, "target": 456}, {"weight": -25.25253, "source": 454, "target": 627}, {"weight": -254.4529, "source": 454, "target": 641}, {"weight": -5.292893, "source": 456, "target": 457}, {"weight": -1.6592, "source": 459, "target": 460}, {"weight": -13.28021, "source": 461, "target": 462}, {"weight": -46.2963, "source": 461, "target": 463}, {"weight": -9.569378, "source": 462, "target": 569}, {"weight": -11.46789, "source": 462, "target": 574}, {"weight": -11.13586, "source": 462, "target": 575}, {"weight": -7.385525, "source": 463, "target": 529}, {"weight": -16.12903, "source": 463, "target": 581}, {"weight": -21.97802, "source": 464, "target": 465}, {"weight": -10.64963, "source": 464, "target": 466}, {"weight": -7.716049, "source": 465, "target": 475}, {"weight": -4.595588, "source": 466, "target": 476}, {"weight": -8.025682, "source": 466, "target": 497}, {"weight": -12.64223, "source": 466, "target": 574}, {"weight": -14.30615, "source": 467, "target": 468}, {"weight": -14.61988, "source": 467, "target": 469}, {"weight": -24.93765, "source": 468, "target": 550}, {"weight": -43.29004, "source": 468, "target": 558}, {"weight": -7.457121, "source": 468, "target": 541}, {"weight": -8.912656, "source": 469, "target": 506}, {"weight": -6.94927, "source": 469, "target": 548}, {"weight": -8.169934, "source": 469, "target": 570}, {"weight": -33.44482, "source": 469, "target": 509}, {"weight": -46.94836, "source": 470, "target": 471}, {"weight": -13.49528, "source": 470, "target": 472}, {"weight": -7.097232, "source": 471, "target": 514}, {"weight": -14.77105, "source": 472, "target": 562}, {"weight": -8.62069, "source": 473, "target": 474}, {"weight": -10.12146, "source": 473, "target": 475}, {"weight": -25.97403, "source": 474, "target": 538}, {"weight": -18.18182, "source": 474, "target": 545}, {"weight": -44.24779, "source": 474, "target": 579}, {"weight": -28.08989, "source": 474, "target": 494}, {"weight": -57.47126, "source": 474, "target": 576}, {"weight": -15.69859, "source": 474, "target": 590}, {"weight": -10.01001, "source": 475, "target": 584}, {"weight": -13.08901, "source": 476, "target": 477}, {"weight": -11.7096, "source": 476, "target": 478}, {"weight": -9.960159, "source": 477, "target": 588}, {"weight": -7.980845, "source": 478, "target": 557}, {"weight": -12.43781, "source": 479, "target": 480}, {"weight": -6.518905, "source": 479, "target": 481}, {"weight": -12.2549, "source": 480, "target": 542}, {"weight": -15.2439, "source": 481, "target": 548}, {"weight": -59.1716, "source": 481, "target": 567}, {"weight": -96.15385, "source": 482, "target": 486}, {"weight": -15.4321, "source": 482, "target": 487}, {"weight": -17.0068, "source": 482, "target": 488}, {"weight": -27.39726, "source": 482, "target": 489}, {"weight": -9.803922, "source": 482, "target": 490}, {"weight": -7.490637, "source": 482, "target": 491}, {"weight": -55.55556, "source": 483, "target": 578}, {"weight": -140.8451, "source": 483, "target": 485}, {"weight": -158.7302, "source": 484, "target": 586}, {"weight": -20.83333, "source": 484, "target": 587}, {"weight": -55.09642, "source": 485, "target": 578}, {"weight": -52.63158, "source": 485, "target": 508}, {"weight": -8.058018, "source": 486, "target": 505}, {"weight": -29.5858, "source": 487, "target": 580}, {"weight": -11.36364, "source": 488, "target": 499}, {"weight": -166.6667, "source": 488, "target": 552}, {"weight": -22.17295, "source": 488, "target": 489}, {"weight": -27.54821, "source": 488, "target": 583}, {"weight": -25.05379, "source": 488, "target": 491}, {"weight": -9.67118, "source": 490, "target": 502}, {"weight": -8.319468, "source": 491, "target": 504}, {"weight": -102.0408, "source": 491, "target": 568}, {"weight": -10.68376, "source": 491, "target": 573}, {"weight": -31.44654, "source": 491, "target": 524}, {"weight": -8.718396, "source": 491, "target": 566}, {"weight": -7.861635, "source": 492, "target": 510}, {"weight": -8.643043, "source": 492, "target": 526}, {"weight": -21.55172, "source": 492, "target": 513}, {"weight": -33.55705, "source": 493, "target": 494}, {"weight": -188.6792, "source": 493, "target": 495}, {"weight": -5.913661, "source": 495, "target": 533}, {"weight": -12.03369, "source": 495, "target": 554}, {"weight": -8.865248, "source": 496, "target": 497}, {"weight": -11.8624, "source": 496, "target": 498}, {"weight": -16.23377, "source": 498, "target": 537}, {"weight": -6.43915, "source": 499, "target": 500}, {"weight": -51.81347, "source": 500, "target": 509}, {"weight": -21.73913, "source": 501, "target": 502}, {"weight": -23.58491, "source": 501, "target": 503}, {"weight": -21.59827, "source": 502, "target": 506}, {"weight": -13.90821, "source": 503, "target": 548}, {"weight": -8.525149, "source": 505, "target": 506}, {"weight": -16.6113, "source": 505, "target": 507}, {"weight": -27.10027, "source": 505, "target": 508}, {"weight": -75.18797, "source": 505, "target": 509}, {"weight": -5.906674, "source": 506, "target": 507}, {"weight": -12.30012, "source": 506, "target": 508}, {"weight": -10.11122, "source": 507, "target": 522}, {"weight": -6.839945, "source": 508, "target": 548}, {"weight": -40.32258, "source": 508, "target": 509}, {"weight": -5.945303, "source": 509, "target": 548}, {"weight": -19.19386, "source": 510, "target": 511}, {"weight": -6.570302, "source": 510, "target": 512}, {"weight": -11.23596, "source": 510, "target": 513}, {"weight": -35.97123, "source": 511, "target": 525}, {"weight": -53.19149, "source": 514, "target": 535}, {"weight": -13.98601, "source": 514, "target": 579}, {"weight": -5.405406, "source": 514, "target": 591}, {"weight": -29.85075, "source": 514, "target": 592}, {"weight": -8.525149, "source": 515, "target": 516}, {"weight": -39.0625, "source": 515, "target": 517}, {"weight": -11.58749, "source": 516, "target": 520}, {"weight": -7.178751, "source": 516, "target": 553}, {"weight": -6.257823, "source": 516, "target": 554}, {"weight": -15.72327, "source": 516, "target": 546}, {"weight": -196.0784, "source": 516, "target": 555}, {"weight": -24.15459, "source": 517, "target": 533}, {"weight": -26.45503, "source": 518, "target": 519}, {"weight": -40.32258, "source": 519, "target": 569}, {"weight": -12.82051, "source": 520, "target": 521}, {"weight": -8.403361, "source": 520, "target": 522}, {"weight": -19.64636, "source": 522, "target": 570}, {"weight": -6.468306, "source": 523, "target": 524}, {"weight": -73.52941, "source": 523, "target": 525}, {"weight": -6.844627, "source": 523, "target": 526}, {"weight": -12.54705, "source": 523, "target": 527}, {"weight": -10.28807, "source": 523, "target": 528}, {"weight": -96.15385, "source": 527, "target": 573}, {"weight": -28.49003, "source": 528, "target": 553}, {"weight": -9.11577, "source": 529, "target": 530}, {"weight": -7.209805, "source": 529, "target": 531}, {"weight": -21.88184, "source": 530, "target": 542}, {"weight": -8.064516, "source": 531, "target": 542}, {"weight": -57.47126, "source": 532, "target": 533}, {"weight": -123.4568, "source": 532, "target": 534}, {"weight": -8.680555, "source": 533, "target": 543}, {"weight": -88.88889, "source": 533, "target": 565}, {"weight": -20.20202, "source": 534, "target": 564}, {"weight": -7.027407, "source": 534, "target": 545}, {"weight": -106.383, "source": 535, "target": 536}, {"weight": -30.30303, "source": 535, "target": 537}, {"weight": -52.91005, "source": 535, "target": 538}, {"weight": -9.960159, "source": 535, "target": 539}, {"weight": -21.09705, "source": 540, "target": 541}, {"weight": -7.315289, "source": 540, "target": 542}, {"weight": -31.94888, "source": 543, "target": 544}, {"weight": -10.1626, "source": 543, "target": 545}, {"weight": -14.04494, "source": 543, "target": 546}, {"weight": -122.0647, "source": 543, "target": 547}, {"weight": -312.5, "source": 544, "target": 576}, {"weight": -15.2207, "source": 545, "target": 556}, {"weight": -11.80637, "source": 548, "target": 549}, {"weight": -8.726004, "source": 548, "target": 550}, {"weight": -39.50704, "source": 548, "target": 551}, {"weight": -185.1852, "source": 549, "target": 567}, {"weight": -11.75088, "source": 553, "target": 566}, {"weight": -6.613757, "source": 553, "target": 560}, {"weight": -3.705076, "source": 556, "target": 557}, {"weight": -48.30918, "source": 559, "target": 560}, {"weight": -27.77778, "source": 559, "target": 561}, {"weight": -46.51163, "source": 561, "target": 572}, {"weight": -41.15226, "source": 562, "target": 570}, {"weight": -42.19409, "source": 563, "target": 564}, {"weight": -26.95418, "source": 563, "target": 565}, {"weight": -64.51613, "source": 564, "target": 571}, {"weight": -16.36661, "source": 564, "target": 565}, {"weight": -9.165903, "source": 564, "target": 577}, {"weight": -6.613757, "source": 565, "target": 590}, {"weight": -40.0, "source": 571, "target": 572}, {"weight": -14.04494, "source": 575, "target": 589}, {"weight": -8.55432, "source": 577, "target": 590}, {"weight": -76.92307, "source": 580, "target": 583}, {"weight": -2000.0, "source": 581, "target": 582}, {"weight": -250.0, "source": 584, "target": 585}, {"weight": -102.0408, "source": 586, "target": 656}, {"weight": -92.5926, "source": 587, "target": 656}, {"weight": -200.0, "source": 587, "target": 659}, {"weight": -21.54708, "source": 587, "target": 658}, {"weight": -22.72727, "source": 587, "target": 661}, {"weight": -5.411255, "source": 588, "target": 589}, {"weight": -8.77193, "source": 590, "target": 592}, {"weight": -182.9268, "source": 593, "target": 594}, {"weight": -13.1579, "source": 593, "target": 595}, {"weight": -47.39337, "source": 594, "target": 602}, {"weight": -29.76191, "source": 594, "target": 598}, {"weight": -26.45503, "source": 594, "target": 603}, {"weight": -66.22517, "source": 594, "target": 604}, {"weight": -29.45971, "source": 595, "target": 608}, {"weight": -68.72852, "source": 595, "target": 597}, {"weight": -37.73585, "source": 595, "target": 611}, {"weight": -99.50249, "source": 595, "target": 598}, {"weight": -149.7006, "source": 595, "target": 649}, {"weight": -119.4743, "source": 595, "target": 603}, {"weight": -161.2903, "source": 596, "target": 597}, {"weight": -207.4689, "source": 596, "target": 598}, {"weight": -107.5269, "source": 597, "target": 603}, {"weight": -85.47009, "source": 597, "target": 616}, {"weight": -6.618134, "source": 599, "target": 600}, {"weight": -11.0011, "source": 599, "target": 601}, {"weight": -17.0068, "source": 600, "target": 618}, {"weight": -2.96824, "source": 600, "target": 619}, {"weight": -7.968128, "source": 600, "target": 622}, {"weight": -8.810573, "source": 600, "target": 624}, {"weight": -12.93661, "source": 600, "target": 601}, {"weight": -22.59887, "source": 601, "target": 607}, {"weight": -5.854801, "source": 601, "target": 622}, {"weight": -12.0048, "source": 601, "target": 646}, {"weight": -54.94505, "source": 601, "target": 653}, {"weight": -142.8571, "source": 602, "target": 605}, {"weight": -142.8571, "source": 604, "target": 650}, {"weight": -0.7462742, "source": 605, "target": 659}, {"weight": -1.666667, "source": 605, "target": 655}, {"weight": -0.7462742, "source": 605, "target": 661}, {"weight": -363.6364, "source": 605, "target": 650}, {"weight": -1.406489, "source": 605, "target": 647}, {"weight": -83.19467, "source": 606, "target": 607}, {"weight": -28.40909, "source": 607, "target": 622}, {"weight": -73.80074, "source": 608, "target": 609}, {"weight": -18.58736, "source": 608, "target": 610}, {"weight": -24.69136, "source": 608, "target": 611}, {"weight": -18.48429, "source": 608, "target": 612}, {"weight": -271.7391, "source": 608, "target": 613}, {"weight": -35.58719, "source": 609, "target": 614}, {"weight": -2.725538, "source": 609, "target": 615}, {"weight": -35.08772, "source": 610, "target": 612}, {"weight": -27.10027, "source": 610, "target": 617}, {"weight": -29.76191, "source": 611, "target": 631}, {"weight": -106.383, "source": 612, "target": 644}, {"weight": -2.923977, "source": 614, "target": 642}, {"weight": -4.266212, "source": 615, "target": 642}, {"weight": -132.8306, "source": 616, "target": 619}, {"weight": -149.2537, "source": 616, "target": 643}, {"weight": -588.2353, "source": 616, "target": 648}, {"weight": -11.28677, "source": 616, "target": 630}, {"weight": -154.321, "source": 617, "target": 645}, {"weight": -254.4529, "source": 617, "target": 641}, {"weight": -3.299241, "source": 618, "target": 619}, {"weight": -4.411116, "source": 618, "target": 620}, {"weight": -19.84127, "source": 618, "target": 621}, {"weight": -11.96172, "source": 619, "target": 620}, {"weight": -8.142559, "source": 619, "target": 622}, {"weight": -224.7191, "source": 619, "target": 623}, {"weight": -8.810573, "source": 619, "target": 624}, {"weight": -2.863688, "source": 619, "target": 621}, {"weight": -103.0928, "source": 625, "target": 626}, {"weight": -106.383, "source": 625, "target": 627}, {"weight": -120.4819, "source": 626, "target": 636}, {"weight": -10.44932, "source": 628, "target": 629}, {"weight": -25.6116, "source": 628, "target": 630}, {"weight": -34.81001, "source": 629, "target": 640}, {"weight": -16.05136, "source": 630, "target": 634}, {"weight": -34.18803, "source": 631, "target": 634}, {"weight": -26.21919, "source": 631, "target": 633}, {"weight": -40.86637, "source": 632, "target": 633}, {"weight": -5.030181, "source": 634, "target": 635}, {"weight": -49.01961, "source": 635, "target": 637}, {"weight": -17.68417, "source": 635, "target": 640}, {"weight": -8.237288, "source": 636, "target": 642}, {"weight": -58.13953, "source": 636, "target": 645}, {"weight": -19.44012, "source": 637, "target": 638}, {"weight": -30.65604, "source": 637, "target": 639}, {"weight": -64.93507, "source": 638, "target": 643}, {"weight": -40.8998, "source": 639, "target": 651}, {"weight": -142.8571, "source": 646, "target": 647}, {"weight": -0.4, "source": 647, "target": 655}, {"weight": -0.5464481, "source": 647, "target": 657}, {"weight": -3.585643, "source": 647, "target": 650}, {"weight": -0.8772007, "source": 650, "target": 659}, {"weight": -0.7462742, "source": 650, "target": 655}, {"weight": -0.9901088, "source": 650, "target": 657}, {"weight": -81.03728, "source": 651, "target": 652}, {"weight": -48.47826, "source": 655, "target": 660}, {"weight": -2.5, "source": 655, "target": 661}, {"weight": -83.33334, "source": 656, "target": 657}, {"weight": -15.87302, "source": 656, "target": 658}, {"weight": -296.4912, "source": 657, "target": 659}, {"weight": -1.00001, "source": 657, "target": 660}, {"weight": -21.42857, "source": 657, "target": 661}, {"weight": -14.70588, "source": 658, "target": 660}, {"weight": -34.48276, "source": 658, "target": 661}, {"weight": -2.5, "source": 659, "target": 660}, {"weight": -10.0, "source": 659, "target": 661}, {"weight": -5.0, "source": 660, "target": 661}]}