{"directed": false, "multigraph": false, "graph": {}, "nodes": [{"x": 9350.0, "y": 8114.0, "id": 9449}, {"x": 9241.0, "y": 8094.0, "id": 9450}, {"x": 9284.0, "y": 8028.0, "id": 9451}, {"x": 9316.0, "y": 8025.0, "id": 9452}, {"x": 9137.0, "y": 8082.0, "id": 9453}, {"x": 9369.0, "y": 8218.0, "id": 9454}, {"x": 9436.0, "y": 8176.0, "id": 9455}, {"x": 9413.0, "y": 8028.0, "id": 9456}, {"x": 9290.0, "y": 8200.0, "id": 9457}, {"x": 9456.0, "y": 8103.0, "id": 9458}], "links": [{"source": 9449, "target": 9450}, {"source": 9449, "target": 9451}, {"source": 9449, "target": 9452}, {"source": 9449, "target": 9454}, {"source": 9449, "target": 9455}, {"source": 9449, "target": 9456}, {"source": 9449, "target": 9457}, {"source": 9449, "target": 9458}, {"source": 9450, "target": 9453}, {"source": 9450, "target": 9452}, {"source": 9450, "target": 9451}, {"source": 9456, "target": 9458}]}