{"directed": false, "multigraph": false, "graph": {}, "nodes": [{"x": 5416.0, "y": 5640.0, "id": 789}, {"x": 5490.0, "y": 5588.0, "id": 790}, {"x": 5620.0, "y": 5724.0, "id": 791}, {"x": 5679.0, "y": 5647.0, "id": 792}, {"x": 5338.0, "y": 5704.0, "id": 793}, {"x": 5309.0, "y": 5603.0, "id": 794}, {"x": 5515.0, "y": 5699.0, "id": 797}, {"x": 5697.0, "y": 5780.0, "id": 798}, {"x": 5317.0, "y": 5507.0, "id": 799}, {"x": 5416.0, "y": 5526.0, "id": 800}, {"x": 5321.0, "y": 5794.0, "id": 801}, {"x": 5444.0, "y": 5418.0, "id": 802}, {"x": 5362.0, "y": 5571.0, "id": 803}, {"x": 5417.0, "y": 5328.0, "id": 804}, {"x": 5204.0, "y": 5660.0, "id": 805}, {"x": 5104.0, "y": 5689.0, "id": 806}, {"x": 5630.0, "y": 5558.0, "id": 807}, {"x": 5536.0, "y": 5504.0, "id": 808}, {"x": 5392.0, "y": 5420.0, "id": 809}, {"x": 5609.0, "y": 5435.0, "id": 810}, {"x": 5009.0, "y": 5701.0, "id": 811}, {"x": 5212.0, "y": 5594.0, "id": 812}, {"x": 5224.0, "y": 5536.0, "id": 813}], "links": [{"source": 789, "target": 790}, {"source": 789, "target": 794}, {"source": 789, "target": 800}, {"source": 789, "target": 797}, {"source": 789, "target": 803}, {"source": 789, "target": 793}, {"source": 790, "target": 800}, {"source": 791, "target": 797}, {"source": 791, "target": 792}, {"source": 791, "target": 798}, {"source": 792, "target": 807}, {"source": 793, "target": 794}, {"source": 793, "target": 801}, {"source": 794, "target": 799}, {"source": 794, "target": 800}, {"source": 794, "target": 803}, {"source": 794, "target": 812}, {"source": 794, "target": 805}, {"source": 794, "target": 813}, {"source": 799, "target": 800}, {"source": 800, "target": 802}, {"source": 800, "target": 803}, {"source": 800, "target": 808}, {"source": 800, "target": 809}, {"source": 802, "target": 804}, {"source": 804, "target": 809}, {"source": 805, "target": 806}, {"source": 806, "target": 811}, {"source": 807, "target": 808}, {"source": 808, "target": 810}], "similarity": "0.7581753965757456"}