{"directed": false, "multigraph": false, "graph": {}, "nodes": [{"x": 6353.0, "y": 6091.0, "id": 1996}, {"x": 6443.0, "y": 6021.0, "id": 1997}, {"x": 6558.0, "y": 6069.0, "id": 1998}, {"x": 6674.0, "y": 6101.0, "id": 1999}, {"x": 6532.0, "y": 5970.0, "id": 2000}, {"x": 6575.0, "y": 5882.0, "id": 2001}, {"x": 6779.0, "y": 6122.0, "id": 2002}, {"x": 6548.0, "y": 6161.0, "id": 2003}, {"x": 6524.0, "y": 6063.0, "id": 2004}, {"x": 6397.0, "y": 6116.0, "id": 2005}, {"x": 6321.0, "y": 5854.0, "id": 2006}, {"x": 6382.0, "y": 5927.0, "id": 2007}, {"x": 6344.0, "y": 6029.0, "id": 2008}, {"x": 6438.0, "y": 6087.0, "id": 2009}, {"x": 6373.0, "y": 6195.0, "id": 2010}, {"x": 6478.0, "y": 6155.0, "id": 2011}, {"x": 6301.0, "y": 6260.0, "id": 2012}, {"x": 6649.0, "y": 6018.0, "id": 2013}, {"x": 6870.0, "y": 6104.0, "id": 2014}, {"x": 6457.0, "y": 6208.0, "id": 2015}], "links": [{"source": 1996, "target": 1997}, {"source": 1996, "target": 2010}, {"source": 1997, "target": 2005}, {"source": 1997, "target": 2004}, {"source": 1997, "target": 2000}, {"source": 1997, "target": 2008}, {"source": 1997, "target": 2007}, {"source": 1997, "target": 2009}, {"source": 1997, "target": 1998}, {"source": 1998, "target": 2000}, {"source": 1998, "target": 1999}, {"source": 1998, "target": 2011}, {"source": 1998, "target": 2013}, {"source": 1998, "target": 2003}, {"source": 1999, "target": 2002}, {"source": 2000, "target": 2004}, {"source": 2000, "target": 2001}, {"source": 2002, "target": 2014}, {"source": 2003, "target": 2004}, {"source": 2003, "target": 2015}, {"source": 2004, "target": 2009}, {"source": 2005, "target": 2010}, {"source": 2005, "target": 2008}, {"source": 2005, "target": 2015}, {"source": 2006, "target": 2007}, {"source": 2010, "target": 2011}, {"source": 2010, "target": 2012}], "similarity": "0.7529687174283256"}