{"directed": false, "multigraph": false, "graph": {}, "nodes": [{"x": 117.0, "y": 8100.0, "id": 11348}, {"x": 55.0, "y": 8015.0, "id": 11349}, {"x": 288.0, "y": 8176.0, "id": 11350}, {"x": 191.0, "y": 8163.0, "id": 11351}, {"x": 231.0, "y": 8078.0, "id": 11352}, {"x": 181.0, "y": 8019.0, "id": 11353}, {"x": 129.0, "y": 8039.0, "id": 11354}, {"x": 400.0, "y": 8141.0, "id": 11355}, {"x": 239.0, "y": 8270.0, "id": 11359}, {"x": 493.0, "y": 8070.0, "id": 11360}, {"x": 619.0, "y": 8045.0, "id": 11361}, {"x": 297.0, "y": 8278.0, "id": 11362}, {"x": 362.0, "y": 8064.0, "id": 11363}, {"x": 153.0, "y": 7990.0, "id": 11364}, {"x": 528.0, "y": 7964.0, "id": 11365}, {"x": 477.0, "y": 7969.0, "id": 11366}, {"x": 557.0, "y": 8166.0, "id": 11367}, {"x": 621.0, "y": 8242.0, "id": 11368}, {"x": 15.0, "y": 8122.0, "id": 11369}, {"x": 555.0, "y": 8008.0, "id": 11370}, {"x": 592.0, "y": 8095.0, "id": 11371}, {"x": 724.0, "y": 8010.0, "id": 11372}, {"x": 813.0, "y": 7982.0, "id": 11373}], "links": [{"source": 11348, "target": 11349}, {"source": 11348, "target": 11352}, {"source": 11348, "target": 11354}, {"source": 11348, "target": 11369}, {"source": 11348, "target": 11351}, {"source": 11348, "target": 11353}, {"source": 11349, "target": 11354}, {"source": 11349, "target": 11364}, {"source": 11350, "target": 11352}, {"source": 11350, "target": 11351}, {"source": 11350, "target": 11355}, {"source": 11350, "target": 11359}, {"source": 11350, "target": 11362}, {"source": 11351, "target": 11352}, {"source": 11352, "target": 11353}, {"source": 11352, "target": 11354}, {"source": 11352, "target": 11363}, {"source": 11352, "target": 11364}, {"source": 11353, "target": 11354}, {"source": 11355, "target": 11360}, {"source": 11360, "target": 11363}, {"source": 11360, "target": 11361}, {"source": 11360, "target": 11365}, {"source": 11360, "target": 11366}, {"source": 11360, "target": 11370}, {"source": 11360, "target": 11371}, {"source": 11360, "target": 11367}, {"source": 11361, "target": 11370}, {"source": 11361, "target": 11372}, {"source": 11366, "target": 11370}, {"source": 11367, "target": 11368}, {"source": 11370, "target": 11371}, {"source": 11372, "target": 11373}], "similarity": "0.7182163150854798"}