{"directed": false, "multigraph": false, "graph": {}, "nodes": [{"x": 6071.0, "y": 2055.0, "id": 1280}, {"x": 6270.0, "y": 1923.0, "id": 1281}, {"x": 6224.0, "y": 2009.0, "id": 1282}, {"x": 5895.0, "y": 2271.0, "id": 1283}, {"x": 6246.0, "y": 1861.0, "id": 1284}, {"x": 6064.0, "y": 1838.0, "id": 1285}, {"x": 6193.0, "y": 1827.0, "id": 1286}, {"x": 6029.0, "y": 1945.0, "id": 1287}, {"x": 6078.0, "y": 2172.0, "id": 1288}, {"x": 6043.0, "y": 1745.0, "id": 1289}, {"x": 5854.0, "y": 1596.0, "id": 1290}, {"x": 6074.0, "y": 2269.0, "id": 1291}, {"x": 6075.0, "y": 1967.0, "id": 1292}, {"x": 6284.0, "y": 2076.0, "id": 1293}, {"x": 6100.0, "y": 1736.0, "id": 1294}, {"x": 6125.0, "y": 2043.0, "id": 1272}, {"x": 6207.0, "y": 2105.0, "id": 1273}, {"x": 5907.0, "y": 1670.0, "id": 1274}, {"x": 5970.0, "y": 1756.0, "id": 1275}, {"x": 6161.0, "y": 1926.0, "id": 1276}, {"x": 6186.0, "y": 2033.0, "id": 1277}, {"x": 5953.0, "y": 2196.0, "id": 1278}, {"x": 6023.0, "y": 2116.0, "id": 1279}], "links": [{"source": 1280, "target": 1272}, {"source": 1280, "target": 1277}, {"source": 1280, "target": 1279}, {"source": 1280, "target": 1287}, {"source": 1280, "target": 1292}, {"source": 1280, "target": 1288}, {"source": 1281, "target": 1276}, {"source": 1282, "target": 1272}, {"source": 1282, "target": 1273}, {"source": 1282, "target": 1276}, {"source": 1283, "target": 1278}, {"source": 1284, "target": 1276}, {"source": 1285, "target": 1276}, {"source": 1285, "target": 1275}, {"source": 1285, "target": 1289}, {"source": 1285, "target": 1287}, {"source": 1285, "target": 1294}, {"source": 1286, "target": 1276}, {"source": 1288, "target": 1279}, {"source": 1288, "target": 1291}, {"source": 1289, "target": 1275}, {"source": 1290, "target": 1274}, {"source": 1292, "target": 1276}, {"source": 1293, "target": 1277}, {"source": 1272, "target": 1273}, {"source": 1272, "target": 1276}, {"source": 1272, "target": 1279}, {"source": 1272, "target": 1277}, {"source": 1274, "target": 1275}, {"source": 1276, "target": 1277}, {"source": 1278, "target": 1279}], "similarity": "0.7666666666666667"}