{"directed": false, "multigraph": false, "graph": {}, "nodes": [{"x": 1877.0, "y": 6995.0, "id": 320}, {"x": 2002.0, "y": 6992.0, "id": 321}, {"x": 1753.0, "y": 6957.0, "id": 322}, {"x": 1684.0, "y": 6871.0, "id": 323}, {"x": 1955.0, "y": 6925.0, "id": 324}, {"x": 1654.0, "y": 6949.0, "id": 325}, {"x": 2062.0, "y": 7083.0, "id": 326}, {"x": 1757.0, "y": 6817.0, "id": 327}, {"x": 1841.0, "y": 6877.0, "id": 328}, {"x": 1856.0, "y": 6775.0, "id": 329}, {"x": 2085.0, "y": 7030.0, "id": 330}, {"x": 1983.0, "y": 7026.0, "id": 331}, {"x": 1811.0, "y": 7072.0, "id": 332}, {"x": 1767.0, "y": 7048.0, "id": 333}, {"x": 1913.0, "y": 6894.0, "id": 334}, {"x": 1850.0, "y": 7102.0, "id": 335}, {"x": 1817.0, "y": 6942.0, "id": 336}, {"x": 2158.0, "y": 7078.0, "id": 340}, {"x": 1683.0, "y": 7116.0, "id": 341}, {"x": 1609.0, "y": 6821.0, "id": 342}, {"x": 1962.0, "y": 7068.0, "id": 343}, {"x": 2082.0, "y": 6923.0, "id": 344}, {"x": 1611.0, "y": 7170.0, "id": 345}, {"x": 2122.0, "y": 7155.0, "id": 346}, {"x": 1900.0, "y": 7097.0, "id": 347}], "links": [{"source": 320, "target": 321}, {"source": 320, "target": 324}, {"source": 320, "target": 322}, {"source": 320, "target": 332}, {"source": 320, "target": 333}, {"source": 320, "target": 334}, {"source": 320, "target": 335}, {"source": 320, "target": 331}, {"source": 320, "target": 336}, {"source": 320, "target": 328}, {"source": 320, "target": 343}, {"source": 320, "target": 347}, {"source": 321, "target": 326}, {"source": 321, "target": 324}, {"source": 321, "target": 344}, {"source": 322, "target": 323}, {"source": 322, "target": 325}, {"source": 322, "target": 333}, {"source": 322, "target": 336}, {"source": 323, "target": 325}, {"source": 323, "target": 327}, {"source": 323, "target": 342}, {"source": 326, "target": 343}, {"source": 326, "target": 340}, {"source": 326, "target": 346}, {"source": 327, "target": 328}, {"source": 328, "target": 329}, {"source": 330, "target": 331}, {"source": 330, "target": 340}, {"source": 333, "target": 341}, {"source": 341, "target": 345}], "similarity": "0.7123956116565482"}