{"directed": false, "multigraph": false, "graph": {}, "nodes": [{"x": 7115.0, "y": 6875.0, "id": 1127}, {"x": 7049.0, "y": 6803.0, "id": 1128}, {"x": 7213.0, "y": 6904.0, "id": 1131}, {"x": 7063.0, "y": 7068.0, "id": 1132}, {"x": 7131.0, "y": 6979.0, "id": 1133}, {"x": 7419.0, "y": 6989.0, "id": 1134}, {"x": 7495.0, "y": 7048.0, "id": 1135}, {"x": 7032.0, "y": 7000.0, "id": 1136}, {"x": 7300.0, "y": 6870.0, "id": 1137}, {"x": 7227.0, "y": 6939.0, "id": 1138}, {"x": 7227.0, "y": 7023.0, "id": 1139}, {"x": 7311.0, "y": 6965.0, "id": 1140}, {"x": 7155.0, "y": 7079.0, "id": 1141}, {"x": 7233.0, "y": 6803.0, "id": 1142}, {"x": 7505.0, "y": 6947.0, "id": 1143}, {"x": 7042.0, "y": 6924.0, "id": 1144}, {"x": 7000.0, "y": 7142.0, "id": 1145}], "links": [{"source": 1127, "target": 1128}, {"source": 1127, "target": 1131}, {"source": 1127, "target": 1144}, {"source": 1127, "target": 1133}, {"source": 1131, "target": 1133}, {"source": 1131, "target": 1140}, {"source": 1131, "target": 1142}, {"source": 1132, "target": 1133}, {"source": 1132, "target": 1145}, {"source": 1133, "target": 1144}, {"source": 1133, "target": 1136}, {"source": 1133, "target": 1141}, {"source": 1133, "target": 1139}, {"source": 1133, "target": 1138}, {"source": 1134, "target": 1140}, {"source": 1134, "target": 1135}, {"source": 1134, "target": 1143}, {"source": 1137, "target": 1138}, {"source": 1138, "target": 1139}, {"source": 1139, "target": 1140}, {"source": 1139, "target": 1141}], "similarity": "0.7072326793058016"}