{"directed": false, "multigraph": false, "graph": {}, "nodes": [{"x": 3934.0, "y": 9067.0, "id": 9488}, {"x": 4035.0, "y": 9034.0, "id": 9489}, {"x": 3838.0, "y": 9109.0, "id": 9490}, {"x": 3838.0, "y": 9019.0, "id": 9491}, {"x": 3979.0, "y": 9164.0, "id": 9492}, {"x": 4031.0, "y": 9112.0, "id": 9493}, {"x": 3978.0, "y": 8972.0, "id": 9494}, {"x": 3892.0, "y": 9166.0, "id": 9495}, {"x": 3888.0, "y": 8970.0, "id": 9496}, {"x": 3797.0, "y": 8929.0, "id": 9497}], "links": [{"source": 9488, "target": 9489}, {"source": 9488, "target": 9490}, {"source": 9488, "target": 9491}, {"source": 9488, "target": 9492}, {"source": 9488, "target": 9493}, {"source": 9488, "target": 9494}, {"source": 9488, "target": 9495}, {"source": 9488, "target": 9496}, {"source": 9490, "target": 9491}, {"source": 9491, "target": 9497}, {"source": 9492, "target": 9495}, {"source": 9494, "target": 9496}, {"source": 9496, "target": 9497}], "similarity": "0.7359800721939873"}