{"directed": false, "multigraph": false, "graph": {}, "nodes": [{"x": 5629.0, "y": 9306.0, "id": 9558}, {"x": 5539.0, "y": 9252.0, "id": 9559}, {"x": 5595.0, "y": 9405.0, "id": 9560}, {"x": 5678.0, "y": 9402.0, "id": 9561}, {"x": 5728.0, "y": 9337.0, "id": 9562}, {"x": 5677.0, "y": 9213.0, "id": 9563}, {"x": 5525.0, "y": 9351.0, "id": 9564}, {"x": 5727.0, "y": 9266.0, "id": 9565}, {"x": 5601.0, "y": 9204.0, "id": 9566}, {"x": 5432.0, "y": 9394.0, "id": 9567}], "links": [{"source": 9558, "target": 9559}, {"source": 9558, "target": 9560}, {"source": 9558, "target": 9561}, {"source": 9558, "target": 9562}, {"source": 9558, "target": 9563}, {"source": 9558, "target": 9564}, {"source": 9558, "target": 9565}, {"source": 9558, "target": 9566}, {"source": 9560, "target": 9561}, {"source": 9561, "target": 9562}, {"source": 9564, "target": 9567}], "similarity": "0.7905694150420948"}