{"directed": false, "multigraph": false, "graph": {}, "nodes": [{"x": 4390.0, "y": 9272.0, "id": 9472}, {"x": 4261.0, "y": 9204.0, "id": 9473}, {"x": 4199.0, "y": 9251.0, "id": 9474}, {"x": 4381.0, "y": 9356.0, "id": 9475}, {"x": 4332.0, "y": 9210.0, "id": 9476}, {"x": 4088.0, "y": 9395.0, "id": 9477}, {"x": 4288.0, "y": 9307.0, "id": 9468}, {"x": 4182.0, "y": 9351.0, "id": 9469}, {"x": 4332.0, "y": 9402.0, "id": 9470}, {"x": 4254.0, "y": 9405.0, "id": 9471}], "links": [{"source": 9472, "target": 9468}, {"source": 9472, "target": 9476}, {"source": 9472, "target": 9475}, {"source": 9473, "target": 9468}, {"source": 9474, "target": 9468}, {"source": 9475, "target": 9468}, {"source": 9476, "target": 9468}, {"source": 9477, "target": 9469}, {"source": 9468, "target": 9469}, {"source": 9468, "target": 9470}, {"source": 9468, "target": 9471}, {"source": 9469, "target": 9471}], "similarity": "0.7171087882915773"}