{"directed": false, "multigraph": false, "graph": {}, "nodes": [{"x": 8966.0, "y": 23303.0, "id": 29696}, {"x": 8410.0, "y": 23049.0, "id": 29698}, {"x": 8506.0, "y": 23096.0, "id": 29699}, {"x": 8740.0, "y": 23129.0, "id": 29700}, {"x": 8569.0, "y": 23287.0, "id": 29701}, {"x": 8622.0, "y": 23100.0, "id": 29703}, {"x": 8707.0, "y": 23227.0, "id": 29704}, {"x": 8946.0, "y": 23084.0, "id": 29705}, {"x": 8881.0, "y": 23252.0, "id": 29707}, {"x": 8786.0, "y": 23308.0, "id": 29708}, {"x": 8565.0, "y": 23185.0, "id": 29709}, {"x": 8796.0, "y": 23213.0, "id": 29710}, {"x": 8497.0, "y": 23203.0, "id": 29712}, {"x": 8571.0, "y": 23369.0, "id": 29713}, {"x": 8671.0, "y": 23322.0, "id": 29714}, {"x": 9025.0, "y": 23043.0, "id": 29716}, {"x": 8857.0, "y": 23144.0, "id": 29719}, {"x": 8329.0, "y": 23010.0, "id": 29720}, {"x": 8616.0, "y": 23387.0, "id": 29721}, {"x": 8620.0, "y": 23003.0, "id": 29724}], "links": [{"weight": 1, "source": 29696, "target": 29707}, {"weight": 1, "source": 29698, "target": 29699}, {"weight": 1, "source": 29698, "target": 29720}, {"weight": 4, "source": 29699, "target": 29703}, {"weight": 2, "source": 29699, "target": 29712}, {"weight": 38, "source": 29700, "target": 29704}, {"weight": 4, "source": 29700, "target": 29710}, {"weight": 1, "source": 29700, "target": 29719}, {"weight": 4, "source": 29700, "target": 29703}, {"weight": 12, "source": 29701, "target": 29712}, {"weight": 13, "source": 29701, "target": 29709}, {"weight": 1, "source": 29701, "target": 29713}, {"weight": 4, "source": 29701, "target": 29721}, {"weight": 1, "source": 29701, "target": 29714}, {"weight": 2, "source": 29703, "target": 29724}, {"weight": 1, "source": 29703, "target": 29709}, {"weight": 1, "source": 29704, "target": 29710}, {"weight": 1, "source": 29704, "target": 29714}, {"weight": 3, "source": 29705, "target": 29716}, {"weight": 1, "source": 29705, "target": 29719}, {"weight": 9, "source": 29707, "target": 29719}, {"weight": 1, "source": 29707, "target": 29708}, {"weight": 1, "source": 29708, "target": 29714}, {"weight": 15, "source": 29708, "target": 29710}, {"weight": 3, "source": 29713, "target": 29721}, {"weight": 1, "source": 29713, "target": 29714}, {"weight": 5, "source": 29714, "target": 29721}]}