{"directed": false, "multigraph": false, "graph": {}, "nodes": [{"x": 19362.0, "y": 23342.0, "id": 29726}, {"x": 19209.0, "y": 23290.0, "id": 29727}, {"x": 19899.0, "y": 23051.0, "id": 29729}, {"x": 19809.0, "y": 23106.0, "id": 29730}, {"x": 19573.0, "y": 23124.0, "id": 29731}, {"x": 19731.0, "y": 23285.0, "id": 29732}, {"x": 19693.0, "y": 23100.0, "id": 29734}, {"x": 19605.0, "y": 23219.0, "id": 29735}, {"x": 19374.0, "y": 23074.0, "id": 29736}, {"x": 19408.0, "y": 23252.0, "id": 29738}, {"x": 19512.0, "y": 23299.0, "id": 29739}, {"x": 19299.0, "y": 23268.0, "id": 29740}, {"x": 19743.0, "y": 23186.0, "id": 29741}, {"x": 19516.0, "y": 23203.0, "id": 29742}, {"x": 19813.0, "y": 23214.0, "id": 29744}, {"x": 19731.0, "y": 23357.0, "id": 29745}, {"x": 19629.0, "y": 23316.0, "id": 29746}, {"x": 19307.0, "y": 23013.0, "id": 29748}, {"x": 19455.0, "y": 23145.0, "id": 29751}, {"x": 19978.0, "y": 23008.0, "id": 29752}, {"x": 19677.0, "y": 23381.0, "id": 29753}, {"x": 19718.0, "y": 23008.0, "id": 29756}], "links": [{"weight": 1, "source": 29726, "target": 29738}, {"weight": 1, "source": 29727, "target": 29740}, {"weight": 1, "source": 29729, "target": 29730}, {"weight": 1, "source": 29729, "target": 29752}, {"weight": 4, "source": 29730, "target": 29734}, {"weight": 2, "source": 29730, "target": 29744}, {"weight": 4, "source": 29731, "target": 29742}, {"weight": 37, "source": 29731, "target": 29735}, {"weight": 1, "source": 29731, "target": 29751}, {"weight": 4, "source": 29731, "target": 29734}, {"weight": 11, "source": 29732, "target": 29744}, {"weight": 13, "source": 29732, "target": 29741}, {"weight": 1, "source": 29732, "target": 29745}, {"weight": 4, "source": 29732, "target": 29753}, {"weight": 1, "source": 29732, "target": 29746}, {"weight": 2, "source": 29734, "target": 29756}, {"weight": 1, "source": 29734, "target": 29741}, {"weight": 1, "source": 29735, "target": 29742}, {"weight": 1, "source": 29735, "target": 29746}, {"weight": 3, "source": 29736, "target": 29748}, {"weight": 1, "source": 29736, "target": 29751}, {"weight": 9, "source": 29738, "target": 29751}, {"weight": 1, "source": 29738, "target": 29739}, {"weight": 1, "source": 29738, "target": 29740}, {"weight": 1, "source": 29739, "target": 29746}, {"weight": 15, "source": 29739, "target": 29742}, {"weight": 3, "source": 29745, "target": 29753}, {"weight": 1, "source": 29745, "target": 29746}, {"weight": 5, "source": 29746, "target": 29753}], "similarity": "0.9516371712019794"}