{"directed": false, "multigraph": false, "graph": {}, "nodes": [{"x": 14360.0, "y": 23780.0, "id": 29952}, {"x": 13832.0, "y": 23534.0, "id": 29924}, {"x": 13698.0, "y": 23589.0, "id": 29925}, {"x": 13711.0, "y": 23691.0, "id": 29926}, {"x": 14537.0, "y": 23738.0, "id": 29928}, {"x": 14443.0, "y": 23693.0, "id": 29929}, {"x": 14214.0, "y": 23655.0, "id": 29930}, {"x": 14392.0, "y": 23511.0, "id": 29931}, {"x": 14329.0, "y": 23690.0, "id": 29934}, {"x": 14195.0, "y": 23555.0, "id": 29935}, {"x": 13886.0, "y": 23615.0, "id": 29937}, {"x": 13994.0, "y": 23616.0, "id": 29938}, {"x": 13784.0, "y": 23635.0, "id": 29939}, {"x": 14380.0, "y": 23606.0, "id": 29940}, {"x": 14109.0, "y": 23614.0, "id": 29941}, {"x": 14454.0, "y": 23589.0, "id": 29942}, {"x": 14338.0, "y": 23425.0, "id": 29943}, {"x": 14289.0, "y": 23495.0, "id": 29944}, {"x": 14167.0, "y": 23740.0, "id": 29947}, {"x": 14617.0, "y": 23774.0, "id": 29948}, {"x": 14377.0, "y": 23435.0, "id": 29949}], "links": [{"weight": 2, "source": 29952, "target": 29934}, {"weight": 1, "source": 29924, "target": 29937}, {"weight": 1, "source": 29925, "target": 29939}, {"weight": 2, "source": 29926, "target": 29939}, {"weight": 1, "source": 29928, "target": 29929}, {"weight": 1, "source": 29928, "target": 29948}, {"weight": 2, "source": 29929, "target": 29934}, {"weight": 2, "source": 29929, "target": 29942}, {"weight": 8, "source": 29930, "target": 29935}, {"weight": 1, "source": 29930, "target": 29941}, {"weight": 1, "source": 29930, "target": 29947}, {"weight": 4, "source": 29930, "target": 29934}, {"weight": 9, "source": 29931, "target": 29940}, {"weight": 1, "source": 29931, "target": 29942}, {"weight": 1, "source": 29931, "target": 29943}, {"weight": 4, "source": 29931, "target": 29949}, {"weight": 1, "source": 29931, "target": 29944}, {"weight": 1, "source": 29934, "target": 29940}, {"weight": 1, "source": 29935, "target": 29941}, {"weight": 1, "source": 29935, "target": 29944}, {"weight": 1, "source": 29937, "target": 29938}, {"weight": 3, "source": 29937, "target": 29939}, {"weight": 6, "source": 29938, "target": 29941}, {"weight": 1, "source": 29943, "target": 29944}, {"weight": 3, "source": 29944, "target": 29949}], "similarity": "0.8243320287407258"}