{"directed": false, "multigraph": false, "graph": {}, "nodes": [{"x": 820.0, "y": 6372.0, "id": 768}, {"x": 767.0, "y": 6465.0, "id": 769}, {"x": 770.0, "y": 6392.0, "id": 770}, {"x": 814.0, "y": 6490.0, "id": 771}, {"x": 955.0, "y": 6497.0, "id": 840}, {"x": 967.0, "y": 6384.0, "id": 841}, {"x": 1112.0, "y": 6508.0, "id": 781}, {"x": 1006.0, "y": 6489.0, "id": 782}, {"x": 1041.0, "y": 6416.0, "id": 783}, {"x": 1160.0, "y": 6405.0, "id": 820}, {"x": 1112.0, "y": 6319.0, "id": 821}, {"x": 894.0, "y": 6434.0, "id": 767}], "links": [{"source": 768, "target": 767}, {"source": 768, "target": 769}, {"source": 768, "target": 770}, {"source": 768, "target": 771}, {"source": 769, "target": 767}, {"source": 769, "target": 770}, {"source": 769, "target": 771}, {"source": 770, "target": 767}, {"source": 770, "target": 771}, {"source": 771, "target": 767}, {"source": 840, "target": 767}, {"source": 840, "target": 782}, {"source": 840, "target": 783}, {"source": 840, "target": 841}, {"source": 841, "target": 767}, {"source": 841, "target": 782}, {"source": 841, "target": 783}, {"source": 781, "target": 782}, {"source": 781, "target": 783}, {"source": 782, "target": 767}, {"source": 782, "target": 783}, {"source": 783, "target": 767}, {"source": 783, "target": 820}, {"source": 783, "target": 821}, {"source": 820, "target": 821}]}