{"directed": false, "multigraph": false, "graph": {}, "nodes": [{"x": 1562.0, "y": 6286.0, "id": 1963}, {"x": 1661.0, "y": 6284.0, "id": 1964}, {"x": 1496.0, "y": 6213.0, "id": 1943}, {"x": 1609.0, "y": 6178.0, "id": 1944}, {"x": 1507.0, "y": 6116.0, "id": 1942}, {"x": 1620.0, "y": 6088.0, "id": 2071}, {"x": 1699.0, "y": 6173.0, "id": 2072}, {"x": 1722.0, "y": 6121.0, "id": 2070}, {"x": 1673.0, "y": 6068.0, "id": 2073}], "links": [{"source": 1963, "target": 1944}, {"source": 1963, "target": 1964}, {"source": 1964, "target": 1944}, {"source": 1943, "target": 1942}, {"source": 1943, "target": 1944}, {"source": 1944, "target": 1942}, {"source": 1944, "target": 2070}, {"source": 1944, "target": 2071}, {"source": 1944, "target": 2072}, {"source": 1944, "target": 2073}, {"source": 2071, "target": 2070}, {"source": 2071, "target": 2072}, {"source": 2071, "target": 2073}, {"source": 2072, "target": 2070}, {"source": 2072, "target": 2073}, {"source": 2070, "target": 2073}], "similarity": "0.7483368055104992"}