{"directed": false, "multigraph": false, "graph": {}, "nodes": [{"x": 2491.0, "y": 7246.0, "id": 2248}, {"x": 2436.0, "y": 7270.0, "id": 2249}, {"x": 2492.0, "y": 7371.0, "id": 2250}, {"x": 2436.0, "y": 7347.0, "id": 2251}, {"x": 2565.0, "y": 7309.0, "id": 2252}, {"x": 2695.0, "y": 7342.0, "id": 2253}, {"x": 2637.0, "y": 7242.0, "id": 2254}, {"x": 2641.0, "y": 7367.0, "id": 2255}, {"x": 2692.0, "y": 7266.0, "id": 2256}], "links": [{"source": 2248, "target": 2249}, {"source": 2248, "target": 2250}, {"source": 2248, "target": 2251}, {"source": 2248, "target": 2252}, {"source": 2249, "target": 2250}, {"source": 2249, "target": 2251}, {"source": 2249, "target": 2252}, {"source": 2250, "target": 2251}, {"source": 2250, "target": 2252}, {"source": 2251, "target": 2252}, {"source": 2252, "target": 2253}, {"source": 2252, "target": 2254}, {"source": 2252, "target": 2255}, {"source": 2252, "target": 2256}, {"source": 2253, "target": 2254}, {"source": 2253, "target": 2255}, {"source": 2253, "target": 2256}, {"source": 2254, "target": 2255}, {"source": 2254, "target": 2256}, {"source": 2255, "target": 2256}], "similarity": "0.8149041820428529"}