{"directed": false, "multigraph": false, "graph": {}, "nodes": [{"x": 418.2741181605026, "y": 132.78057996502827, "color": ["#436dba"], "id": "33"}, {"x": 454.8535430379897, "y": 130.28195777333082, "color": ["#436dba"], "id": "34"}, {"x": 384.1121518028885, "y": 138.2383101663862, "color": ["#436dba"], "id": "35"}, {"x": 308.70267802593463, "y": 139.5255583896493, "color": ["#436dba"], "id": "41"}, {"x": 354.4650923400676, "y": 148.50515235069707, "color": ["#436dba"], "id": "112"}, {"x": 423.53707117263684, "y": 48.36768716014731, "color": ["#436dba"], "id": "17"}, {"x": 375.3519404804998, "y": 67.03981766113267, "color": ["#436dba"], "id": "146"}, {"x": 326.87341532852383, "y": 159.56189701159292, "color": ["#436dba"], "id": "113"}, {"x": 398.8624914989441, "y": 57.20961257861927, "color": ["#436dba"], "id": "148"}, {"x": 444.4828932174709, "y": 54.72670427799719, "color": ["#436dba"], "id": "55"}, {"x": 448.00397566965455, "y": 65.80345910921426, "color": ["#436dba"], "id": "53"}, {"x": 337.28715214781755, "y": 99.84129054978898, "color": ["#436dba"], "id": "87"}, {"x": 354.89119250656347, "y": 83.01470308819742, "color": ["#436dba"], "id": "88"}, {"x": 322.0011669826902, "y": 118.62328243848482, "color": ["#436dba"], "id": "89"}, {"x": 450.71432709715646, "y": 79.95655124409372, "color": ["#436dba"], "id": "54"}, {"x": 453.62313992043886, "y": 112.66039123167327, "color": ["#436dba"], "id": "62"}, {"x": 452.4124444969742, "y": 95.63151972006659, "color": ["#436dba"], "id": "63"}], "links": [{"source": "33", "target": "35"}, {"source": "33", "target": "34"}, {"source": "34", "target": "62"}, {"source": "35", "target": "112"}, {"source": "41", "target": "89"}, {"source": "41", "target": "113"}, {"source": "112", "target": "113"}, {"source": "17", "target": "148"}, {"source": "17", "target": "55"}, {"source": "146", "target": "148"}, {"source": "146", "target": "88"}, {"source": "55", "target": "53"}, {"source": "53", "target": "54"}, {"source": "87", "target": "89"}, {"source": "87", "target": "88"}, {"source": "54", "target": "63"}, {"source": "62", "target": "63"}]}