{"directed": false, "multigraph": false, "graph": {}, "nodes": [{"x": 462.2234712100527, "y": 146.69161791840094, "color": ["#436dba"], "id": "7"}, {"x": 464.022939670005, "y": 127.02191073480384, "color": ["#436dba"], "id": "8"}, {"x": 451.37059373922256, "y": 166.74018269152398, "color": ["#436dba"], "id": "9"}, {"x": 442.62160350730585, "y": 65.45072774138856, "color": ["#436dba"], "id": "10"}, {"x": 430.7789515961473, "y": 59.76680136078983, "color": ["#436dba"], "id": "11"}, {"x": 446.0529574990752, "y": 79.11822617632299, "color": ["#436dba"], "id": "12"}, {"x": 414.54330603465996, "y": 63.39103271857914, "color": ["#436dba"], "id": "136"}, {"x": 396.10955444998814, "y": 74.73549682734944, "color": ["#436dba"], "id": "135"}, {"x": 441.10402777534614, "y": 96.9537235846318, "color": ["#436dba"], "id": "271"}, {"x": 376.27771528126766, "y": 92.80126964884329, "color": ["#436dba"], "id": "137"}, {"x": 365.8121333550306, "y": 85.90504405144804, "color": ["#436dba"], "id": "138"}, {"x": 350.8771488301679, "y": 87.91099784237167, "color": ["#436dba"], "id": "139"}, {"x": 332.7794865903161, "y": 97.09868847104963, "color": ["#436dba"], "id": "269"}, {"x": 311.284773699253, "y": 112.81631286179766, "color": ["#436dba"], "id": "270"}, {"x": 308.5270465319521, "y": 127.76225987017136, "color": ["#436dba"], "id": "436"}, {"x": 433.1608457490949, "y": 187.68978120205594, "color": ["#436dba"], "id": "71"}, {"x": 456.46515241599946, "y": 110.00832386714234, "color": ["#436dba"], "id": "216"}, {"x": 363.7752491131872, "y": 168.40252742245136, "color": ["#436dba"], "id": "101"}, {"x": 339.15954182752193, "y": 144.3506595760495, "color": ["#436dba"], "id": "381"}], "links": [{"source": "7", "target": "8"}, {"source": "7", "target": "9"}, {"source": "8", "target": "216"}, {"source": "9", "target": "71"}, {"source": "10", "target": "11"}, {"source": "10", "target": "12"}, {"source": "11", "target": "136"}, {"source": "12", "target": "271"}, {"source": "136", "target": "135"}, {"source": "135", "target": "137"}, {"source": "271", "target": "216"}, {"source": "137", "target": "138"}, {"source": "138", "target": "139"}, {"source": "139", "target": "269"}, {"source": "269", "target": "270"}, {"source": "270", "target": "436"}, {"source": "436", "target": "381"}, {"source": "71", "target": "101"}, {"source": "101", "target": "381"}]}