{"directed": false, "multigraph": false, "graph": {}, "nodes": [{"x": 125.04809254576901, "y": 169.24250191360258, "color": ["#436dba"], "id": "33"}, {"x": 148.5682959740427, "y": 172.48965542426046, "color": ["#436dba"], "id": "34"}, {"x": 108.40979727969687, "y": 151.51672437931455, "color": ["#436dba"], "id": "35"}, {"x": 63.94207332960997, "y": 142.41462422359453, "color": ["#436dba"], "id": "41"}, {"x": 95.93409617434995, "y": 146.74421052547353, "color": ["#436dba"], "id": "112"}, {"x": 157.39350785607877, "y": 82.25069737126478, "color": ["#436dba"], "id": "17"}, {"x": 119.68966519751066, "y": 86.94239369101828, "color": ["#436dba"], "id": "146"}, {"x": 80.99460733691998, "y": 143.8799420688678, "color": ["#436dba"], "id": "113"}, {"x": 141.47638593804078, "y": 80.88673232791913, "color": ["#436dba"], "id": "148"}, {"x": 169.86638478805378, "y": 94.07896768897373, "color": ["#436dba"], "id": "55"}, {"x": 180.70228129937766, "y": 106.73197485934381, "color": ["#436dba"], "id": "53"}, {"x": 92.5705220538008, "y": 111.25799955337143, "color": ["#436dba"], "id": "87"}, {"x": 103.58695476378745, "y": 101.90901860843778, "color": ["#436dba"], "id": "88"}, {"x": 79.21655587587864, "y": 122.64475671252652, "color": ["#436dba"], "id": "89"}, {"x": 185.71906652520187, "y": 121.90189331529976, "color": ["#436dba"], "id": "54"}, {"x": 170.18876534029573, "y": 158.7351168460047, "color": ["#436dba"], "id": "62"}, {"x": 184.33559069640586, "y": 142.08961025383618, "color": ["#436dba"], "id": "63"}], "links": [{"source": "33", "target": "35"}, {"source": "33", "target": "34"}, {"source": "34", "target": "62"}, {"source": "35", "target": "112"}, {"source": "41", "target": "89"}, {"source": "41", "target": "113"}, {"source": "112", "target": "113"}, {"source": "17", "target": "148"}, {"source": "17", "target": "55"}, {"source": "146", "target": "148"}, {"source": "146", "target": "88"}, {"source": "55", "target": "53"}, {"source": "53", "target": "54"}, {"source": "87", "target": "89"}, {"source": "87", "target": "88"}, {"source": "54", "target": "63"}, {"source": "62", "target": "63"}]}