{"directed": false, "multigraph": false, "graph": {}, "nodes": [{"x": 26.062780156981944, "y": 241.52481867319472, "color": ["#436dba"], "id": "7"}, {"x": 13.529706793764035, "y": 243.9343968838157, "color": ["#436dba"], "id": "8"}, {"x": 38.79241938706332, "y": 242.44115664089952, "color": ["#436dba"], "id": "9"}, {"x": -11.87548298184447, "y": 317.2287273784949, "color": ["#436dba"], "id": "10"}, {"x": -3.5222068374745845, "y": 326.8778815988505, "color": ["#436dba"], "id": "11"}, {"x": -17.44673433110404, "y": 305.7463389643909, "color": ["#436dba"], "id": "12"}, {"x": 7.043820828540106, "y": 334.03626665077405, "color": ["#436dba"], "id": "136"}, {"x": 19.10255606611787, "y": 338.21605207127396, "color": ["#436dba"], "id": "135"}, {"x": -18.93993109039559, "y": 280.48367816825464, "color": ["#436dba"], "id": "271"}, {"x": 44.365257479316654, "y": 336.72278040907213, "color": ["#436dba"], "id": "137"}, {"x": 55.84758296274242, "y": 331.15158229190826, "color": ["#436dba"], "id": "138"}, {"x": 65.49676160507681, "y": 322.7982948439103, "color": ["#436dba"], "id": "139"}, {"x": 72.65514877409632, "y": 312.23226597608607, "color": ["#436dba"], "id": "269"}, {"x": 76.83493100482758, "y": 300.1735344354005, "color": ["#436dba"], "id": "270"}, {"x": 77.75127759442597, "y": 287.44390572793566, "color": ["#436dba"], "id": "436"}, {"x": 50.85114695818882, "y": 246.6209291970176, "color": ["#436dba"], "id": "71"}, {"x": -7.601790266567775, "y": 257.85891820879425, "color": ["#436dba"], "id": "216"}, {"x": 69.77044823475674, "y": 263.4284839898778, "color": ["#436dba"], "id": "101"}, {"x": 75.34169311031937, "y": 274.91084421328935, "color": ["#436dba"], "id": "381"}], "links": [{"source": "7", "target": "8"}, {"source": "7", "target": "9"}, {"source": "8", "target": "216"}, {"source": "9", "target": "71"}, {"source": "10", "target": "11"}, {"source": "10", "target": "12"}, {"source": "11", "target": "136"}, {"source": "12", "target": "271"}, {"source": "136", "target": "135"}, {"source": "135", "target": "137"}, {"source": "271", "target": "216"}, {"source": "137", "target": "138"}, {"source": "138", "target": "139"}, {"source": "139", "target": "269"}, {"source": "269", "target": "270"}, {"source": "270", "target": "436"}, {"source": "436", "target": "381"}, {"source": "71", "target": "101"}, {"source": "101", "target": "381"}]}