{"directed": false, "multigraph": false, "graph": {}, "nodes": [{"x": 124.02596412761133, "y": 176.34393349470037, "color": ["#436dba"], "id": "33"}, {"x": 148.88524459964108, "y": 174.99068546501948, "color": ["#436dba"], "id": "34"}, {"x": 101.82059324019315, "y": 165.08626950005205, "color": ["#436dba"], "id": "35"}, {"x": 85.90596958060706, "y": 131.89359805978586, "color": ["#436dba"], "id": "41"}, {"x": 93.6471789262265, "y": 155.555548889211, "color": ["#436dba"], "id": "112"}, {"x": 155.67852420153068, "y": 86.38180020616969, "color": ["#436dba"], "id": "17"}, {"x": 118.97552965962169, "y": 83.56793389747101, "color": ["#436dba"], "id": "146"}, {"x": 88.2189995179838, "y": 144.2341621537478, "color": ["#436dba"], "id": "113"}, {"x": 143.8347752198724, "y": 82.21467108895828, "color": ["#436dba"], "id": "148"}, {"x": 166.0401861859069, "y": 93.47234405291469, "color": ["#436dba"], "id": "55"}, {"x": 174.2135590162882, "y": 103.00304591730963, "color": ["#436dba"], "id": "53"}, {"x": 91.03287660382765, "y": 107.53115663713564, "color": ["#436dba"], "id": "87"}, {"x": 98.12341650029217, "y": 97.16951313171737, "color": ["#436dba"], "id": "88"}, {"x": 86.86574372244328, "y": 119.3748957136697, "color": ["#436dba"], "id": "89"}, {"x": 179.64175187514903, "y": 114.32447750470183, "color": ["#436dba"], "id": "54"}, {"x": 169.73732951448133, "y": 161.3890806041264, "color": ["#436dba"], "id": "62"}, {"x": 180.99500048314454, "y": 139.18370344644967, "color": ["#436dba"], "id": "63"}], "links": [{"source": "33", "target": "35"}, {"source": "33", "target": "34"}, {"source": "34", "target": "62"}, {"source": "35", "target": "112"}, {"source": "41", "target": "89"}, {"source": "41", "target": "113"}, {"source": "112", "target": "113"}, {"source": "17", "target": "148"}, {"source": "17", "target": "55"}, {"source": "146", "target": "148"}, {"source": "146", "target": "88"}, {"source": "55", "target": "53"}, {"source": "53", "target": "54"}, {"source": "87", "target": "89"}, {"source": "87", "target": "88"}, {"source": "54", "target": "63"}, {"source": "62", "target": "63"}]}