{"directed": false, "multigraph": false, "graph": {}, "nodes": [{"x": 27.355440167296422, "y": 245.6155818291291, "color": ["#436dba"], "id": "7"}, {"x": 14.884001613683779, "y": 252.44000755023637, "color": ["#436dba"], "id": "8"}, {"x": 38.95902673125005, "y": 238.25804136167852, "color": ["#436dba"], "id": "9"}, {"x": -15.62462350442405, "y": 314.9618450409442, "color": ["#436dba"], "id": "10"}, {"x": -5.317922497555401, "y": 326.98300520917417, "color": ["#436dba"], "id": "11"}, {"x": -20.401413225885733, "y": 300.5451556562985, "color": ["#436dba"], "id": "12"}, {"x": 6.544261857491733, "y": 338.2193319596885, "color": ["#436dba"], "id": "136"}, {"x": 21.674656655630656, "y": 339.5072039616581, "color": ["#436dba"], "id": "135"}, {"x": -19.09732240540643, "y": 281.3554288255524, "color": ["#436dba"], "id": "271"}, {"x": 42.38024471617513, "y": 333.73933016367005, "color": ["#436dba"], "id": "137"}, {"x": 49.032429404822665, "y": 327.1797801392721, "color": ["#436dba"], "id": "138"}, {"x": 57.678196874016436, "y": 319.5044284445843, "color": ["#436dba"], "id": "139"}, {"x": 68.14454399845613, "y": 310.6120094046299, "color": ["#436dba"], "id": "269"}, {"x": 80.83169423994906, "y": 299.7813465653166, "color": ["#436dba"], "id": "270"}, {"x": 95.33978221806467, "y": 280.981290191575, "color": ["#436dba"], "id": "436"}, {"x": 53.277532879150385, "y": 232.14036742172473, "color": ["#436dba"], "id": "71"}, {"x": -5.659397051444273, "y": 265.5257630777018, "color": ["#436dba"], "id": "216"}, {"x": 64.92816034630422, "y": 276.8832261271232, "color": ["#436dba"], "id": "101"}, {"x": 79.1300924313042, "y": 279.59771339333315, "color": ["#436dba"], "id": "381"}], "links": [{"source": "7", "target": "8"}, {"source": "7", "target": "9"}, {"source": "8", "target": "216"}, {"source": "9", "target": "71"}, {"source": "10", "target": "11"}, {"source": "10", "target": "12"}, {"source": "11", "target": "136"}, {"source": "12", "target": "271"}, {"source": "136", "target": "135"}, {"source": "135", "target": "137"}, {"source": "271", "target": "216"}, {"source": "137", "target": "138"}, {"source": "138", "target": "139"}, {"source": "139", "target": "269"}, {"source": "269", "target": "270"}, {"source": "270", "target": "436"}, {"source": "436", "target": "381"}, {"source": "71", "target": "101"}, {"source": "101", "target": "381"}]}