{"directed": false, "multigraph": false, "graph": {}, "nodes": [{"x": 140.44158935546875, "y": 155.6029510498047, "color": ["#436dba"], "id": "33"}, {"x": 169.4801025390625, "y": 162.88580322265625, "color": ["#436dba"], "id": "34"}, {"x": 112.53440856933594, "y": 151.22776794433594, "color": ["#436dba"], "id": "35"}, {"x": 53.64495086669922, "y": 133.2133026123047, "color": ["#436dba"], "id": "41"}, {"x": 86.9210205078125, "y": 151.7258758544922, "color": ["#436dba"], "id": "112"}, {"x": 165.8132781982422, "y": 91.37281799316406, "color": ["#436dba"], "id": "17"}, {"x": 123.68340301513672, "y": 93.7243881225586, "color": ["#436dba"], "id": "146"}, {"x": 62.7047233581543, "y": 153.35569763183594, "color": ["#436dba"], "id": "113"}, {"x": 144.42092895507812, "y": 92.0180892944336, "color": ["#436dba"], "id": "148"}, {"x": 180.4769287109375, "y": 101.59278869628906, "color": ["#436dba"], "id": "55"}, {"x": 180.4185333251953, "y": 111.08309936523438, "color": ["#436dba"], "id": "53"}, {"x": 85.8505859375, "y": 109.60095977783203, "color": ["#436dba"], "id": "87"}, {"x": 103.76507568359375, "y": 100.97179412841797, "color": ["#436dba"], "id": "88"}, {"x": 69.2433090209961, "y": 120.3332290649414, "color": ["#436dba"], "id": "89"}, {"x": 178.95481872558594, "y": 122.75814819335938, "color": ["#436dba"], "id": "54"}, {"x": 172.96774291992188, "y": 148.8902130126953, "color": ["#436dba"], "id": "62"}, {"x": 176.3212432861328, "y": 135.35989379882812, "color": ["#436dba"], "id": "63"}], "links": [{"source": "33", "target": "35"}, {"source": "33", "target": "34"}, {"source": "34", "target": "62"}, {"source": "35", "target": "112"}, {"source": "41", "target": "89"}, {"source": "41", "target": "113"}, {"source": "112", "target": "113"}, {"source": "17", "target": "148"}, {"source": "17", "target": "55"}, {"source": "146", "target": "148"}, {"source": "146", "target": "88"}, {"source": "55", "target": "53"}, {"source": "53", "target": "54"}, {"source": "87", "target": "89"}, {"source": "87", "target": "88"}, {"source": "54", "target": "63"}, {"source": "62", "target": "63"}]}