{"directed": false, "multigraph": false, "graph": {}, "nodes": [{"x": 103.0921859741211, "y": 49.98854064941406, "color": ["#436dba"], "id": "288"}, {"x": 166.87457275390625, "y": 46.341896057128906, "color": ["#436dba"], "id": "32"}, {"x": 146.64866638183594, "y": 207.74334716796875, "color": ["#436dba"], "id": "417"}, {"x": 230.72283935546875, "y": 172.59034729003906, "color": ["#436dba"], "id": "419"}, {"x": 79.98792266845703, "y": 81.7784652709961, "color": ["#436dba"], "id": "328"}, {"x": 64.51444244384766, "y": 123.2093276977539, "color": ["#436dba"], "id": "265"}, {"x": 233.7889404296875, "y": 99.9781494140625, "color": ["#436dba"], "id": "424"}, {"x": 269.2142333984375, "y": 126.1922378540039, "color": ["#436dba"], "id": "425"}, {"x": 72.93017578125, "y": 168.2236785888672, "color": ["#436dba"], "id": "427"}, {"x": 131.23104858398438, "y": 37.89607620239258, "color": ["#436dba"], "id": "49"}, {"x": 270.06463623046875, "y": 158.75218200683594, "color": ["#436dba"], "id": "564"}, {"x": 282.534912109375, "y": 164.98114013671875, "color": ["#436dba"], "id": "565"}, {"x": 197.4505615234375, "y": 76.0797348022461, "color": ["#436dba"], "id": "344"}, {"x": 191.8283233642578, "y": 189.7274627685547, "color": ["#436dba"], "id": "250"}, {"x": 83.47915649414062, "y": 213.3946990966797, "color": ["#436dba"], "id": "347"}, {"x": 103.29749298095703, "y": 227.89959716796875, "color": ["#436dba"], "id": "382"}], "links": [{"source": "288", "target": "49"}, {"source": "288", "target": "328"}, {"source": "32", "target": "49"}, {"source": "32", "target": "344"}, {"source": "417", "target": "250"}, {"source": "417", "target": "382"}, {"source": "419", "target": "250"}, {"source": "419", "target": "564"}, {"source": "328", "target": "265"}, {"source": "265", "target": "427"}, {"source": "424", "target": "344"}, {"source": "424", "target": "425"}, {"source": "425", "target": "565"}, {"source": "427", "target": "347"}, {"source": "564", "target": "565"}, {"source": "347", "target": "382"}]}