{"directed": false, "multigraph": false, "graph": {}, "nodes": [{"x": 546.2362670898438, "y": 348.4167785644531, "color": ["#436dba"], "id": "257"}, {"x": 515.9127807617188, "y": 330.4210510253906, "color": ["#436dba"], "id": "194"}, {"x": 533.6751098632812, "y": 337.32061767578125, "color": ["#436dba"], "id": "195"}, {"x": 459.6788330078125, "y": 337.725341796875, "color": ["#436dba"], "id": "264"}, {"x": 492.2287902832031, "y": 392.830322265625, "color": ["#436dba"], "id": "170"}, {"x": 506.33111572265625, "y": 395.76495361328125, "color": ["#436dba"], "id": "171"}, {"x": 445.2373352050781, "y": 365.71112060546875, "color": ["#436dba"], "id": "428"}, {"x": 474.132080078125, "y": 392.498779296875, "color": ["#436dba"], "id": "172"}, {"x": 430.1392517089844, "y": 393.07818603515625, "color": ["#436dba"], "id": "337"}, {"x": 492.0861511230469, "y": 328.4928283691406, "color": ["#436dba"], "id": "181"}, {"x": 526.0637817382812, "y": 396.5273132324219, "color": ["#436dba"], "id": "280"}, {"x": 550.4620971679688, "y": 379.0804748535156, "color": ["#436dba"], "id": "220"}, {"x": 552.0532836914062, "y": 362.9432373046875, "color": ["#436dba"], "id": "221"}, {"x": 541.465087890625, "y": 395.0959167480469, "color": ["#436dba"], "id": "222"}], "links": [{"source": "257", "target": "195"}, {"source": "257", "target": "221"}, {"source": "194", "target": "181"}, {"source": "194", "target": "195"}, {"source": "264", "target": "181"}, {"source": "264", "target": "428"}, {"source": "170", "target": "172"}, {"source": "170", "target": "171"}, {"source": "171", "target": "280"}, {"source": "428", "target": "337"}, {"source": "172", "target": "337"}, {"source": "280", "target": "222"}, {"source": "220", "target": "222"}, {"source": "220", "target": "221"}]}