{"directed": false, "multigraph": false, "graph": {}, "nodes": [{"x": 0.4586133062839508, "y": 242.84637451171875, "color": ["#436dba"], "id": "7"}, {"x": -8.103863716125488, "y": 256.6680603027344, "color": ["#436dba"], "id": "8"}, {"x": 15.826972007751465, "y": 232.076904296875, "color": ["#436dba"], "id": "9"}, {"x": -15.0, "y": 309.880615234375, "color": ["#436dba"], "id": "10"}, {"x": -8.371049880981445, "y": 318.4234619140625, "color": ["#436dba"], "id": "11"}, {"x": -12.4977445602417, "y": 298.5539855957031, "color": ["#436dba"], "id": "12"}, {"x": 4.917604923248291, "y": 321.7286376953125, "color": ["#436dba"], "id": "136"}, {"x": 22.665483474731445, "y": 320.1578063964844, "color": ["#436dba"], "id": "135"}, {"x": -2.2910549640655518, "y": 287.24176025390625, "color": ["#436dba"], "id": "271"}, {"x": 43.91593933105469, "y": 314.15216064453125, "color": ["#436dba"], "id": "137"}, {"x": 49.08481979370117, "y": 323.08099365234375, "color": ["#436dba"], "id": "138"}, {"x": 60.820289611816406, "y": 327.0992126464844, "color": ["#436dba"], "id": "139"}, {"x": 77.52710723876953, "y": 326.99285888671875, "color": ["#436dba"], "id": "269"}, {"x": 99.13802337646484, "y": 323.328125, "color": ["#436dba"], "id": "270"}, {"x": 106.66801452636719, "y": 313.3373718261719, "color": ["#436dba"], "id": "436"}, {"x": 36.94409942626953, "y": 223.3509063720703, "color": ["#436dba"], "id": "71"}, {"x": -8.798806190490723, "y": 271.9768981933594, "color": ["#436dba"], "id": "216"}, {"x": 80.93949890136719, "y": 263.0834045410156, "color": ["#436dba"], "id": "101"}, {"x": 90.21543884277344, "y": 289.851318359375, "color": ["#436dba"], "id": "381"}], "links": [{"source": "7", "target": "8"}, {"source": "7", "target": "9"}, {"source": "8", "target": "216"}, {"source": "9", "target": "71"}, {"source": "10", "target": "11"}, {"source": "10", "target": "12"}, {"source": "11", "target": "136"}, {"source": "12", "target": "271"}, {"source": "136", "target": "135"}, {"source": "135", "target": "137"}, {"source": "271", "target": "216"}, {"source": "137", "target": "138"}, {"source": "138", "target": "139"}, {"source": "139", "target": "269"}, {"source": "269", "target": "270"}, {"source": "270", "target": "436"}, {"source": "436", "target": "381"}, {"source": "71", "target": "101"}, {"source": "101", "target": "381"}]}