{"directed": false, "multigraph": false, "graph": {}, "nodes": [{"x": 400.0, "y": 9406.0, "id": 1473}, {"x": 763.0, "y": 9203.0, "id": 1458}, {"x": 667.0, "y": 9241.0, "id": 1459}, {"x": 357.0, "y": 9203.0, "id": 1462}, {"x": 450.0, "y": 9252.0, "id": 1463}, {"x": 651.0, "y": 9355.0, "id": 1464}, {"x": 565.0, "y": 9293.0, "id": 1465}, {"x": 476.0, "y": 9331.0, "id": 1466}, {"x": 512.0, "y": 9225.0, "id": 1467}, {"x": 549.0, "y": 9394.0, "id": 1469}], "links": [{"source": 1473, "target": 1466}, {"source": 1458, "target": 1459}, {"source": 1459, "target": 1465}, {"source": 1462, "target": 1463}, {"source": 1463, "target": 1465}, {"source": 1463, "target": 1466}, {"source": 1463, "target": 1467}, {"source": 1464, "target": 1465}, {"source": 1465, "target": 1466}, {"source": 1465, "target": 1469}, {"source": 1466, "target": 1467}, {"source": 1466, "target": 1469}]}