{"directed": false, "multigraph": false, "graph": {}, "nodes": [{"x": 450.0, "y": 462.0, "id": 995}, {"x": 467.0, "y": 482.0, "id": 645}, {"x": 475.0, "y": 478.0, "id": 647}, {"x": 432.0, "y": 445.0, "id": 616}, {"x": 459.0, "y": 471.0, "id": 648}, {"x": 433.0, "y": 434.0, "id": 618}, {"x": 441.0, "y": 453.0, "id": 619}, {"x": 436.0, "y": 427.0, "id": 620}, {"x": 443.0, "y": 428.0, "id": 621}, {"x": 463.0, "y": 443.0, "id": 622}, {"x": 470.0, "y": 460.0, "id": 650}], "links": [{"source": 995, "target": 619}, {"source": 995, "target": 648}, {"source": 645, "target": 647}, {"source": 645, "target": 648}, {"source": 647, "target": 650}, {"source": 616, "target": 618}, {"source": 616, "target": 619}, {"source": 618, "target": 620}, {"source": 620, "target": 621}, {"source": 621, "target": 622}, {"source": 622, "target": 650}], "similarity": "1.0"}