{"directed": false, "multigraph": false, "graph": {}, "nodes": [{"x": 4996.0, "y": 23167.0, "id": 29824}, {"x": 5102.0, "y": 23084.0, "id": 29825}, {"x": 5057.0, "y": 23001.0, "id": 29826}, {"x": 4401.0, "y": 23285.0, "id": 29828}, {"x": 4501.0, "y": 23263.0, "id": 29829}, {"x": 4733.0, "y": 23259.0, "id": 29830}, {"x": 4591.0, "y": 23093.0, "id": 29831}, {"x": 4615.0, "y": 23275.0, "id": 29834}, {"x": 4707.0, "y": 23164.0, "id": 29835}, {"x": 4915.0, "y": 23321.0, "id": 29836}, {"x": 4907.0, "y": 23139.0, "id": 29838}, {"x": 4805.0, "y": 23089.0, "id": 29839}, {"x": 5004.0, "y": 23081.0, "id": 29840}, {"x": 4571.0, "y": 23187.0, "id": 29841}, {"x": 4795.0, "y": 23184.0, "id": 29842}, {"x": 4506.0, "y": 23160.0, "id": 29844}, {"x": 4610.0, "y": 23011.0, "id": 29845}, {"x": 4696.0, "y": 23067.0, "id": 29846}, {"x": 4979.0, "y": 23388.0, "id": 29848}, {"x": 4850.0, "y": 23240.0, "id": 29851}, {"x": 4318.0, "y": 23320.0, "id": 29852}, {"x": 4642.0, "y": 23002.0, "id": 29853}, {"x": 4588.0, "y": 23362.0, "id": 29856}], "links": [{"weight": 1, "source": 29824, "target": 29838}, {"weight": 1, "source": 29825, "target": 29840}, {"weight": 1, "source": 29826, "target": 29840}, {"weight": 1, "source": 29828, "target": 29829}, {"weight": 1, "source": 29828, "target": 29852}, {"weight": 3, "source": 29829, "target": 29834}, {"weight": 2, "source": 29829, "target": 29844}, {"weight": 17, "source": 29830, "target": 29835}, {"weight": 2, "source": 29830, "target": 29842}, {"weight": 1, "source": 29830, "target": 29851}, {"weight": 4, "source": 29830, "target": 29834}, {"weight": 7, "source": 29831, "target": 29844}, {"weight": 12, "source": 29831, "target": 29841}, {"weight": 1, "source": 29831, "target": 29845}, {"weight": 4, "source": 29831, "target": 29853}, {"weight": 1, "source": 29831, "target": 29846}, {"weight": 2, "source": 29834, "target": 29856}, {"weight": 1, "source": 29834, "target": 29841}, {"weight": 1, "source": 29835, "target": 29842}, {"weight": 1, "source": 29835, "target": 29846}, {"weight": 1, "source": 29836, "target": 29851}, {"weight": 2, "source": 29836, "target": 29848}, {"weight": 5, "source": 29838, "target": 29851}, {"weight": 1, "source": 29838, "target": 29839}, {"weight": 1, "source": 29838, "target": 29840}, {"weight": 1, "source": 29839, "target": 29846}, {"weight": 15, "source": 29839, "target": 29842}, {"weight": 1, "source": 29845, "target": 29846}, {"weight": 4, "source": 29846, "target": 29853}], "similarity": "0.8918046769635397"}