{"directed": false, "multigraph": false, "graph": {}, "nodes": [{"x": 8120.0, "y": 8704.0, "id": 1024}, {"x": 7902.0, "y": 8890.0, "id": 1025}, {"x": 7864.0, "y": 8633.0, "id": 1030}, {"x": 8027.0, "y": 8740.0, "id": 1017}, {"x": 8055.0, "y": 8640.0, "id": 1018}, {"x": 7933.0, "y": 8794.0, "id": 1019}, {"x": 7935.0, "y": 8697.0, "id": 1020}, {"x": 7833.0, "y": 8804.0, "id": 1021}, {"x": 8109.0, "y": 8810.0, "id": 1022}, {"x": 8197.0, "y": 8854.0, "id": 1023}], "links": [{"source": 1024, "target": 1017}, {"source": 1025, "target": 1019}, {"source": 1030, "target": 1020}, {"source": 1017, "target": 1018}, {"source": 1017, "target": 1020}, {"source": 1017, "target": 1019}, {"source": 1017, "target": 1022}, {"source": 1019, "target": 1020}, {"source": 1019, "target": 1021}, {"source": 1022, "target": 1023}], "similarity": "0.7795794428691073"}