{"directed": false, "multigraph": false, "graph": {}, "nodes": [{"x": 3243.0, "y": 9542.0, "id": 9871}, {"x": 3311.0, "y": 9621.0, "id": 9872}, {"x": 3436.0, "y": 9572.0, "id": 9873}, {"x": 3397.0, "y": 9441.0, "id": 9874}, {"x": 3524.0, "y": 9619.0, "id": 9875}, {"x": 3342.0, "y": 9525.0, "id": 9368}, {"x": 3286.0, "y": 9441.0, "id": 9369}], "links": [{"source": 9871, "target": 9368}, {"source": 9872, "target": 9368}, {"source": 9873, "target": 9368}, {"source": 9873, "target": 9875}, {"source": 9874, "target": 9368}, {"source": 9368, "target": 9369}], "similarity": "0.7779698928301774"}