{"directed": false, "multigraph": false, "graph": {}, "nodes": [{"x": 9295.0, "y": 5960.0, "id": 7553}, {"x": 9405.0, "y": 6022.0, "id": 7554}, {"x": 9215.0, "y": 6009.0, "id": 7555}, {"x": 9270.0, "y": 6154.0, "id": 7570}, {"x": 9123.0, "y": 5967.0, "id": 7572}, {"x": 9383.0, "y": 6132.0, "id": 7550}, {"x": 9310.0, "y": 6060.0, "id": 7551}], "links": [{"source": 7553, "target": 7551}, {"source": 7553, "target": 7555}, {"source": 7554, "target": 7551}, {"source": 7555, "target": 7551}, {"source": 7555, "target": 7572}, {"source": 7570, "target": 7551}, {"source": 7550, "target": 7551}], "similarity": "0.7195524177001852"}