{"directed": false, "multigraph": false, "graph": {}, "nodes": [{"x": 272.0, "y": 100.0, "id": "588"}, {"x": 277.0, "y": 94.0, "id": "589"}, {"x": 273.0, "y": 85.0, "id": "462"}, {"x": 261.0, "y": 102.0, "id": "466"}, {"x": 259.0, "y": 109.0, "id": "476"}, {"x": 266.0, "y": 105.0, "id": "477"}, {"x": 267.0, "y": 94.0, "id": "574"}, {"x": 277.0, "y": 89.0, "id": "575"}], "links": [{"weight": -9.960159, "source": "588", "target": "477"}, {"weight": -5.411255, "source": "588", "target": "589"}, {"weight": -14.04494, "source": "589", "target": "575"}, {"weight": -11.46789, "source": "462", "target": "574"}, {"weight": -11.13586, "source": "462", "target": "575"}, {"weight": -4.595588, "source": "466", "target": "476"}, {"weight": -12.64223, "source": "466", "target": "574"}, {"weight": -13.08901, "source": "476", "target": "477"}]}