{"directed": false, "multigraph": false, "graph": {}, "nodes": [{"x": 275.53567065880793, "y": 103.78567065880794, "id": "588"}, {"x": 278.2428340848901, "y": 97.25, "id": "589"}, {"x": 269.0, "y": 88.00716591510991, "id": "462"}, {"x": 259.7571659151099, "y": 97.25, "id": "466"}, {"x": 262.46432934119207, "y": 103.78567065880794, "id": "476"}, {"x": 269.0, "y": 106.49283408489009, "id": "477"}, {"x": 262.46432934119207, "y": 90.71432934119206, "id": "574"}, {"x": 275.53567065880793, "y": 90.71432934119206, "id": "575"}], "links": [{"weight": -9.960159, "source": "588", "target": "477"}, {"weight": -5.411255, "source": "588", "target": "589"}, {"weight": -14.04494, "source": "589", "target": "575"}, {"weight": -11.46789, "source": "462", "target": "574"}, {"weight": -11.13586, "source": "462", "target": "575"}, {"weight": -4.595588, "source": "466", "target": "476"}, {"weight": -12.64223, "source": "466", "target": "574"}, {"weight": -13.08901, "source": "476", "target": "477"}]}