{"directed": false, "multigraph": false, "graph": {}, "nodes": [{"x": 280.0, "y": 193.0, "id": "228"}, {"x": 278.0, "y": 187.0, "id": "317"}, {"x": 284.0, "y": 215.0, "id": "60"}, {"x": 285.0, "y": 204.0, "id": "306"}, {"x": 290.0, "y": 205.0, "id": "59"}, {"x": 262.0, "y": 193.0, "id": "28"}, {"x": 287.0, "y": 192.0, "id": "61"}, {"x": 272.0, "y": 189.0, "id": "30"}, {"x": 270.0, "y": 184.0, "id": "31"}], "links": [{"weight": -4.184101, "source": "228", "target": "30"}, {"weight": -3.034901, "source": "228", "target": "306"}, {"weight": -24.09639, "source": "317", "target": "31"}, {"weight": -2.754821, "source": "317", "target": "61"}, {"weight": -3.684598, "source": "60", "target": "59"}, {"weight": -10.6383, "source": "60", "target": "306"}, {"weight": -2.359604, "source": "59", "target": "61"}, {"weight": -21.36752, "source": "28", "target": "30"}, {"weight": -1.904762, "source": "28", "target": "31"}]}