{"directed": false, "multigraph": false, "graph": {}, "nodes": [{"x": 98.0, "y": 15.0, "id": "257"}, {"x": 104.0, "y": 33.0, "id": "194"}, {"x": 102.0, "y": 23.0, "id": "195"}, {"x": 106.0, "y": 45.0, "id": "181"}, {"x": 102.0, "y": 37.0, "id": "182"}, {"x": 97.0, "y": 31.0, "id": "183"}, {"x": 92.0, "y": 25.0, "id": "245"}, {"x": 85.0, "y": 29.0, "id": "246"}, {"x": 83.0, "y": 22.0, "id": "220"}, {"x": 90.0, "y": 17.0, "id": "221"}, {"x": 79.0, "y": 28.0, "id": "222"}], "links": [{"weight": -4.401408, "source": "257", "target": "195"}, {"weight": -5.592841, "source": "257", "target": "221"}, {"weight": -5.485464, "source": "194", "target": "181"}, {"weight": -5.144033, "source": "194", "target": "195"}, {"weight": -14.70588, "source": "181", "target": "182"}, {"weight": -19.23077, "source": "182", "target": "183"}, {"weight": -22.72727, "source": "183", "target": "245"}, {"weight": -9.708738, "source": "245", "target": "246"}, {"weight": -4.032258, "source": "246", "target": "222"}, {"weight": -6.285355, "source": "220", "target": "221"}, {"weight": -3.081664, "source": "220", "target": "222"}]}