{"directed": false, "multigraph": false, "graph": {}, "nodes": [{"x": 160.0, "y": 260.0, "id": "289"}, {"x": 158.0, "y": 251.0, "id": "290"}, {"x": 155.0, "y": 254.0, "id": "135"}, {"x": 156.0, "y": 265.0, "id": "136"}, {"x": 153.0, "y": 241.0, "id": "137"}, {"x": 160.0, "y": 282.0, "id": "10"}, {"x": 158.0, "y": 274.0, "id": "11"}, {"x": 165.0, "y": 273.0, "id": "12"}, {"x": 169.0, "y": 263.0, "id": "271"}, {"x": 162.0, "y": 269.0, "id": "273"}], "links": [{"weight": -4.547522, "source": "289", "target": "273"}, {"weight": -5.26593, "source": "289", "target": "290"}, {"weight": -24.09639, "source": "290", "target": "137"}, {"weight": -5.07872, "source": "135", "target": "136"}, {"weight": -4.302926, "source": "135", "target": "137"}, {"weight": -4.308488, "source": "136", "target": "11"}, {"weight": -2.763194, "source": "10", "target": "11"}, {"weight": -3.425831, "source": "10", "target": "12"}, {"weight": -10.23541, "source": "12", "target": "271"}, {"weight": -2.935133, "source": "271", "target": "273"}]}