{"directed": false, "multigraph": false, "graph": {}, "nodes": [{"x": 208.0, "y": 212.0, "id": "33"}, {"x": 202.0, "y": 197.0, "id": "34"}, {"x": 213.0, "y": 225.0, "id": "35"}, {"x": 239.0, "y": 205.0, "id": "17"}, {"x": 239.0, "y": 229.0, "id": "146"}, {"x": 240.0, "y": 218.0, "id": "148"}, {"x": 230.0, "y": 229.0, "id": "149"}, {"x": 222.0, "y": 212.0, "id": "54"}, {"x": 233.0, "y": 195.0, "id": "55"}, {"x": 231.0, "y": 205.0, "id": "53"}, {"x": 221.0, "y": 228.0, "id": "252"}, {"x": 209.0, "y": 207.0, "id": "62"}, {"x": 216.0, "y": 210.0, "id": "63"}], "links": [{"weight": -2.087247, "source": "33", "target": "34"}, {"weight": -4.490346, "source": "33", "target": "35"}, {"weight": -7.022472, "source": "34", "target": "62"}, {"weight": -2.994012, "source": "35", "target": "252"}, {"weight": -9.090909, "source": "17", "target": "148"}, {"weight": -2.977963, "source": "17", "target": "55"}, {"weight": -2.398657, "source": "146", "target": "148"}, {"weight": -3.067485, "source": "146", "target": "149"}, {"weight": -2.649709, "source": "149", "target": "252"}, {"weight": -2.712968, "source": "54", "target": "53"}, {"weight": -6.711409, "source": "54", "target": "63"}, {"weight": -2.380952, "source": "55", "target": "53"}, {"weight": -22.32143, "source": "62", "target": "63"}]}