{"directed": false, "multigraph": false, "graph": {}, "nodes": [{"x": 226.0, "y": 257.0, "id": "196"}, {"x": 230.0, "y": 258.0, "id": "197"}, {"x": 240.0, "y": 252.0, "id": "326"}, {"x": 227.0, "y": 253.0, "id": "169"}, {"x": 223.0, "y": 251.0, "id": "41"}, {"x": 232.0, "y": 253.0, "id": "329"}, {"x": 242.0, "y": 258.0, "id": "18"}, {"x": 249.0, "y": 255.0, "id": "19"}, {"x": 235.0, "y": 257.0, "id": "20"}, {"x": 246.0, "y": 247.0, "id": "126"}], "links": [{"weight": -4.144219, "source": "196", "target": "41"}, {"weight": -6.896552, "source": "196", "target": "197"}, {"weight": -4.083299, "source": "197", "target": "169"}, {"weight": -3.142678, "source": "326", "target": "126"}, {"weight": -4.070004, "source": "326", "target": "329"}, {"weight": -2.588662, "source": "169", "target": "20"}, {"weight": -2.385496, "source": "41", "target": "329"}, {"weight": -4.361099, "source": "18", "target": "19"}, {"weight": -3.0012, "source": "18", "target": "20"}, {"weight": -2.471577, "source": "19", "target": "126"}]}