{"directed": false, "multigraph": false, "graph": {}, "nodes": [{"x": 22825.0, "y": 24439.0, "id": 26912}, {"x": 22832.0, "y": 24294.0, "id": 26913}, {"x": 22815.0, "y": 24223.0, "id": 26914}, {"x": 23067.0, "y": 24451.0, "id": 26948}, {"x": 22915.0, "y": 24282.0, "id": 26918}, {"x": 22878.0, "y": 24196.0, "id": 26919}, {"x": 22903.0, "y": 24365.0, "id": 26920}, {"x": 23194.0, "y": 24364.0, "id": 26953}, {"x": 23204.0, "y": 24221.0, "id": 26907}, {"x": 23170.0, "y": 24461.0, "id": 26971}, {"x": 23123.0, "y": 24288.0, "id": 26908}, {"x": 23008.0, "y": 24311.0, "id": 26909}, {"x": 22984.0, "y": 24377.0, "id": 26911}], "links": [{"weight": 1, "source": 26912, "target": 26920}, {"weight": 3, "source": 26913, "target": 26920}, {"weight": 5, "source": 26913, "target": 26914}, {"weight": 2, "source": 26913, "target": 26919}, {"weight": 1, "source": 26913, "target": 26918}, {"weight": 9, "source": 26914, "target": 26918}, {"weight": 6, "source": 26914, "target": 26919}, {"weight": 1, "source": 26948, "target": 26911}, {"weight": 2, "source": 26948, "target": 26971}, {"weight": 5, "source": 26918, "target": 26909}, {"weight": 1, "source": 26918, "target": 26911}, {"weight": 4, "source": 26918, "target": 26919}, {"weight": 1, "source": 26920, "target": 26909}, {"weight": 1, "source": 26953, "target": 26908}, {"weight": 1, "source": 26953, "target": 26971}, {"weight": 1, "source": 26907, "target": 26908}, {"weight": 1, "source": 26908, "target": 26909}], "similarity": "0.9082951062292475"}